<?xml version="1.0" encoding="UTF-8"?>
<class-scheme publication-date="2021-05-01" scheme-type="cpc" publication-type="official">
<classification-item breakdown-code="false" not-allocatable="true" level="5" additional-only="false" sort-key="C25F" definition-exists="true" date-revised="2013-01-01" status="published"><classification-symbol>C25F</classification-symbol><class-title date-revised="2013-01-01"><title-part><text>PROCESSES FOR THE ELECTROLYTIC REMOVAL OF MATERIALS FROM OBJECTS</text></title-part><title-part><text>APPARATUS THEREFOR</text></title-part></class-title><notes-and-warnings date-revised="2013-01-01"><note type="note"><note-paragraph>In this subclass, in the absence of an indication to the contrary, classification is made in the last appropriate place.</note-paragraph></note></notes-and-warnings>
<classification-item breakdown-code="false" not-allocatable="true" level="6" additional-only="false" sort-key="C25F1/00" date-revised="2013-01-01" status="published"><classification-symbol>C25F1/00</classification-symbol>
<classification-item breakdown-code="false" not-allocatable="false" level="7" additional-only="false" sort-key="C25F1/00" definition-exists="true" ipc-concordant="C25F1/00" c-set-base-allowed="false" c-set-subsequent-allowed="true" date-revised="2017-08-01" status="published"><classification-symbol>C25F1/00</classification-symbol><class-title date-revised="2017-08-01"><title-part><text>Electrolytic cleaning, degreasing, pickling or descaling</text></title-part></class-title>
<classification-item breakdown-code="false" not-allocatable="false" level="8" additional-only="false" sort-key="C25F1/02" definition-exists="false" ipc-concordant="C25F1/02" c-set-base-allowed="false" c-set-subsequent-allowed="true" date-revised="2017-08-01" status="published"><classification-symbol>C25F1/02</classification-symbol><class-title date-revised="2017-08-01"><title-part><text>Pickling</text></title-part><title-part><text>Descaling</text></title-part></class-title>
<classification-item breakdown-code="false" not-allocatable="false" level="9" additional-only="false" sort-key="C25F1/04" definition-exists="false" ipc-concordant="C25F1/04" c-set-base-allowed="false" c-set-subsequent-allowed="true" date-revised="2013-01-01" status="published"><classification-symbol>C25F1/04</classification-symbol><class-title date-revised="2013-01-01"><title-part><text>in solution</text></title-part></class-title>
<classification-item breakdown-code="false" not-allocatable="false" level="10" additional-only="false" sort-key="C25F1/06" definition-exists="false" ipc-concordant="C25F1/06" c-set-base-allowed="false" c-set-subsequent-allowed="true" date-revised="2013-01-01" status="published"><classification-symbol>C25F1/06</classification-symbol><class-title date-revised="2013-01-01"><title-part><text>Iron or steel</text></title-part></class-title></classification-item>
<classification-item breakdown-code="false" not-allocatable="false" level="10" additional-only="false" sort-key="C25F1/08" definition-exists="false" ipc-concordant="C25F1/08" c-set-base-allowed="false" c-set-subsequent-allowed="true" date-revised="2013-01-01" status="published"><classification-symbol>C25F1/08</classification-symbol><class-title date-revised="2013-01-01"><title-part><text>Refractory metals</text></title-part></class-title></classification-item>
<classification-item breakdown-code="false" not-allocatable="false" level="10" additional-only="false" sort-key="C25F1/10" definition-exists="false" ipc-concordant="C25F1/10" c-set-base-allowed="false" c-set-subsequent-allowed="true" date-revised="2013-01-01" status="published"><classification-symbol>C25F1/10</classification-symbol><class-title date-revised="2013-01-01"><title-part><text>Actinides</text></title-part></class-title></classification-item></classification-item>
<classification-item breakdown-code="false" not-allocatable="false" level="9" additional-only="false" sort-key="C25F1/12" definition-exists="false" ipc-concordant="C25F1/12" c-set-base-allowed="false" c-set-subsequent-allowed="true" date-revised="2013-01-01" status="published"><classification-symbol>C25F1/12</classification-symbol><class-title date-revised="2013-01-01"><title-part><text>in melts</text></title-part></class-title>
<classification-item breakdown-code="false" not-allocatable="false" level="10" additional-only="false" sort-key="C25F1/14" definition-exists="false" ipc-concordant="C25F1/14" c-set-base-allowed="false" c-set-subsequent-allowed="true" date-revised="2013-01-01" status="published"><classification-symbol>C25F1/14</classification-symbol><class-title date-revised="2013-01-01"><title-part><text>Iron or steel</text></title-part></class-title></classification-item>
<classification-item breakdown-code="false" not-allocatable="false" level="10" additional-only="false" sort-key="C25F1/16" definition-exists="false" ipc-concordant="C25F1/16" c-set-base-allowed="false" c-set-subsequent-allowed="true" date-revised="2013-01-01" status="published"><classification-symbol>C25F1/16</classification-symbol><class-title date-revised="2013-01-01"><title-part><text>Refractory metals</text></title-part></class-title></classification-item>
<classification-item breakdown-code="false" not-allocatable="false" level="10" additional-only="false" sort-key="C25F1/18" definition-exists="false" ipc-concordant="C25F1/18" c-set-base-allowed="false" c-set-subsequent-allowed="true" date-revised="2013-01-01" status="published"><classification-symbol>C25F1/18</classification-symbol><class-title date-revised="2013-01-01"><title-part><text>Actinides</text></title-part></class-title></classification-item></classification-item></classification-item></classification-item>
<classification-item breakdown-code="false" not-allocatable="false" level="7" additional-only="false" sort-key="C25F3/00" definition-exists="true" ipc-concordant="C25F3/00" c-set-base-allowed="false" c-set-subsequent-allowed="true" date-revised="2013-01-01" status="published"><classification-symbol>C25F3/00</classification-symbol><class-title date-revised="2013-01-01"><title-part><text>Electrolytic etching or polishing</text></title-part></class-title>
<classification-item breakdown-code="false" not-allocatable="false" level="8" additional-only="false" sort-key="C25F3/02" definition-exists="false" ipc-concordant="C25F3/02" c-set-base-allowed="false" c-set-subsequent-allowed="true" date-revised="2013-01-01" status="published"><classification-symbol>C25F3/02</classification-symbol><class-title date-revised="2013-01-01"><title-part><text>Etching</text></title-part></class-title>
<classification-item breakdown-code="false" not-allocatable="false" level="9" additional-only="false" sort-key="C25F3/04" definition-exists="false" ipc-concordant="C25F3/04" c-set-base-allowed="false" c-set-subsequent-allowed="true" date-revised="2013-01-01" status="published"><classification-symbol>C25F3/04</classification-symbol><class-title date-revised="2013-01-01"><title-part><text>of light metals</text></title-part></class-title></classification-item>
<classification-item breakdown-code="false" not-allocatable="false" level="9" additional-only="false" sort-key="C25F3/06" definition-exists="false" ipc-concordant="C25F3/06" c-set-base-allowed="false" c-set-subsequent-allowed="true" date-revised="2013-01-01" status="published"><classification-symbol>C25F3/06</classification-symbol><class-title date-revised="2013-01-01"><title-part><text>of iron or steel</text></title-part></class-title></classification-item>
<classification-item breakdown-code="false" not-allocatable="false" level="9" additional-only="false" sort-key="C25F3/08" definition-exists="false" ipc-concordant="C25F3/08" c-set-base-allowed="false" c-set-subsequent-allowed="true" date-revised="2013-01-01" status="published"><classification-symbol>C25F3/08</classification-symbol><class-title date-revised="2013-01-01"><title-part><text>of refractory metals</text></title-part></class-title></classification-item>
<classification-item breakdown-code="false" not-allocatable="false" level="9" additional-only="false" sort-key="C25F3/10" definition-exists="false" ipc-concordant="C25F3/10" c-set-base-allowed="false" c-set-subsequent-allowed="true" date-revised="2013-01-01" status="published"><classification-symbol>C25F3/10</classification-symbol><class-title date-revised="2013-01-01"><title-part><text>of actinides</text></title-part></class-title></classification-item>
<classification-item breakdown-code="false" not-allocatable="false" level="9" additional-only="false" sort-key="C25F3/12" definition-exists="true" ipc-concordant="C25F3/12" c-set-base-allowed="false" c-set-subsequent-allowed="true" date-revised="2013-01-01" status="published"><classification-symbol>C25F3/12</classification-symbol><class-title date-revised="2013-01-01"><title-part><text>of semiconducting materials</text></title-part></class-title></classification-item>
<classification-item breakdown-code="false" not-allocatable="false" level="9" additional-only="false" sort-key="C25F3/14" definition-exists="true" ipc-concordant="C25F3/14" c-set-base-allowed="false" c-set-subsequent-allowed="true" date-revised="2013-01-01" status="published"><classification-symbol>C25F3/14</classification-symbol><class-title date-revised="2013-01-01"><title-part><text>locally</text></title-part></class-title></classification-item></classification-item>
<classification-item breakdown-code="false" not-allocatable="false" level="8" additional-only="false" sort-key="C25F3/16" definition-exists="false" ipc-concordant="C25F3/16" c-set-base-allowed="false" c-set-subsequent-allowed="true" date-revised="2013-01-01" status="published"><classification-symbol>C25F3/16</classification-symbol><class-title date-revised="2013-01-01"><title-part><text>Polishing</text></title-part></class-title>
<classification-item breakdown-code="false" not-allocatable="false" level="9" additional-only="false" sort-key="C25F3/18" definition-exists="false" ipc-concordant="C25F3/18" c-set-base-allowed="false" c-set-subsequent-allowed="true" date-revised="2013-01-01" status="published"><classification-symbol>C25F3/18</classification-symbol><class-title date-revised="2013-01-01"><title-part><text>of light metals</text></title-part></class-title>
<classification-item breakdown-code="false" not-allocatable="false" level="10" additional-only="false" sort-key="C25F3/20" definition-exists="false" ipc-concordant="C25F3/20" c-set-base-allowed="false" c-set-subsequent-allowed="true" date-revised="2013-01-01" status="published"><classification-symbol>C25F3/20</classification-symbol><class-title date-revised="2013-01-01"><title-part><text>of aluminium</text></title-part></class-title></classification-item></classification-item>
<classification-item breakdown-code="false" not-allocatable="false" level="9" additional-only="false" sort-key="C25F3/22" definition-exists="false" ipc-concordant="C25F3/22" c-set-base-allowed="false" c-set-subsequent-allowed="true" date-revised="2013-01-01" status="published"><classification-symbol>C25F3/22</classification-symbol><class-title date-revised="2013-01-01"><title-part><text>of heavy metals</text></title-part></class-title>
<classification-item breakdown-code="false" not-allocatable="false" level="10" additional-only="false" sort-key="C25F3/24" definition-exists="false" ipc-concordant="C25F3/24" c-set-base-allowed="false" c-set-subsequent-allowed="true" date-revised="2013-01-01" status="published"><classification-symbol>C25F3/24</classification-symbol><class-title date-revised="2013-01-01"><title-part><text>of iron or steel</text></title-part></class-title></classification-item>
<classification-item breakdown-code="false" not-allocatable="false" level="10" additional-only="false" sort-key="C25F3/26" definition-exists="false" ipc-concordant="C25F3/26" c-set-base-allowed="false" c-set-subsequent-allowed="true" date-revised="2013-01-01" status="published"><classification-symbol>C25F3/26</classification-symbol><class-title date-revised="2013-01-01"><title-part><text>of refractory metals</text></title-part></class-title></classification-item>
<classification-item breakdown-code="false" not-allocatable="false" level="10" additional-only="false" sort-key="C25F3/28" definition-exists="false" ipc-concordant="C25F3/28" c-set-base-allowed="false" c-set-subsequent-allowed="true" date-revised="2013-01-01" status="published"><classification-symbol>C25F3/28</classification-symbol><class-title date-revised="2013-01-01"><title-part><text>of actinides</text></title-part></class-title></classification-item></classification-item>
<classification-item breakdown-code="false" not-allocatable="false" level="9" additional-only="false" sort-key="C25F3/30" definition-exists="true" ipc-concordant="C25F3/30" c-set-base-allowed="false" c-set-subsequent-allowed="true" date-revised="2013-01-01" status="published"><classification-symbol>C25F3/30</classification-symbol><class-title date-revised="2013-01-01"><title-part><text>of semiconducting materials</text></title-part></class-title></classification-item></classification-item></classification-item>
<classification-item breakdown-code="false" not-allocatable="false" level="7" additional-only="false" sort-key="C25F5/00" definition-exists="true" ipc-concordant="C25F5/00" c-set-base-allowed="false" c-set-subsequent-allowed="true" date-revised="2013-01-01" status="published"><classification-symbol>C25F5/00</classification-symbol><class-title date-revised="2013-01-01"><title-part><text>Electrolytic stripping of metallic layers or coatings</text></title-part></class-title></classification-item>
<classification-item breakdown-code="false" not-allocatable="false" level="7" additional-only="false" sort-key="C25F7/00" definition-exists="false" ipc-concordant="C25F7/00" c-set-base-allowed="false" c-set-subsequent-allowed="true" date-revised="2013-01-01" status="published"><classification-symbol>C25F7/00</classification-symbol><class-title date-revised="2013-01-01"><title-part><text>Constructional parts, or assemblies thereof, of cells for electrolytic removal of material from objects </text><reference><text>for both electrolytic coating and removal <class-ref scheme="cpc">C25D</class-ref></text></reference></title-part><title-part><text>Servicing or operating</text></title-part></class-title>
<classification-item breakdown-code="false" not-allocatable="false" level="8" additional-only="false" sort-key="C25F7/02" definition-exists="false" ipc-concordant="C25F7/02" c-set-base-allowed="false" c-set-subsequent-allowed="true" date-revised="2013-01-01" status="published"><classification-symbol>C25F7/02</classification-symbol><class-title date-revised="2013-01-01"><title-part><text>Regeneration of process liquids</text></title-part></class-title></classification-item></classification-item></classification-item></classification-item></class-scheme>