<?xml version="1.0" encoding="UTF-8"?>
<class-scheme publication-date="2021-05-01" scheme-type="cpc" publication-type="official">
<classification-item breakdown-code="false" not-allocatable="true" level="5" additional-only="false" sort-key="D03J" definition-exists="true" date-revised="2018-08-01" status="published"><classification-symbol>D03J</classification-symbol><class-title date-revised="2013-01-01"><title-part><text>AUXILIARY WEAVING APPARATUS</text></title-part><title-part><text>WEAVERS&apos; TOOLS</text></title-part><title-part><text>SHUTTLES</text></title-part></class-title><notes-and-warnings><note type="warning"><note-paragraph>In this subclass non-limiting references (in the sense of paragraph 39 of the Guide to the IPC) may still be displayed in the scheme.</note-paragraph></note></notes-and-warnings>
<classification-item breakdown-code="false" not-allocatable="true" level="6" additional-only="false" sort-key="D03J1/00" date-revised="2013-01-01" status="published"><classification-symbol>D03J1/00</classification-symbol>
<classification-item breakdown-code="false" not-allocatable="false" level="7" additional-only="false" sort-key="D03J1/00" definition-exists="true" ipc-concordant="D03J1/00" c-set-base-allowed="false" c-set-subsequent-allowed="true" date-revised="2013-01-01" status="published"><classification-symbol>D03J1/00</classification-symbol><class-title date-revised="2013-01-01"><title-part><text>Auxiliary apparatus combined with or associated with looms</text></title-part></class-title>
<classification-item breakdown-code="false" not-allocatable="false" level="8" additional-only="false" sort-key="D03J1/001" definition-exists="true" ipc-concordant="D03J1/00" c-set-base-allowed="false" c-set-subsequent-allowed="true" date-revised="2013-01-01" status="published"><classification-symbol>D03J1/001</classification-symbol><class-title date-revised="2013-01-01"><title-part><CPC-specific-text><text>Cloth or warp beam replacement</text></CPC-specific-text></title-part></class-title></classification-item>
<classification-item breakdown-code="false" not-allocatable="false" level="8" additional-only="false" sort-key="D03J1/002" definition-exists="true" ipc-concordant="D03J1/00" c-set-base-allowed="false" c-set-subsequent-allowed="true" date-revised="2013-01-01" status="published"><classification-symbol>D03J1/002</classification-symbol><class-title date-revised="2013-01-01"><title-part><CPC-specific-text><text>Climatic conditioning or removing lint or dust</text></CPC-specific-text></title-part></class-title></classification-item>
<classification-item breakdown-code="false" not-allocatable="false" level="8" additional-only="false" sort-key="D03J1/003" definition-exists="false" ipc-concordant="D03J1/00" c-set-base-allowed="false" c-set-subsequent-allowed="true" date-revised="2013-01-01" status="published"><classification-symbol>D03J1/003</classification-symbol><class-title date-revised="2013-01-01"><title-part><CPC-specific-text><text>Devices for lubricating machine parts</text></CPC-specific-text></title-part></class-title></classification-item>
<classification-item breakdown-code="false" not-allocatable="false" level="8" additional-only="false" sort-key="D03J1/004" definition-exists="false" ipc-concordant="D03J1/00" c-set-base-allowed="false" c-set-subsequent-allowed="true" date-revised="2013-01-01" status="published"><classification-symbol>D03J1/004</classification-symbol><class-title date-revised="2013-01-01"><title-part><CPC-specific-text><text>Detection and repair of broken warp yarns</text></CPC-specific-text></title-part></class-title></classification-item>
<classification-item breakdown-code="false" not-allocatable="false" level="8" additional-only="false" sort-key="D03J1/005" definition-exists="true" ipc-concordant="D03J1/00" c-set-base-allowed="false" c-set-subsequent-allowed="true" date-revised="2013-01-01" status="published"><classification-symbol>D03J1/005</classification-symbol><class-title date-revised="2013-01-01"><title-part><CPC-specific-text><text>Displays or displaying data</text></CPC-specific-text></title-part></class-title></classification-item>
<classification-item breakdown-code="false" not-allocatable="false" level="8" additional-only="false" sort-key="D03J1/006" definition-exists="true" ipc-concordant="D03J1/00" c-set-base-allowed="false" c-set-subsequent-allowed="true" date-revised="2013-01-01" status="published"><classification-symbol>D03J1/006</classification-symbol><class-title date-revised="2013-01-01"><title-part><CPC-specific-text><text>Controlling a group of looms</text></CPC-specific-text></title-part></class-title></classification-item>
<classification-item breakdown-code="false" not-allocatable="false" level="8" additional-only="false" sort-key="D03J1/007" definition-exists="true" ipc-concordant="D03J1/00" c-set-base-allowed="false" c-set-subsequent-allowed="true" date-revised="2013-01-01" status="published"><classification-symbol>D03J1/007</classification-symbol><class-title date-revised="2013-01-01"><title-part><CPC-specific-text><text>Fabric inspection on the loom and associated loom control</text></CPC-specific-text></title-part></class-title></classification-item>
<classification-item breakdown-code="false" not-allocatable="false" level="8" additional-only="false" sort-key="D03J1/008" definition-exists="true" ipc-concordant="D03J1/00" c-set-base-allowed="false" c-set-subsequent-allowed="true" date-revised="2016-11-01" status="published"><classification-symbol>D03J1/008</classification-symbol><class-title date-revised="2013-01-01"><title-part><CPC-specific-text><text>Cooling systems</text></CPC-specific-text></title-part></class-title></classification-item>
<classification-item breakdown-code="false" not-allocatable="false" level="8" additional-only="false" sort-key="D03J1/02" definition-exists="true" ipc-concordant="D03J1/02" c-set-base-allowed="false" c-set-subsequent-allowed="true" date-revised="2013-01-01" status="published"><classification-symbol>D03J1/02</classification-symbol><class-title date-revised="2013-01-01"><title-part><text>for treating warp, e.g. cleaning, moistening</text></title-part></class-title></classification-item>
<classification-item breakdown-code="false" not-allocatable="false" level="8" additional-only="false" sort-key="D03J1/04" definition-exists="true" ipc-concordant="D03J1/04" c-set-base-allowed="false" c-set-subsequent-allowed="true" date-revised="2013-01-01" status="published"><classification-symbol>D03J1/04</classification-symbol><class-title date-revised="2013-01-01"><title-part><text>for treating weft</text></title-part></class-title></classification-item>
<classification-item breakdown-code="false" not-allocatable="false" level="8" additional-only="false" sort-key="D03J1/06" definition-exists="false" ipc-concordant="D03J1/06" c-set-base-allowed="false" c-set-subsequent-allowed="true" date-revised="2013-01-01" status="published"><classification-symbol>D03J1/06</classification-symbol><class-title date-revised="2013-01-01"><title-part><text>for treating fabric </text><reference><text>cutting pile on the loom <class-ref scheme="cpc">D03D39/24</class-ref></text></reference></title-part></class-title>
<classification-item breakdown-code="false" not-allocatable="false" level="9" additional-only="false" sort-key="D03J1/08" definition-exists="true" ipc-concordant="D03J1/08" c-set-base-allowed="false" c-set-subsequent-allowed="true" date-revised="2013-01-01" status="published"><classification-symbol>D03J1/08</classification-symbol><class-title date-revised="2013-01-01"><title-part><text>for slitting fabric</text></title-part></class-title></classification-item></classification-item>
<classification-item breakdown-code="false" not-allocatable="false" level="8" additional-only="false" sort-key="D03J1/10" definition-exists="false" ipc-concordant="D03J1/10" c-set-base-allowed="false" c-set-subsequent-allowed="true" date-revised="2013-01-01" status="published"><classification-symbol>D03J1/10</classification-symbol><class-title date-revised="2013-01-01"><title-part><text>for indicating pattern to weaver</text></title-part></class-title></classification-item>
<classification-item breakdown-code="false" not-allocatable="false" level="8" additional-only="false" sort-key="D03J1/12" definition-exists="true" ipc-concordant="D03J1/12" c-set-base-allowed="false" c-set-subsequent-allowed="true" date-revised="2013-01-01" status="published"><classification-symbol>D03J1/12</classification-symbol><class-title date-revised="2013-01-01"><title-part><text>transferring bobbins between loom and winding station </text><reference><text>bobbin-winding machines <class-ref scheme="cpc">B65H</class-ref></text></reference></title-part></class-title></classification-item>
<classification-item breakdown-code="false" not-allocatable="false" level="8" additional-only="false" sort-key="D03J1/13" definition-exists="true" ipc-concordant="D03J1/13" c-set-base-allowed="false" c-set-subsequent-allowed="true" date-revised="2013-01-01" status="published"><classification-symbol>D03J1/13</classification-symbol><class-title date-revised="2013-01-01"><title-part><text>for leasing warp </text><reference><text>leasing in general <class-ref scheme="cpc">D02H9/00</class-ref></text></reference></title-part></class-title></classification-item>
<classification-item breakdown-code="false" not-allocatable="false" level="8" additional-only="false" sort-key="D03J1/14" definition-exists="false" ipc-concordant="D03J1/14" c-set-base-allowed="false" c-set-subsequent-allowed="true" date-revised="2013-01-01" status="published"><classification-symbol>D03J1/14</classification-symbol><class-title date-revised="2013-01-01"><title-part><text>Apparatus for threading warp stop-motion droppers, healds, or reeds</text></title-part></class-title></classification-item>
<classification-item breakdown-code="false" not-allocatable="false" level="8" additional-only="false" sort-key="D03J1/16" definition-exists="true" ipc-concordant="D03J1/16" c-set-base-allowed="false" c-set-subsequent-allowed="true" date-revised="2013-01-01" status="published"><classification-symbol>D03J1/16</classification-symbol><class-title date-revised="2013-01-01"><title-part><text>Apparatus for joining warp ends </text><reference><text>knot-tying tools <class-ref scheme="cpc">D03J3/00</class-ref></text></reference></title-part></class-title>
<classification-item breakdown-code="false" not-allocatable="false" level="9" additional-only="false" sort-key="D03J1/18" definition-exists="false" ipc-concordant="D03J1/18" c-set-base-allowed="false" c-set-subsequent-allowed="true" date-revised="2013-01-01" status="published"><classification-symbol>D03J1/18</classification-symbol><class-title date-revised="2013-01-01"><title-part><text>for joining, e.g. tying, a complete series of fresh warp threads to the used warp threads</text></title-part></class-title></classification-item></classification-item>
<classification-item breakdown-code="false" not-allocatable="false" level="8" additional-only="false" sort-key="D03J1/20" definition-exists="false" ipc-concordant="D03J1/20" c-set-base-allowed="false" c-set-subsequent-allowed="true" date-revised="2013-01-01" status="published"><classification-symbol>D03J1/20</classification-symbol><class-title date-revised="2013-01-01"><title-part><text>Measuring length of fabric or number of picks woven</text></title-part></class-title></classification-item>
<classification-item breakdown-code="false" not-allocatable="false" level="8" additional-only="false" sort-key="D03J1/22" definition-exists="true" ipc-concordant="D03J1/22" c-set-base-allowed="false" c-set-subsequent-allowed="true" date-revised="2013-01-01" status="published"><classification-symbol>D03J1/22</classification-symbol><class-title date-revised="2013-01-01"><title-part><text>Temples</text></title-part></class-title>
<classification-item breakdown-code="false" not-allocatable="false" level="9" additional-only="false" sort-key="D03J1/223" definition-exists="false" ipc-concordant="D03J1/22" c-set-base-allowed="false" c-set-subsequent-allowed="true" date-revised="2013-01-01" status="published"><classification-symbol>D03J1/223</classification-symbol><class-title date-revised="2013-01-01"><title-part><CPC-specific-text><text>acting on the full width of cloth</text></CPC-specific-text></title-part></class-title></classification-item>
<classification-item breakdown-code="false" not-allocatable="false" level="9" additional-only="false" sort-key="D03J1/226" definition-exists="false" ipc-concordant="D03J1/22" c-set-base-allowed="false" c-set-subsequent-allowed="true" date-revised="2013-01-01" status="published"><classification-symbol>D03J1/226</classification-symbol><class-title date-revised="2013-01-01"><title-part><CPC-specific-text><text>provided with a thread cutter</text></CPC-specific-text></title-part></class-title></classification-item></classification-item>
<classification-item breakdown-code="false" not-allocatable="false" level="8" additional-only="false" sort-key="D03J1/24" definition-exists="false" ipc-concordant="D03J1/24" c-set-base-allowed="false" c-set-subsequent-allowed="true" date-revised="2017-08-01" status="published"><classification-symbol>D03J1/24</classification-symbol><class-title date-revised="2017-08-01"><title-part><text>Mirrors or other arrangements for inspecting loom parts</text></title-part></class-title></classification-item></classification-item>
<classification-item breakdown-code="false" not-allocatable="false" level="7" additional-only="false" sort-key="D03J3/00" definition-exists="true" ipc-concordant="D03J3/00" c-set-base-allowed="false" c-set-subsequent-allowed="true" date-revised="2013-01-01" status="published"><classification-symbol>D03J3/00</classification-symbol><class-title date-revised="2013-01-01"><title-part><text>Weavers&apos; tools, e.g. knot-tying tools</text></title-part></class-title>
<classification-item breakdown-code="false" not-allocatable="false" level="8" additional-only="false" sort-key="D03J3/02" definition-exists="false" ipc-concordant="D03J3/02" c-set-base-allowed="false" c-set-subsequent-allowed="true" date-revised="2013-01-01" status="published"><classification-symbol>D03J3/02</classification-symbol><class-title date-revised="2013-01-01"><title-part><text>Reed and heald hooks</text></title-part></class-title></classification-item>
<classification-item breakdown-code="false" not-allocatable="false" level="8" additional-only="false" sort-key="D03J3/04" definition-exists="false" ipc-concordant="D03J3/04" c-set-base-allowed="false" c-set-subsequent-allowed="true" date-revised="2013-01-01" status="published"><classification-symbol>D03J3/04</classification-symbol><class-title date-revised="2013-01-01"><title-part><text>Shuttle-threading tools </text><reference><text>threading devices in shuttles <class-ref scheme="cpc">D03J5/20</class-ref></text></reference></title-part></class-title></classification-item></classification-item>
<classification-item breakdown-code="false" not-allocatable="false" level="7" additional-only="false" sort-key="D03J5/00" definition-exists="true" ipc-concordant="D03J5/00" c-set-base-allowed="false" c-set-subsequent-allowed="true" date-revised="2013-01-01" status="published"><classification-symbol>D03J5/00</classification-symbol><class-title date-revised="2013-01-01"><title-part><text>Shuttles </text><reference><text>swivel shuttles <class-ref scheme="cpc">D03D31/00</class-ref>; shuttles for smallware looms <class-ref scheme="cpc">D03D35/00</class-ref>; circular loom shuttles <class-ref scheme="cpc">D03D37/00</class-ref>; selvedge shuttles <class-ref scheme="cpc">D03D47/46</class-ref></text></reference></title-part></class-title>
<classification-item breakdown-code="false" not-allocatable="false" level="8" additional-only="false" sort-key="D03J5/02" definition-exists="false" ipc-concordant="D03J5/02" c-set-base-allowed="false" c-set-subsequent-allowed="true" date-revised="2013-01-01" status="published"><classification-symbol>D03J5/02</classification-symbol><class-title date-revised="2013-01-01"><title-part><text>Construction of shuttle body</text></title-part></class-title>
<classification-item breakdown-code="false" not-allocatable="false" level="9" additional-only="false" sort-key="D03J5/04" definition-exists="false" ipc-concordant="D03J5/04" c-set-base-allowed="false" c-set-subsequent-allowed="true" date-revised="2013-01-01" status="published"><classification-symbol>D03J5/04</classification-symbol><class-title date-revised="2013-01-01"><title-part><text>Shuttle tips</text></title-part></class-title></classification-item></classification-item>
<classification-item breakdown-code="false" not-allocatable="false" level="8" additional-only="false" sort-key="D03J5/06" definition-exists="false" ipc-concordant="D03J5/06" c-set-base-allowed="false" c-set-subsequent-allowed="true" date-revised="2013-01-01" status="published"><classification-symbol>D03J5/06</classification-symbol><class-title date-revised="2013-01-01"><title-part><text>Dummy shuttles</text></title-part><title-part><text>Gripper shuttles</text></title-part></class-title>
<classification-item breakdown-code="false" not-allocatable="false" level="9" additional-only="false" sort-key="D03J5/065" definition-exists="false" ipc-concordant="D03J5/06" c-set-base-allowed="false" c-set-subsequent-allowed="true" date-revised="2013-01-01" status="published"><classification-symbol>D03J5/065</classification-symbol><class-title date-revised="2013-01-01"><title-part><CPC-specific-text><text>for travelling-wave-shed looms</text></CPC-specific-text></title-part></class-title></classification-item></classification-item>
<classification-item breakdown-code="false" not-allocatable="false" level="8" additional-only="false" sort-key="D03J5/08" definition-exists="false" ipc-concordant="D03J5/08" c-set-base-allowed="false" c-set-subsequent-allowed="true" date-revised="2013-01-01" status="published"><classification-symbol>D03J5/08</classification-symbol><class-title date-revised="2013-01-01"><title-part><text>Supports for pirns, bobbins, or cops</text></title-part></class-title>
<classification-item breakdown-code="false" not-allocatable="false" level="9" additional-only="false" sort-key="D03J5/10" definition-exists="false" ipc-concordant="D03J5/10" c-set-base-allowed="false" c-set-subsequent-allowed="true" date-revised="2013-01-01" status="published"><classification-symbol>D03J5/10</classification-symbol><class-title date-revised="2013-01-01"><title-part><text>Pegs or spindles</text></title-part></class-title>
<classification-item breakdown-code="false" not-allocatable="false" level="10" additional-only="false" sort-key="D03J5/12" definition-exists="false" ipc-concordant="D03J5/12" c-set-base-allowed="false" c-set-subsequent-allowed="true" date-revised="2013-01-01" status="published"><classification-symbol>D03J5/12</classification-symbol><class-title date-revised="2013-01-01"><title-part><text>removable</text></title-part></class-title></classification-item>
<classification-item breakdown-code="false" not-allocatable="false" level="10" additional-only="false" sort-key="D03J5/14" definition-exists="false" ipc-concordant="D03J5/14" c-set-base-allowed="false" c-set-subsequent-allowed="true" date-revised="2013-01-01" status="published"><classification-symbol>D03J5/14</classification-symbol><class-title date-revised="2013-01-01"><title-part><text>pivoted</text></title-part></class-title></classification-item></classification-item>
<classification-item breakdown-code="false" not-allocatable="false" level="9" additional-only="false" sort-key="D03J5/16" definition-exists="false" ipc-concordant="D03J5/16" c-set-base-allowed="false" c-set-subsequent-allowed="true" date-revised="2013-01-01" status="published"><classification-symbol>D03J5/16</classification-symbol><class-title date-revised="2013-01-01"><title-part><text>Bobbin clamps, e.g. for automatic bobbin-changing loom shuttles</text></title-part></class-title></classification-item>
<classification-item breakdown-code="false" not-allocatable="false" level="9" additional-only="false" sort-key="D03J5/18" definition-exists="false" ipc-concordant="D03J5/18" c-set-base-allowed="false" c-set-subsequent-allowed="true" date-revised="2013-01-01" status="published"><classification-symbol>D03J5/18</classification-symbol><class-title date-revised="2013-01-01"><title-part><text>for coreless cops, i.e. shuttles having no peg or bobbin clamp</text></title-part></class-title></classification-item></classification-item>
<classification-item breakdown-code="false" not-allocatable="false" level="8" additional-only="false" sort-key="D03J5/20" definition-exists="false" ipc-concordant="D03J5/20" c-set-base-allowed="false" c-set-subsequent-allowed="true" date-revised="2013-01-01" status="published"><classification-symbol>D03J5/20</classification-symbol><class-title date-revised="2013-01-01"><title-part><text>Devices in shuttles for threading </text><reference><text>separate tools for threading shuttles <class-ref scheme="cpc">D03J3/04</class-ref></text></reference></title-part></class-title>
<classification-item breakdown-code="false" not-allocatable="false" level="9" additional-only="false" sort-key="D03J5/22" definition-exists="false" ipc-concordant="D03J5/22" c-set-base-allowed="false" c-set-subsequent-allowed="true" date-revised="2013-01-01" status="published"><classification-symbol>D03J5/22</classification-symbol><class-title date-revised="2013-01-01"><title-part><text>for self-threading, i.e. threading automatically when shuttle is picked</text></title-part></class-title></classification-item></classification-item>
<classification-item breakdown-code="false" not-allocatable="false" level="8" additional-only="false" sort-key="D03J5/24" definition-exists="false" ipc-concordant="D03J5/24" c-set-base-allowed="false" c-set-subsequent-allowed="true" date-revised="2013-01-01" status="published"><classification-symbol>D03J5/24</classification-symbol><class-title date-revised="2013-01-01"><title-part><text>Tension devices</text></title-part></class-title></classification-item></classification-item></classification-item>
<classification-item breakdown-code="false" not-allocatable="true" level="6" additional-only="true" sort-key="D03J700/00" date-revised="2013-01-01" status="published"><classification-symbol>D03J2700/00</classification-symbol>
<classification-item breakdown-code="true" not-allocatable="false" level="7" additional-only="true" sort-key="D03J700/00" definition-exists="false" ipc-concordant="CPCONLY" c-set-base-allowed="false" c-set-subsequent-allowed="true" date-revised="2013-01-01" status="published"><classification-symbol>D03J2700/00</classification-symbol><class-title date-revised="2013-01-01"><title-part><text>Auxiliary apparatus associated with looms</text></title-part><title-part><text>Weavening combined with other operations</text></title-part><title-part><text>Shuttles</text></title-part></class-title>
<classification-item breakdown-code="true" not-allocatable="false" level="8" additional-only="true" sort-key="D03J700/02" definition-exists="false" ipc-concordant="CPCONLY" c-set-base-allowed="false" c-set-subsequent-allowed="true" date-revised="2013-01-01" status="published"><classification-symbol>D03J2700/02</classification-symbol><class-title date-revised="2013-01-01"><title-part><text>Treatment of the weaving material on the loom, e.g. sizing, humidifying, cleaning</text></title-part></class-title></classification-item>
<classification-item breakdown-code="true" not-allocatable="false" level="8" additional-only="true" sort-key="D03J700/04" definition-exists="false" ipc-concordant="CPCONLY" c-set-base-allowed="false" c-set-subsequent-allowed="true" date-revised="2013-01-01" status="published"><classification-symbol>D03J2700/04</classification-symbol><class-title date-revised="2013-01-01"><title-part><text>Efficiency control of looms</text></title-part></class-title></classification-item>
<classification-item breakdown-code="true" not-allocatable="false" level="8" additional-only="true" sort-key="D03J700/06" definition-exists="false" ipc-concordant="CPCONLY" c-set-base-allowed="false" c-set-subsequent-allowed="true" date-revised="2013-01-01" status="published"><classification-symbol>D03J2700/06</classification-symbol><class-title date-revised="2013-01-01"><title-part><text>Auxiliary devices for inspecting, counting or measuring</text></title-part></class-title></classification-item>
<classification-item breakdown-code="true" not-allocatable="false" level="8" additional-only="true" sort-key="D03J700/10" definition-exists="false" ipc-concordant="CPCONLY" c-set-base-allowed="false" c-set-subsequent-allowed="true" date-revised="2013-01-01" status="published"><classification-symbol>D03J2700/10</classification-symbol><class-title date-revised="2013-01-01"><title-part><text>Shuttles</text></title-part></class-title>
<classification-item breakdown-code="true" not-allocatable="false" level="9" additional-only="true" sort-key="D03J700/12" definition-exists="false" ipc-concordant="CPCONLY" c-set-base-allowed="false" c-set-subsequent-allowed="true" date-revised="2013-01-01" status="published"><classification-symbol>D03J2700/12</classification-symbol><class-title date-revised="2013-01-01"><title-part><text>for automatic bobbin changing</text></title-part></class-title></classification-item>
<classification-item breakdown-code="true" not-allocatable="false" level="9" additional-only="true" sort-key="D03J700/14" definition-exists="false" ipc-concordant="CPCONLY" c-set-base-allowed="false" c-set-subsequent-allowed="true" date-revised="2013-01-01" status="published"><classification-symbol>D03J2700/14</classification-symbol><class-title date-revised="2013-01-01"><title-part><text>Gripper shuttles</text></title-part></class-title>
<classification-item breakdown-code="true" not-allocatable="false" level="10" additional-only="true" sort-key="D03J700/16" definition-exists="false" ipc-concordant="CPCONLY" c-set-base-allowed="false" c-set-subsequent-allowed="true" date-revised="2013-01-01" status="published"><classification-symbol>D03J2700/16</classification-symbol><class-title date-revised="2013-01-01"><title-part><text>with warp or weft stop motion</text></title-part></class-title></classification-item></classification-item></classification-item></classification-item></classification-item></classification-item></class-scheme>