<?xml version="1.0" encoding="UTF-8"?>
<class-scheme publication-date="2021-05-01" scheme-type="cpc" publication-type="official">
<classification-item breakdown-code="false" not-allocatable="true" level="5" additional-only="false" sort-key="B60M" definition-exists="true" date-revised="2018-08-01" status="published"><classification-symbol>B60M</classification-symbol><class-title date-revised="2013-01-01"><title-part><text>POWER SUPPLY LINES, AND DEVICES ALONG RAILS, FOR ELECTRICALLY- PROPELLED VEHICLES </text><reference><text>control of points and safety arrangements along railway lines <class-ref scheme="cpc">B61L</class-ref>; construction of rails and points in general <class-ref scheme="cpc">E01B</class-ref></text></reference></title-part></class-title><notes-and-warnings date-revised="2013-01-01"><note type="note"><note-paragraph>This subclass deals with: <subnote type="bullet"><note-paragraph>overhead, overground or underground power supply lines; their crossings and points, erection and supervision;</note-paragraph><note-paragraph>devices along rails and rail joints, for current conduction and for insulation;</note-paragraph><note-paragraph>safety devices along the route against earth currents and inductive interference with nearby communication lines</note-paragraph></subnote></note-paragraph></note><note type="warning"><note-paragraph>In this subclass non-limiting references (in the sense of paragraph 39 of the Guide to the IPC) may still be displayed in the scheme.</note-paragraph></note></notes-and-warnings>
<classification-item breakdown-code="false" not-allocatable="true" level="6" additional-only="false" sort-key="B60M1/00" date-revised="2013-01-01" status="published"><classification-symbol>B60M1/00</classification-symbol>
<classification-item breakdown-code="false" not-allocatable="false" level="7" additional-only="false" sort-key="B60M1/00" definition-exists="true" ipc-concordant="B60M1/00" c-set-base-allowed="false" c-set-subsequent-allowed="true" date-revised="2013-01-01" status="published"><classification-symbol>B60M1/00</classification-symbol><class-title date-revised="2013-01-01"><title-part><text>Power supply lines for contact with collector on vehicle </text><reference><text>collectors therefor <class-ref scheme="cpc">B60L5/00</class-ref></text></reference></title-part></class-title>
<classification-item breakdown-code="false" not-allocatable="false" level="8" additional-only="false" sort-key="B60M1/02" definition-exists="false" ipc-concordant="B60M1/02" c-set-base-allowed="false" c-set-subsequent-allowed="true" date-revised="2013-01-01" status="published"><classification-symbol>B60M1/02</classification-symbol><class-title date-revised="2013-01-01"><title-part><text>Details</text></title-part></class-title>
<classification-item breakdown-code="false" not-allocatable="false" level="9" additional-only="false" sort-key="B60M1/04" definition-exists="false" ipc-concordant="B60M1/04" c-set-base-allowed="false" c-set-subsequent-allowed="true" date-revised="2013-01-01" status="published"><classification-symbol>B60M1/04</classification-symbol><class-title date-revised="2013-01-01"><title-part><text>Mechanical protection of line</text></title-part><title-part><text>Protection against contact by living beings</text></title-part></class-title></classification-item>
<classification-item breakdown-code="false" not-allocatable="false" level="9" additional-only="false" sort-key="B60M1/06" definition-exists="true" ipc-concordant="B60M1/06" c-set-base-allowed="false" c-set-subsequent-allowed="true" date-revised="2017-08-01" status="published"><classification-symbol>B60M1/06</classification-symbol><class-title date-revised="2017-08-01"><title-part><text>Arrangements along the power lines for reducing interference in nearby communication lines </text><reference><text>in general <class-ref scheme="cpc">H04B15/02</class-ref></text></reference></title-part></class-title></classification-item>
<classification-item breakdown-code="false" not-allocatable="false" level="9" additional-only="false" sort-key="B60M1/08" definition-exists="false" ipc-concordant="B60M1/08" c-set-base-allowed="false" c-set-subsequent-allowed="true" date-revised="2013-01-01" status="published"><classification-symbol>B60M1/08</classification-symbol><class-title date-revised="2013-01-01"><title-part><text>Arrangements for energising and de-energising power line sections using mechanical actuation by the passing vehicle</text></title-part></class-title></classification-item>
<classification-item breakdown-code="false" not-allocatable="false" level="9" additional-only="false" sort-key="B60M1/10" definition-exists="false" ipc-concordant="B60M1/10" c-set-base-allowed="false" c-set-subsequent-allowed="true" date-revised="2013-01-01" status="published"><classification-symbol>B60M1/10</classification-symbol><class-title date-revised="2013-01-01"><title-part><text>Arrangements for energising and de-energising power line sections using magnetic actuation by the passing vehicle</text></title-part></class-title>
<classification-item breakdown-code="false" not-allocatable="false" level="10" additional-only="false" sort-key="B60M1/103" definition-exists="false" ipc-concordant="B60M1/10" c-set-base-allowed="false" c-set-subsequent-allowed="true" date-revised="2013-01-01" status="published"><classification-symbol>B60M1/103</classification-symbol><class-title date-revised="2013-01-01"><title-part><CPC-specific-text><text>by vehicle-borne magnets</text></CPC-specific-text></title-part></class-title></classification-item>
<classification-item breakdown-code="false" not-allocatable="false" level="10" additional-only="false" sort-key="B60M1/106" definition-exists="false" ipc-concordant="B60M1/10" c-set-base-allowed="false" c-set-subsequent-allowed="true" date-revised="2013-01-01" status="published"><classification-symbol>B60M1/106</classification-symbol><class-title date-revised="2013-01-01"><title-part><CPC-specific-text><text>by track-mounted magnets</text></CPC-specific-text></title-part></class-title></classification-item></classification-item></classification-item>
<classification-item breakdown-code="false" not-allocatable="false" level="8" additional-only="false" sort-key="B60M1/12" definition-exists="false" ipc-concordant="B60M1/12" c-set-base-allowed="false" c-set-subsequent-allowed="true" date-revised="2013-01-01" status="published"><classification-symbol>B60M1/12</classification-symbol><class-title date-revised="2013-01-01"><title-part><text>Trolley lines</text></title-part><title-part><text>Accessories therefor</text></title-part></class-title>
<classification-item breakdown-code="false" not-allocatable="false" level="9" additional-only="false" sort-key="B60M1/13" definition-exists="false" ipc-concordant="B60M1/13" c-set-base-allowed="false" c-set-subsequent-allowed="true" date-revised="2013-01-01" status="published"><classification-symbol>B60M1/13</classification-symbol><class-title date-revised="2013-01-01"><title-part><text>Trolley wires</text></title-part></class-title>
<classification-item breakdown-code="false" not-allocatable="false" level="10" additional-only="false" sort-key="B60M1/135" definition-exists="false" ipc-concordant="B60M1/13" c-set-base-allowed="false" c-set-subsequent-allowed="true" date-revised="2013-01-01" status="published"><classification-symbol>B60M1/135</classification-symbol><class-title date-revised="2013-01-01"><title-part><CPC-specific-text><text>composite</text></CPC-specific-text></title-part></class-title></classification-item></classification-item>
<classification-item breakdown-code="false" not-allocatable="false" level="9" additional-only="false" sort-key="B60M1/14" definition-exists="false" ipc-concordant="B60M1/14" c-set-base-allowed="false" c-set-subsequent-allowed="true" date-revised="2013-01-01" status="published"><classification-symbol>B60M1/14</classification-symbol><class-title date-revised="2013-01-01"><title-part><text>Crossings</text></title-part><title-part><text>Points</text></title-part></class-title></classification-item>
<classification-item breakdown-code="false" not-allocatable="false" level="9" additional-only="false" sort-key="B60M1/16" definition-exists="true" ipc-concordant="B60M1/16" c-set-base-allowed="false" c-set-subsequent-allowed="true" date-revised="2013-01-01" status="published"><classification-symbol>B60M1/16</classification-symbol><class-title date-revised="2013-01-01"><title-part><text>Suspension insulators </text><reference><text>in general <class-ref scheme="cpc">H01B</class-ref></text></reference></title-part></class-title></classification-item>
<classification-item breakdown-code="false" not-allocatable="false" level="9" additional-only="false" sort-key="B60M1/18" definition-exists="false" ipc-concordant="B60M1/18" c-set-base-allowed="false" c-set-subsequent-allowed="true" date-revised="2013-01-01" status="published"><classification-symbol>B60M1/18</classification-symbol><class-title date-revised="2013-01-01"><title-part><text>Section insulators</text></title-part><title-part><text>Section switches</text></title-part></class-title></classification-item>
<classification-item breakdown-code="false" not-allocatable="false" level="9" additional-only="false" sort-key="B60M1/20" definition-exists="false" ipc-concordant="B60M1/20" c-set-base-allowed="false" c-set-subsequent-allowed="true" date-revised="2013-01-01" status="published"><classification-symbol>B60M1/20</classification-symbol><class-title date-revised="2013-01-01"><title-part><text>Arrangements for supporting or suspending trolley wires, e.g. from buildings</text></title-part></class-title>
<classification-item breakdown-code="false" not-allocatable="false" level="10" additional-only="false" sort-key="B60M1/22" definition-exists="false" ipc-concordant="B60M1/22" c-set-base-allowed="false" c-set-subsequent-allowed="true" date-revised="2013-01-01" status="published"><classification-symbol>B60M1/22</classification-symbol><class-title date-revised="2013-01-01"><title-part><text>Separate lines from which power lines are suspended, e.g. catenary lines, supporting-lines under tension</text></title-part></class-title></classification-item>
<classification-item breakdown-code="false" not-allocatable="false" level="10" additional-only="false" sort-key="B60M1/225" definition-exists="false" ipc-concordant="B60M1/225" c-set-base-allowed="false" c-set-subsequent-allowed="true" date-revised="2013-01-01" status="published"><classification-symbol>B60M1/225</classification-symbol><class-title date-revised="2013-01-01"><title-part><text>Arrangements for fixing trolley wires to supporting-lines which are under tension</text></title-part></class-title></classification-item>
<classification-item breakdown-code="false" not-allocatable="false" level="10" additional-only="false" sort-key="B60M1/23" definition-exists="false" ipc-concordant="B60M1/23" c-set-base-allowed="false" c-set-subsequent-allowed="true" date-revised="2013-01-01" status="published"><classification-symbol>B60M1/23</classification-symbol><class-title date-revised="2013-01-01"><title-part><text>Arrangements for suspending trolley wires from catenary line</text></title-part></class-title></classification-item>
<classification-item breakdown-code="false" not-allocatable="false" level="10" additional-only="false" sort-key="B60M1/234" definition-exists="true" ipc-concordant="B60M1/234" c-set-base-allowed="false" c-set-subsequent-allowed="true" date-revised="2013-01-01" status="published"><classification-symbol>B60M1/234</classification-symbol><class-title date-revised="2013-01-01"><title-part><text>incorporating yielding means or damping means </text><reference><text>supporting wires <class-ref scheme="cpc">B60M1/22</class-ref></text></reference></title-part></class-title></classification-item>
<classification-item breakdown-code="false" not-allocatable="false" level="10" additional-only="false" sort-key="B60M1/24" definition-exists="false" ipc-concordant="B60M1/24" c-set-base-allowed="false" c-set-subsequent-allowed="true" date-revised="2013-01-01" status="published"><classification-symbol>B60M1/24</classification-symbol><class-title date-revised="2013-01-01"><title-part><text>Clamps</text></title-part><title-part><text>Splicers</text></title-part><title-part><text>Anchor tips</text></title-part></class-title></classification-item></classification-item>
<classification-item breakdown-code="false" not-allocatable="false" level="9" additional-only="false" sort-key="B60M1/26" definition-exists="false" ipc-concordant="B60M1/26" c-set-base-allowed="false" c-set-subsequent-allowed="true" date-revised="2013-01-01" status="published"><classification-symbol>B60M1/26</classification-symbol><class-title date-revised="2013-01-01"><title-part><text>Compensation means for variation in length</text></title-part></class-title></classification-item>
<classification-item breakdown-code="false" not-allocatable="false" level="9" additional-only="false" sort-key="B60M1/28" definition-exists="true" ipc-concordant="B60M1/28" c-set-base-allowed="false" c-set-subsequent-allowed="true" date-revised="2013-01-01" status="published"><classification-symbol>B60M1/28</classification-symbol><class-title date-revised="2013-01-01"><title-part><text>Manufacturing or repairing trolley lines </text><reference><text>scaffold cars <class-ref scheme="cpc">B60P</class-ref>; <class-ref scheme="cpc">B61D15/00</class-ref>; platforms therefor <class-ref scheme="cpc">B66F11/04</class-ref>; manufacturing conductors in general <class-ref scheme="cpc">H01B13/00</class-ref>; overhead lines in general <class-ref scheme="cpc">H02G1/00</class-ref></text></reference></title-part></class-title></classification-item></classification-item>
<classification-item breakdown-code="false" not-allocatable="false" level="8" additional-only="false" sort-key="B60M1/30" definition-exists="false" ipc-concordant="B60M1/30" c-set-base-allowed="false" c-set-subsequent-allowed="true" date-revised="2013-01-01" status="published"><classification-symbol>B60M1/30</classification-symbol><class-title date-revised="2013-01-01"><title-part><text>Power rails</text></title-part></class-title>
<classification-item breakdown-code="false" not-allocatable="false" level="9" additional-only="false" sort-key="B60M1/302" definition-exists="false" ipc-concordant="B60M1/30" c-set-base-allowed="false" c-set-subsequent-allowed="true" date-revised="2013-01-01" status="published"><classification-symbol>B60M1/302</classification-symbol><class-title date-revised="2013-01-01"><title-part><CPC-specific-text><text>composite</text></CPC-specific-text></title-part></class-title></classification-item>
<classification-item breakdown-code="false" not-allocatable="false" level="9" additional-only="false" sort-key="B60M1/305" definition-exists="false" ipc-concordant="B60M1/30" c-set-base-allowed="false" c-set-subsequent-allowed="true" date-revised="2013-01-01" status="published"><classification-symbol>B60M1/305</classification-symbol><class-title date-revised="2013-01-01"><title-part><CPC-specific-text><text>Joints</text></CPC-specific-text></title-part></class-title></classification-item>
<classification-item breakdown-code="false" not-allocatable="false" level="9" additional-only="false" sort-key="B60M1/307" definition-exists="false" ipc-concordant="B60M1/30" c-set-base-allowed="false" c-set-subsequent-allowed="true" date-revised="2013-01-01" status="published"><classification-symbol>B60M1/307</classification-symbol><class-title date-revised="2013-01-01"><title-part><CPC-specific-text><text>Supports</text></CPC-specific-text></title-part></class-title></classification-item>
<classification-item breakdown-code="false" not-allocatable="false" level="9" additional-only="false" sort-key="B60M1/32" definition-exists="true" ipc-concordant="B60M1/32" c-set-base-allowed="false" c-set-subsequent-allowed="true" date-revised="2013-01-01" status="published"><classification-symbol>B60M1/32</classification-symbol><class-title date-revised="2013-01-01"><title-part><text>Crossings</text></title-part><title-part><text>Points </text><reference><text><class-ref scheme="cpc">B60M1/34</class-ref> takes precedence</text></reference></title-part></class-title></classification-item>
<classification-item breakdown-code="false" not-allocatable="false" level="9" additional-only="false" sort-key="B60M1/34" definition-exists="false" ipc-concordant="B60M1/34" c-set-base-allowed="false" c-set-subsequent-allowed="true" date-revised="2013-01-01" status="published"><classification-symbol>B60M1/34</classification-symbol><class-title date-revised="2013-01-01"><title-part><text>in slotted conduits</text></title-part></class-title>
<classification-item breakdown-code="false" not-allocatable="false" level="10" additional-only="false" sort-key="B60M1/343" definition-exists="false" ipc-concordant="B60M1/34" c-set-base-allowed="false" c-set-subsequent-allowed="true" date-revised="2013-01-01" status="published"><classification-symbol>B60M1/343</classification-symbol><class-title date-revised="2013-01-01"><title-part><CPC-specific-text><text>Crossings; Points</text></CPC-specific-text></title-part></class-title></classification-item>
<classification-item breakdown-code="false" not-allocatable="false" level="10" additional-only="false" sort-key="B60M1/346" definition-exists="false" ipc-concordant="B60M1/34" c-set-base-allowed="false" c-set-subsequent-allowed="true" date-revised="2013-01-01" status="published"><classification-symbol>B60M1/346</classification-symbol><class-title date-revised="2013-01-01"><title-part><CPC-specific-text><text>Joints</text></CPC-specific-text></title-part></class-title></classification-item></classification-item></classification-item>
<classification-item breakdown-code="false" not-allocatable="false" level="8" additional-only="false" sort-key="B60M1/36" definition-exists="false" ipc-concordant="B60M1/36" c-set-base-allowed="false" c-set-subsequent-allowed="true" date-revised="2013-01-01" status="published"><classification-symbol>B60M1/36</classification-symbol><class-title date-revised="2013-01-01"><title-part><text>Single contact pieces along the line for power supply</text></title-part></class-title></classification-item></classification-item>
<classification-item breakdown-code="false" not-allocatable="false" level="7" additional-only="false" sort-key="B60M3/00" definition-exists="true" ipc-concordant="B60M3/00" c-set-base-allowed="false" c-set-subsequent-allowed="true" date-revised="2013-01-01" status="published"><classification-symbol>B60M3/00</classification-symbol><class-title date-revised="2013-01-01"><title-part><text>Feeding power to supply lines in contact with collector on vehicles</text></title-part><title-part><text>Arrangements for consuming regenerative power </text><reference><text>controlling rail vehicles by varying voltage of power fed to vehicle <class-ref scheme="cpc">B60L</class-ref>; power distribution in general <class-ref scheme="cpc">H02J</class-ref></text></reference></title-part></class-title>
<classification-item breakdown-code="false" not-allocatable="false" level="8" additional-only="false" sort-key="B60M3/02" definition-exists="true" ipc-concordant="B60M3/02" c-set-base-allowed="false" c-set-subsequent-allowed="true" date-revised="2013-01-01" status="published"><classification-symbol>B60M3/02</classification-symbol><class-title date-revised="2013-01-01"><title-part><text>with means for maintaining voltage within a predetermined range </text><reference><text>in general <class-ref scheme="cpc">G05F</class-ref></text></reference></title-part></class-title></classification-item>
<classification-item breakdown-code="false" not-allocatable="false" level="8" additional-only="false" sort-key="B60M3/04" definition-exists="true" ipc-concordant="B60M3/04" c-set-base-allowed="false" c-set-subsequent-allowed="true" date-revised="2013-01-01" status="published"><classification-symbol>B60M3/04</classification-symbol><class-title date-revised="2013-01-01"><title-part><text>Arrangements for cutting in and out of individual track sections </text><reference><text>by passage of the vehicle <class-ref scheme="cpc">B60M1/10</class-ref></text></reference></title-part></class-title></classification-item>
<classification-item breakdown-code="false" not-allocatable="false" level="8" additional-only="false" sort-key="B60M3/06" definition-exists="false" ipc-concordant="B60M3/06" c-set-base-allowed="false" c-set-subsequent-allowed="true" date-revised="2013-01-01" status="published"><classification-symbol>B60M3/06</classification-symbol><class-title date-revised="2013-01-01"><title-part><text>Arrangements for consuming regenerative power</text></title-part></class-title></classification-item></classification-item>
<classification-item breakdown-code="false" not-allocatable="false" level="7" additional-only="false" sort-key="B60M5/00" definition-exists="true" ipc-concordant="B60M5/00" c-set-base-allowed="false" c-set-subsequent-allowed="true" date-revised="2013-01-01" status="published"><classification-symbol>B60M5/00</classification-symbol><class-title date-revised="2013-01-01"><title-part><text>Arrangements along running rails or at joints thereof for current conduction or insulation, e.g. safety devices for reducing earth currents </text><reference><text>insulating rail joints <class-ref scheme="cpc">E01B11/54</class-ref>; conductive connections between rails in general <class-ref scheme="cpc">H01R3/00</class-ref>, <class-ref scheme="cpc">H01R4/00</class-ref>, <class-ref scheme="cpc">H01R4/70</class-ref></text></reference></title-part></class-title>
<classification-item breakdown-code="false" not-allocatable="false" level="8" additional-only="false" sort-key="B60M5/02" definition-exists="false" ipc-concordant="B60M5/02" c-set-base-allowed="false" c-set-subsequent-allowed="true" date-revised="2013-01-01" status="published"><classification-symbol>B60M5/02</classification-symbol><class-title date-revised="2013-01-01"><title-part><text>Means for reducing potential difference between rail and adjacent ground</text></title-part></class-title></classification-item></classification-item>
<classification-item breakdown-code="false" not-allocatable="false" level="7" additional-only="false" sort-key="B60M7/00" definition-exists="false" ipc-concordant="B60M7/00" c-set-base-allowed="false" c-set-subsequent-allowed="true" date-revised="2013-01-01" status="published"><classification-symbol>B60M7/00</classification-symbol><class-title date-revised="2013-01-01"><title-part><text>Power lines or rails specially adapted for electrically-propelled vehicles of special types, e.g. suspension tramway, ropeway, underground railway</text></title-part></class-title>
<classification-item breakdown-code="false" not-allocatable="false" level="8" additional-only="false" sort-key="B60M7/003" definition-exists="true" ipc-concordant="B60M7/00" c-set-base-allowed="false" c-set-subsequent-allowed="true" date-revised="2013-01-01" status="published"><classification-symbol>B60M7/003</classification-symbol><class-title date-revised="2013-01-01"><title-part><CPC-specific-text><text>for vehicles using stored power (e.g. charging stations)</text></CPC-specific-text></title-part></class-title></classification-item>
<classification-item breakdown-code="false" not-allocatable="false" level="8" additional-only="false" sort-key="B60M7/006" definition-exists="false" ipc-concordant="B60M7/00" c-set-base-allowed="false" c-set-subsequent-allowed="true" date-revised="2013-01-01" status="published"><classification-symbol>B60M7/006</classification-symbol><class-title date-revised="2013-01-01"><title-part><CPC-specific-text><text>for auto-scooters or the like, the power being supplied over a broad surface</text></CPC-specific-text></title-part></class-title></classification-item></classification-item></classification-item>
<classification-item breakdown-code="false" not-allocatable="true" level="6" additional-only="true" sort-key="B60M200/00" date-revised="2013-01-01" status="published"><classification-symbol>B60M2200/00</classification-symbol>
<classification-item breakdown-code="true" not-allocatable="false" level="7" additional-only="true" sort-key="B60M200/00" definition-exists="false" ipc-concordant="CPCONLY" c-set-base-allowed="false" c-set-subsequent-allowed="true" date-revised="2013-01-01" status="published"><classification-symbol>B60M2200/00</classification-symbol><class-title date-revised="2013-01-01"><title-part><text>Specific problems related to power supply lines not otherwise provided for</text></title-part></class-title>
<classification-item breakdown-code="true" not-allocatable="false" level="8" additional-only="true" sort-key="B60M200/02" definition-exists="false" ipc-concordant="CPCONLY" c-set-base-allowed="false" c-set-subsequent-allowed="true" date-revised="2013-01-01" status="published"><classification-symbol>B60M2200/02</classification-symbol><class-title date-revised="2013-01-01"><title-part><text>Prevention of theft of valuable metals</text></title-part></class-title></classification-item></classification-item></classification-item></classification-item></class-scheme>