<?xml version="1.0" encoding="UTF-8"?>
<class-scheme publication-date="2021-05-01" scheme-type="cpc" publication-type="official">
<classification-item breakdown-code="false" not-allocatable="true" level="5" additional-only="false" sort-key="B62L" definition-exists="true" date-revised="2018-08-01" status="published"><classification-symbol>B62L</classification-symbol><class-title date-revised="2013-01-01"><title-part><text>BRAKES SPECIALLY ADAPTED FOR CYCLES </text><CPC-specific-text><reference><text>arrangements in cycles for adjusting wheel-braking force to meet varying vehicular or ground-surface conditions <class-ref scheme="cpc">B60T8/00</class-ref></text></reference></CPC-specific-text></title-part></class-title><notes-and-warnings date-revised="2013-01-01"><note type="note"><note-paragraph>This subclass <u>covers</u> only adaptations of brakes and their actuating mechanisms peculiar to their use on cycles.</note-paragraph><note-paragraph>This subclass <u>does not cover</u> brakes or actuating mechanisms of wider applicability, which are regarded as of general type, irrespective of whether described or claimed only for cycles, which are covered by subclass  <class-ref scheme="cpc">B60T</class-ref> or the relevant subclass of <class-ref scheme="cpc">F16</class-ref>.</note-paragraph></note><note type="warning"><note-paragraph>In this subclass non-limiting references (in the sense of paragraph 39 of the Guide to the IPC) may still be displayed in the scheme.</note-paragraph></note></notes-and-warnings>
<classification-item breakdown-code="false" not-allocatable="true" level="6" additional-only="false" sort-key="B62L1/00" date-revised="2013-01-01" status="published"><classification-symbol>B62L1/00</classification-symbol>
<classification-item breakdown-code="false" not-allocatable="false" level="7" additional-only="false" sort-key="B62L1/00" definition-exists="true" ipc-concordant="B62L1/00" c-set-base-allowed="false" c-set-subsequent-allowed="true" date-revised="2013-01-01" status="published"><classification-symbol>B62L1/00</classification-symbol><class-title date-revised="2013-01-01"><title-part><text>Brakes </text><CPC-specific-text><reference><text>back-pedalling brakes <class-ref scheme="cpc">B62L5/00</class-ref></text></reference></CPC-specific-text></title-part><title-part><text>Arrangements thereof</text></title-part></class-title>
<classification-item breakdown-code="false" not-allocatable="false" level="8" additional-only="false" sort-key="B62L1/005" definition-exists="false" ipc-concordant="B62L1/00" c-set-base-allowed="false" c-set-subsequent-allowed="true" date-revised="2013-01-01" status="published"><classification-symbol>B62L1/005</classification-symbol><class-title date-revised="2013-01-01"><title-part><CPC-specific-text><text>constructional features of brake elements, e.g. fastening of brake blocks in their holders</text></CPC-specific-text></title-part></class-title></classification-item>
<classification-item breakdown-code="false" not-allocatable="false" level="8" additional-only="false" sort-key="B62L1/02" definition-exists="false" ipc-concordant="B62L1/02" c-set-base-allowed="false" c-set-subsequent-allowed="true" date-revised="2013-01-01" status="published"><classification-symbol>B62L1/02</classification-symbol><class-title date-revised="2013-01-01"><title-part><text>in which cycle wheels are engaged by brake elements</text></title-part></class-title>
<classification-item breakdown-code="false" not-allocatable="false" level="9" additional-only="false" sort-key="B62L1/04" definition-exists="false" ipc-concordant="B62L1/04" c-set-base-allowed="false" c-set-subsequent-allowed="true" date-revised="2013-01-01" status="published"><classification-symbol>B62L1/04</classification-symbol><class-title date-revised="2013-01-01"><title-part><text>the tyre surfaces being engaged</text></title-part></class-title></classification-item>
<classification-item breakdown-code="false" not-allocatable="false" level="9" additional-only="false" sort-key="B62L1/06" definition-exists="false" ipc-concordant="B62L1/06" c-set-base-allowed="false" c-set-subsequent-allowed="true" date-revised="2013-01-01" status="published"><classification-symbol>B62L1/06</classification-symbol><class-title date-revised="2013-01-01"><title-part><text>the wheel rim being engaged</text></title-part></class-title>
<classification-item breakdown-code="false" not-allocatable="false" level="10" additional-only="false" sort-key="B62L1/08" definition-exists="false" ipc-concordant="B62L1/08" c-set-base-allowed="false" c-set-subsequent-allowed="true" date-revised="2013-01-01" status="published"><classification-symbol>B62L1/08</classification-symbol><class-title date-revised="2013-01-01"><title-part><text>by the elements moving radially relative to the wheel</text></title-part></class-title></classification-item>
<classification-item breakdown-code="false" not-allocatable="false" level="10" additional-only="false" sort-key="B62L1/10" definition-exists="false" ipc-concordant="B62L1/10" c-set-base-allowed="false" c-set-subsequent-allowed="true" date-revised="2013-01-01" status="published"><classification-symbol>B62L1/10</classification-symbol><class-title date-revised="2013-01-01"><title-part><text>by the elements moving substantially parallel to the wheel axis</text></title-part></class-title>
<classification-item breakdown-code="false" not-allocatable="false" level="11" additional-only="false" sort-key="B62L1/12" definition-exists="false" ipc-concordant="B62L1/12" c-set-base-allowed="false" c-set-subsequent-allowed="true" date-revised="2013-01-01" status="published"><classification-symbol>B62L1/12</classification-symbol><class-title date-revised="2013-01-01"><title-part><text>the elements being mounted on levers pivotable about a common axis</text></title-part></class-title></classification-item>
<classification-item breakdown-code="false" not-allocatable="false" level="11" additional-only="false" sort-key="B62L1/14" definition-exists="false" ipc-concordant="B62L1/14" c-set-base-allowed="false" c-set-subsequent-allowed="true" date-revised="2013-01-01" status="published"><classification-symbol>B62L1/14</classification-symbol><class-title date-revised="2013-01-01"><title-part><text>the elements being mounted on levers pivotable about different axes</text></title-part></class-title>
<classification-item breakdown-code="false" not-allocatable="false" level="12" additional-only="false" sort-key="B62L1/16" definition-exists="false" ipc-concordant="B62L1/16" c-set-base-allowed="false" c-set-subsequent-allowed="true" date-revised="2013-01-01" status="published"><classification-symbol>B62L1/16</classification-symbol><class-title date-revised="2013-01-01"><title-part><text>the axes being located intermediate the ends of the levers</text></title-part></class-title></classification-item></classification-item></classification-item></classification-item></classification-item></classification-item>
<classification-item breakdown-code="false" not-allocatable="false" level="7" additional-only="false" sort-key="B62L3/00" definition-exists="true" ipc-concordant="B62L3/00" c-set-base-allowed="false" c-set-subsequent-allowed="true" date-revised="2013-01-01" status="published"><classification-symbol>B62L3/00</classification-symbol><class-title date-revised="2013-01-01"><title-part><text>Brake-actuating mechanisms </text><CPC-specific-text><reference><text>for back-pedalling brakes <class-ref scheme="cpc">B62L5/00</class-ref></text></reference></CPC-specific-text></title-part><title-part><text>Arrangements thereof</text></title-part></class-title>
<classification-item breakdown-code="false" not-allocatable="false" level="8" additional-only="false" sort-key="B62L3/02" definition-exists="true" ipc-concordant="B62L3/02" c-set-base-allowed="false" c-set-subsequent-allowed="true" date-revised="2017-08-01" status="published"><classification-symbol>B62L3/02</classification-symbol><class-title date-revised="2017-08-01"><title-part><text>for control by a hand lever </text><reference><text>hand levers for control of cycles in general <class-ref scheme="cpc">B62K23/06</class-ref></text></reference></title-part></class-title>
<classification-item breakdown-code="false" not-allocatable="false" level="9" additional-only="false" sort-key="B62L3/023" definition-exists="true" ipc-concordant="B62L3/02" c-set-base-allowed="false" c-set-subsequent-allowed="true" date-revised="2013-01-01" status="published"><classification-symbol>B62L3/023</classification-symbol><class-title date-revised="2013-01-01"><title-part><CPC-specific-text><text>acting on fluid pressure systems</text></CPC-specific-text></title-part></class-title></classification-item>
<classification-item breakdown-code="false" not-allocatable="false" level="9" additional-only="false" sort-key="B62L3/026" definition-exists="false" ipc-concordant="B62L3/02" c-set-base-allowed="false" c-set-subsequent-allowed="true" date-revised="2013-01-01" status="published"><classification-symbol>B62L3/026</classification-symbol><class-title date-revised="2013-01-01"><title-part><CPC-specific-text><text>actuation by a turning handle or handlebar</text></CPC-specific-text></title-part></class-title></classification-item></classification-item>
<classification-item breakdown-code="false" not-allocatable="false" level="8" additional-only="false" sort-key="B62L3/04" definition-exists="true" ipc-concordant="B62L3/04" c-set-base-allowed="false" c-set-subsequent-allowed="true" date-revised="2013-01-01" status="published"><classification-symbol>B62L3/04</classification-symbol><class-title date-revised="2013-01-01"><title-part><text>for control by a foot lever </text><reference><text>foot levers for control of cycles in general <class-ref scheme="cpc">B62K23/08</class-ref></text></reference></title-part></class-title></classification-item>
<classification-item breakdown-code="false" not-allocatable="false" level="8" additional-only="false" sort-key="B62L3/06" definition-exists="true" ipc-concordant="B62L3/06" c-set-base-allowed="false" c-set-subsequent-allowed="true" date-revised="2013-01-01" status="published"><classification-symbol>B62L3/06</classification-symbol><class-title date-revised="2013-01-01"><title-part><text>Means for locking the actuating mechanisms </text><reference><text>locking a cycle braking device directly <class-ref scheme="cpc">B62H5/18</class-ref></text></reference></title-part></class-title></classification-item>
<classification-item breakdown-code="false" not-allocatable="false" level="8" additional-only="false" sort-key="B62L3/08" definition-exists="false" ipc-concordant="B62L3/08" c-set-base-allowed="false" c-set-subsequent-allowed="true" date-revised="2013-01-01" status="published"><classification-symbol>B62L3/08</classification-symbol><class-title date-revised="2013-01-01"><title-part><text>Mechanisms specially adapted for braking more than one wheel</text></title-part></class-title></classification-item></classification-item>
<classification-item breakdown-code="false" not-allocatable="false" level="7" additional-only="false" sort-key="B62L5/00" definition-exists="true" ipc-concordant="B62L5/00" c-set-base-allowed="false" c-set-subsequent-allowed="true" date-revised="2013-01-01" status="published"><classification-symbol>B62L5/00</classification-symbol><class-title date-revised="2013-01-01"><title-part><text>Brakes, or actuating mechanisms therefor, controlled by back-pedalling </text><reference><text>free-wheel devices specially adapted for cycles <class-ref scheme="cpc">F16D41/00</class-ref></text></reference></title-part></class-title>
<classification-item breakdown-code="false" not-allocatable="false" level="8" additional-only="false" sort-key="B62L5/003" definition-exists="false" ipc-concordant="B62L5/00" c-set-base-allowed="false" c-set-subsequent-allowed="true" date-revised="2013-01-01" status="published"><classification-symbol>B62L5/003</classification-symbol><class-title date-revised="2013-01-01"><title-part><CPC-specific-text><text>the brakes being arranged apart from the rear wheel hub</text></CPC-specific-text></title-part></class-title></classification-item>
<classification-item breakdown-code="false" not-allocatable="false" level="8" additional-only="false" sort-key="B62L5/006" definition-exists="false" ipc-concordant="B62L5/00" c-set-base-allowed="false" c-set-subsequent-allowed="true" date-revised="2013-01-01" status="published"><classification-symbol>B62L5/006</classification-symbol><class-title date-revised="2013-01-01"><title-part><CPC-specific-text><text>Details</text></CPC-specific-text></title-part></class-title></classification-item>
<classification-item breakdown-code="false" not-allocatable="false" level="8" additional-only="false" sort-key="B62L5/02" definition-exists="true" ipc-concordant="B62L5/02" c-set-base-allowed="false" c-set-subsequent-allowed="true" date-revised="2013-01-01" status="published"><classification-symbol>B62L5/02</classification-symbol><class-title date-revised="2013-01-01"><title-part><text>the brakes being actuated through coacting coaxial cones </text><CPC-specific-text><text>located in the rear wheel hub</text></CPC-specific-text></title-part></class-title>
<classification-item breakdown-code="false" not-allocatable="false" level="9" additional-only="false" sort-key="B62L5/04" definition-exists="false" ipc-concordant="B62L5/04" c-set-base-allowed="false" c-set-subsequent-allowed="true" date-revised="2013-01-01" status="published"><classification-symbol>B62L5/04</classification-symbol><class-title date-revised="2013-01-01"><title-part><text>the brakes being of expanding brake-bushing type</text></title-part></class-title></classification-item>
<classification-item breakdown-code="false" not-allocatable="false" level="9" additional-only="false" sort-key="B62L5/06" definition-exists="false" ipc-concordant="B62L5/06" c-set-base-allowed="false" c-set-subsequent-allowed="true" date-revised="2013-01-01" status="published"><classification-symbol>B62L5/06</classification-symbol><class-title date-revised="2013-01-01"><title-part><text>the brakes being of disc type</text></title-part></class-title></classification-item>
<classification-item breakdown-code="false" not-allocatable="false" level="9" additional-only="false" sort-key="B62L5/08" definition-exists="false" ipc-concordant="B62L5/08" c-set-base-allowed="false" c-set-subsequent-allowed="true" date-revised="2013-01-01" status="published"><classification-symbol>B62L5/08</classification-symbol><class-title date-revised="2013-01-01"><title-part><text>the brakes being of shoe type</text></title-part></class-title></classification-item></classification-item>
<classification-item breakdown-code="false" not-allocatable="false" level="8" additional-only="false" sort-key="B62L5/10" definition-exists="false" ipc-concordant="B62L5/10" c-set-base-allowed="false" c-set-subsequent-allowed="true" date-revised="2013-01-01" status="published"><classification-symbol>B62L5/10</classification-symbol><class-title date-revised="2013-01-01"><title-part><text>the brakes being actuated through coacting cams and balls or rollers </text><CPC-specific-text><text>located in the rear wheel hub</text></CPC-specific-text></title-part></class-title>
<classification-item breakdown-code="false" not-allocatable="false" level="9" additional-only="false" sort-key="B62L5/12" definition-exists="false" ipc-concordant="B62L5/12" c-set-base-allowed="false" c-set-subsequent-allowed="true" date-revised="2013-01-01" status="published"><classification-symbol>B62L5/12</classification-symbol><class-title date-revised="2013-01-01"><title-part><text>the brakes being of expanding brake-bushing type</text></title-part></class-title></classification-item>
<classification-item breakdown-code="false" not-allocatable="false" level="9" additional-only="false" sort-key="B62L5/14" definition-exists="false" ipc-concordant="B62L5/14" c-set-base-allowed="false" c-set-subsequent-allowed="true" date-revised="2013-01-01" status="published"><classification-symbol>B62L5/14</classification-symbol><class-title date-revised="2013-01-01"><title-part><text>the brakes being of disc type</text></title-part></class-title></classification-item>
<classification-item breakdown-code="false" not-allocatable="false" level="9" additional-only="false" sort-key="B62L5/16" definition-exists="false" ipc-concordant="B62L5/16" c-set-base-allowed="false" c-set-subsequent-allowed="true" date-revised="2013-01-01" status="published"><classification-symbol>B62L5/16</classification-symbol><class-title date-revised="2013-01-01"><title-part><text>the brakes being of shoe type</text></title-part></class-title></classification-item></classification-item>
<classification-item breakdown-code="false" not-allocatable="false" level="8" additional-only="false" sort-key="B62L5/18" definition-exists="false" ipc-concordant="B62L5/18" c-set-base-allowed="false" c-set-subsequent-allowed="true" date-revised="2013-01-01" status="published"><classification-symbol>B62L5/18</classification-symbol><class-title date-revised="2013-01-01"><title-part><text>the brakes being additionally controlled by alternative means</text></title-part></class-title></classification-item>
<classification-item breakdown-code="false" not-allocatable="false" level="8" additional-only="false" sort-key="B62L5/20" definition-exists="false" ipc-concordant="B62L5/20" c-set-base-allowed="false" c-set-subsequent-allowed="true" date-revised="2013-01-01" status="published"><classification-symbol>B62L5/20</classification-symbol><class-title date-revised="2013-01-01"><title-part><text>the brakes having adjustable braking power</text></title-part></class-title></classification-item></classification-item></classification-item></classification-item></class-scheme>