<?xml version="1.0" encoding="UTF-8"?>
<class-scheme publication-date="2021-05-01" scheme-type="cpc" publication-type="official">
<classification-item breakdown-code="false" not-allocatable="true" level="5" additional-only="false" sort-key="A23Y" definition-exists="false" date-revised="2015-07-01" status="published"><classification-symbol>A23Y</classification-symbol><class-title date-revised="2013-01-01"><title-part><text>INDEXING SCHEME RELATING TO LACTIC OR PROPIONIC ACID BACTERIA USED IN FOODSTUFFS OR FOOD PREPARATION</text></title-part></class-title><notes-and-warnings date-revised="2013-01-01"><note type="note"><note-paragraph><br/>This subclass constitutes an internal scheme for indexing only. The indexing codes of <class-ref scheme="cpc">A23Y</class-ref> are used when classifying technical subjects in the food-related subclasses <class-ref scheme="cpc">A23B</class-ref>-<class-ref scheme="cpc">A23L</class-ref>.</note-paragraph></note></notes-and-warnings>
<classification-item breakdown-code="false" not-allocatable="true" level="6" additional-only="true" sort-key="A23Y220/00" date-revised="2013-01-01" status="published"><classification-symbol>A23Y2220/00</classification-symbol>
<classification-item breakdown-code="true" not-allocatable="false" level="7" additional-only="true" sort-key="A23Y220/00" definition-exists="false" ipc-concordant="CPCONLY" c-set-base-allowed="false" c-set-subsequent-allowed="true" date-revised="2013-01-01" status="published"><classification-symbol>A23Y2220/00</classification-symbol><class-title date-revised="2013-01-01"><title-part><text>Lactobacillus</text></title-part></class-title>
<classification-item breakdown-code="true" not-allocatable="false" level="8" additional-only="true" sort-key="A23Y220/03" definition-exists="false" ipc-concordant="CPCONLY" c-set-base-allowed="false" c-set-subsequent-allowed="true" date-revised="2013-01-01" status="published"><classification-symbol>A23Y2220/03</classification-symbol><class-title date-revised="2013-01-01"><title-part><text>Acidophilus</text></title-part></class-title></classification-item>
<classification-item breakdown-code="true" not-allocatable="false" level="8" additional-only="true" sort-key="A23Y220/05" definition-exists="false" ipc-concordant="CPCONLY" c-set-base-allowed="false" c-set-subsequent-allowed="true" date-revised="2013-01-01" status="published"><classification-symbol>A23Y2220/05</classification-symbol><class-title date-revised="2013-01-01"><title-part><text>Amylovorus</text></title-part></class-title></classification-item>
<classification-item breakdown-code="true" not-allocatable="false" level="8" additional-only="true" sort-key="A23Y220/07" definition-exists="false" ipc-concordant="CPCONLY" c-set-base-allowed="false" c-set-subsequent-allowed="true" date-revised="2013-01-01" status="published"><classification-symbol>A23Y2220/07</classification-symbol><class-title date-revised="2013-01-01"><title-part><text>Animalis</text></title-part></class-title></classification-item>
<classification-item breakdown-code="true" not-allocatable="false" level="8" additional-only="true" sort-key="A23Y220/09" definition-exists="false" ipc-concordant="CPCONLY" c-set-base-allowed="false" c-set-subsequent-allowed="true" date-revised="2013-01-01" status="published"><classification-symbol>A23Y2220/09</classification-symbol><class-title date-revised="2013-01-01"><title-part><text>Bifermentans</text></title-part></class-title></classification-item>
<classification-item breakdown-code="true" not-allocatable="false" level="8" additional-only="true" sort-key="A23Y220/13" definition-exists="false" ipc-concordant="CPCONLY" c-set-base-allowed="false" c-set-subsequent-allowed="true" date-revised="2013-01-01" status="published"><classification-symbol>A23Y2220/13</classification-symbol><class-title date-revised="2013-01-01"><title-part><text>Brevis</text></title-part></class-title></classification-item>
<classification-item breakdown-code="true" not-allocatable="false" level="8" additional-only="true" sort-key="A23Y220/15" definition-exists="false" ipc-concordant="CPCONLY" c-set-base-allowed="false" c-set-subsequent-allowed="true" date-revised="2013-01-01" status="published"><classification-symbol>A23Y2220/15</classification-symbol><class-title date-revised="2013-01-01"><title-part><text>Bulgaricus</text></title-part></class-title></classification-item>
<classification-item breakdown-code="true" not-allocatable="false" level="8" additional-only="true" sort-key="A23Y220/17" definition-exists="false" ipc-concordant="CPCONLY" c-set-base-allowed="false" c-set-subsequent-allowed="true" date-revised="2013-01-01" status="published"><classification-symbol>A23Y2220/17</classification-symbol><class-title date-revised="2013-01-01"><title-part><text>Casei</text></title-part></class-title></classification-item>
<classification-item breakdown-code="true" not-allocatable="false" level="8" additional-only="true" sort-key="A23Y220/19" definition-exists="false" ipc-concordant="CPCONLY" c-set-base-allowed="false" c-set-subsequent-allowed="true" date-revised="2013-01-01" status="published"><classification-symbol>A23Y2220/19</classification-symbol><class-title date-revised="2013-01-01"><title-part><text>Clearans</text></title-part></class-title></classification-item>
<classification-item breakdown-code="true" not-allocatable="false" level="8" additional-only="true" sort-key="A23Y220/21" definition-exists="false" ipc-concordant="CPCONLY" c-set-base-allowed="false" c-set-subsequent-allowed="true" date-revised="2013-01-01" status="published"><classification-symbol>A23Y2220/21</classification-symbol><class-title date-revised="2013-01-01"><title-part><text>Coryniformis</text></title-part></class-title></classification-item>
<classification-item breakdown-code="true" not-allocatable="false" level="8" additional-only="true" sort-key="A23Y220/23" definition-exists="false" ipc-concordant="CPCONLY" c-set-base-allowed="false" c-set-subsequent-allowed="true" date-revised="2013-01-01" status="published"><classification-symbol>A23Y2220/23</classification-symbol><class-title date-revised="2013-01-01"><title-part><text>Cremoris</text></title-part></class-title></classification-item>
<classification-item breakdown-code="true" not-allocatable="false" level="8" additional-only="true" sort-key="A23Y220/25" definition-exists="false" ipc-concordant="CPCONLY" c-set-base-allowed="false" c-set-subsequent-allowed="true" date-revised="2013-01-01" status="published"><classification-symbol>A23Y2220/25</classification-symbol><class-title date-revised="2013-01-01"><title-part><text>Curvatus</text></title-part></class-title></classification-item>
<classification-item breakdown-code="true" not-allocatable="false" level="8" additional-only="true" sort-key="A23Y220/27" definition-exists="false" ipc-concordant="CPCONLY" c-set-base-allowed="false" c-set-subsequent-allowed="true" date-revised="2013-01-01" status="published"><classification-symbol>A23Y2220/27</classification-symbol><class-title date-revised="2013-01-01"><title-part><text>Danicus</text></title-part></class-title></classification-item>
<classification-item breakdown-code="true" not-allocatable="false" level="8" additional-only="true" sort-key="A23Y220/29" definition-exists="false" ipc-concordant="CPCONLY" c-set-base-allowed="false" c-set-subsequent-allowed="true" date-revised="2013-01-01" status="published"><classification-symbol>A23Y2220/29</classification-symbol><class-title date-revised="2013-01-01"><title-part><text>Delbrueckii</text></title-part></class-title></classification-item>
<classification-item breakdown-code="true" not-allocatable="false" level="8" additional-only="true" sort-key="A23Y220/31" definition-exists="false" ipc-concordant="CPCONLY" c-set-base-allowed="false" c-set-subsequent-allowed="true" date-revised="2013-01-01" status="published"><classification-symbol>A23Y2220/31</classification-symbol><class-title date-revised="2013-01-01"><title-part><text>Diacetylactis</text></title-part></class-title></classification-item>
<classification-item breakdown-code="true" not-allocatable="false" level="8" additional-only="true" sort-key="A23Y220/33" definition-exists="false" ipc-concordant="CPCONLY" c-set-base-allowed="false" c-set-subsequent-allowed="true" date-revised="2013-01-01" status="published"><classification-symbol>A23Y2220/33</classification-symbol><class-title date-revised="2013-01-01"><title-part><text>Farciminis</text></title-part></class-title></classification-item>
<classification-item breakdown-code="true" not-allocatable="false" level="8" additional-only="true" sort-key="A23Y220/35" definition-exists="false" ipc-concordant="CPCONLY" c-set-base-allowed="false" c-set-subsequent-allowed="true" date-revised="2013-01-01" status="published"><classification-symbol>A23Y2220/35</classification-symbol><class-title date-revised="2013-01-01"><title-part><text>Fermentum</text></title-part></class-title></classification-item>
<classification-item breakdown-code="true" not-allocatable="false" level="8" additional-only="true" sort-key="A23Y220/37" definition-exists="false" ipc-concordant="CPCONLY" c-set-base-allowed="false" c-set-subsequent-allowed="true" date-revised="2013-01-01" status="published"><classification-symbol>A23Y2220/37</classification-symbol><class-title date-revised="2013-01-01"><title-part><text>Gasseri</text></title-part></class-title></classification-item>
<classification-item breakdown-code="true" not-allocatable="false" level="8" additional-only="true" sort-key="A23Y220/39" definition-exists="false" ipc-concordant="CPCONLY" c-set-base-allowed="false" c-set-subsequent-allowed="true" date-revised="2013-01-01" status="published"><classification-symbol>A23Y2220/39</classification-symbol><class-title date-revised="2013-01-01"><title-part><text>Helveticus</text></title-part></class-title></classification-item>
<classification-item breakdown-code="true" not-allocatable="false" level="8" additional-only="true" sort-key="A23Y220/41" definition-exists="false" ipc-concordant="CPCONLY" c-set-base-allowed="false" c-set-subsequent-allowed="true" date-revised="2013-01-01" status="published"><classification-symbol>A23Y2220/41</classification-symbol><class-title date-revised="2013-01-01"><title-part><text>Jensenii</text></title-part></class-title></classification-item>
<classification-item breakdown-code="true" not-allocatable="false" level="8" additional-only="true" sort-key="A23Y220/43" definition-exists="false" ipc-concordant="CPCONLY" c-set-base-allowed="false" c-set-subsequent-allowed="true" date-revised="2013-01-01" status="published"><classification-symbol>A23Y2220/43</classification-symbol><class-title date-revised="2013-01-01"><title-part><text>Johnsonii</text></title-part></class-title></classification-item>
<classification-item breakdown-code="true" not-allocatable="false" level="8" additional-only="true" sort-key="A23Y220/45" definition-exists="false" ipc-concordant="CPCONLY" c-set-base-allowed="false" c-set-subsequent-allowed="true" date-revised="2013-01-01" status="published"><classification-symbol>A23Y2220/45</classification-symbol><class-title date-revised="2013-01-01"><title-part><text>Jugurti</text></title-part></class-title></classification-item>
<classification-item breakdown-code="true" not-allocatable="false" level="8" additional-only="true" sort-key="A23Y220/47" definition-exists="false" ipc-concordant="CPCONLY" c-set-base-allowed="false" c-set-subsequent-allowed="true" date-revised="2013-01-01" status="published"><classification-symbol>A23Y2220/47</classification-symbol><class-title date-revised="2013-01-01"><title-part><text>Kefiri</text></title-part></class-title></classification-item>
<classification-item breakdown-code="true" not-allocatable="false" level="8" additional-only="true" sort-key="A23Y220/49" definition-exists="false" ipc-concordant="CPCONLY" c-set-base-allowed="false" c-set-subsequent-allowed="true" date-revised="2013-01-01" status="published"><classification-symbol>A23Y2220/49</classification-symbol><class-title date-revised="2013-01-01"><title-part><text>Lactis</text></title-part></class-title></classification-item>
<classification-item breakdown-code="true" not-allocatable="false" level="8" additional-only="true" sort-key="A23Y220/51" definition-exists="false" ipc-concordant="CPCONLY" c-set-base-allowed="false" c-set-subsequent-allowed="true" date-revised="2013-01-01" status="published"><classification-symbol>A23Y2220/51</classification-symbol><class-title date-revised="2013-01-01"><title-part><text>Leichmanii</text></title-part></class-title></classification-item>
<classification-item breakdown-code="true" not-allocatable="false" level="8" additional-only="true" sort-key="A23Y220/53" definition-exists="false" ipc-concordant="CPCONLY" c-set-base-allowed="false" c-set-subsequent-allowed="true" date-revised="2013-01-01" status="published"><classification-symbol>A23Y2220/53</classification-symbol><class-title date-revised="2013-01-01"><title-part><text>Mesenteroides</text></title-part></class-title></classification-item>
<classification-item breakdown-code="true" not-allocatable="false" level="8" additional-only="true" sort-key="A23Y220/61" definition-exists="false" ipc-concordant="CPCONLY" c-set-base-allowed="false" c-set-subsequent-allowed="true" date-revised="2013-01-01" status="published"><classification-symbol>A23Y2220/61</classification-symbol><class-title date-revised="2013-01-01"><title-part><text>Oris</text></title-part></class-title></classification-item>
<classification-item breakdown-code="true" not-allocatable="false" level="8" additional-only="true" sort-key="A23Y220/63" definition-exists="false" ipc-concordant="CPCONLY" c-set-base-allowed="false" c-set-subsequent-allowed="true" date-revised="2013-01-01" status="published"><classification-symbol>A23Y2220/63</classification-symbol><class-title date-revised="2013-01-01"><title-part><text>Paracasei</text></title-part></class-title></classification-item>
<classification-item breakdown-code="true" not-allocatable="false" level="8" additional-only="true" sort-key="A23Y220/65" definition-exists="false" ipc-concordant="CPCONLY" c-set-base-allowed="false" c-set-subsequent-allowed="true" date-revised="2013-01-01" status="published"><classification-symbol>A23Y2220/65</classification-symbol><class-title date-revised="2013-01-01"><title-part><text>Pentosus</text></title-part></class-title></classification-item>
<classification-item breakdown-code="true" not-allocatable="false" level="8" additional-only="true" sort-key="A23Y220/67" definition-exists="false" ipc-concordant="CPCONLY" c-set-base-allowed="false" c-set-subsequent-allowed="true" date-revised="2013-01-01" status="published"><classification-symbol>A23Y2220/67</classification-symbol><class-title date-revised="2013-01-01"><title-part><text>Plantarum</text></title-part></class-title></classification-item>
<classification-item breakdown-code="true" not-allocatable="false" level="8" additional-only="true" sort-key="A23Y220/69" definition-exists="false" ipc-concordant="CPCONLY" c-set-base-allowed="false" c-set-subsequent-allowed="true" date-revised="2013-01-01" status="published"><classification-symbol>A23Y2220/69</classification-symbol><class-title date-revised="2013-01-01"><title-part><text>Pontis</text></title-part></class-title></classification-item>
<classification-item breakdown-code="true" not-allocatable="false" level="8" additional-only="true" sort-key="A23Y220/71" definition-exists="false" ipc-concordant="CPCONLY" c-set-base-allowed="false" c-set-subsequent-allowed="true" date-revised="2013-01-01" status="published"><classification-symbol>A23Y2220/71</classification-symbol><class-title date-revised="2013-01-01"><title-part><text>Reuteri</text></title-part></class-title></classification-item>
<classification-item breakdown-code="true" not-allocatable="false" level="8" additional-only="true" sort-key="A23Y220/73" definition-exists="false" ipc-concordant="CPCONLY" c-set-base-allowed="false" c-set-subsequent-allowed="true" date-revised="2013-01-01" status="published"><classification-symbol>A23Y2220/73</classification-symbol><class-title date-revised="2013-01-01"><title-part><text>Rhamnosus</text></title-part></class-title></classification-item>
<classification-item breakdown-code="true" not-allocatable="false" level="8" additional-only="true" sort-key="A23Y220/75" definition-exists="false" ipc-concordant="CPCONLY" c-set-base-allowed="false" c-set-subsequent-allowed="true" date-revised="2013-01-01" status="published"><classification-symbol>A23Y2220/75</classification-symbol><class-title date-revised="2013-01-01"><title-part><text>Ruminis</text></title-part></class-title></classification-item>
<classification-item breakdown-code="true" not-allocatable="false" level="8" additional-only="true" sort-key="A23Y220/77" definition-exists="false" ipc-concordant="CPCONLY" c-set-base-allowed="false" c-set-subsequent-allowed="true" date-revised="2013-01-01" status="published"><classification-symbol>A23Y2220/77</classification-symbol><class-title date-revised="2013-01-01"><title-part><text>Sakei</text></title-part></class-title></classification-item>
<classification-item breakdown-code="true" not-allocatable="false" level="8" additional-only="true" sort-key="A23Y220/79" definition-exists="false" ipc-concordant="CPCONLY" c-set-base-allowed="false" c-set-subsequent-allowed="true" date-revised="2013-01-01" status="published"><classification-symbol>A23Y2220/79</classification-symbol><class-title date-revised="2013-01-01"><title-part><text>Salivarius</text></title-part></class-title></classification-item>
<classification-item breakdown-code="true" not-allocatable="false" level="8" additional-only="true" sort-key="A23Y220/81" definition-exists="false" ipc-concordant="CPCONLY" c-set-base-allowed="false" c-set-subsequent-allowed="true" date-revised="2013-01-01" status="published"><classification-symbol>A23Y2220/81</classification-symbol><class-title date-revised="2013-01-01"><title-part><text>Sanfranciscenis</text></title-part></class-title></classification-item>
<classification-item breakdown-code="true" not-allocatable="false" level="8" additional-only="true" sort-key="A23Y220/83" definition-exists="false" ipc-concordant="CPCONLY" c-set-base-allowed="false" c-set-subsequent-allowed="true" date-revised="2013-01-01" status="published"><classification-symbol>A23Y2220/83</classification-symbol><class-title date-revised="2013-01-01"><title-part><text>Sulfurica</text></title-part></class-title></classification-item>
<classification-item breakdown-code="true" not-allocatable="false" level="8" additional-only="true" sort-key="A23Y220/85" definition-exists="false" ipc-concordant="CPCONLY" c-set-base-allowed="false" c-set-subsequent-allowed="true" date-revised="2013-01-01" status="published"><classification-symbol>A23Y2220/85</classification-symbol><class-title date-revised="2013-01-01"><title-part><text>Zeae</text></title-part></class-title></classification-item></classification-item>
<classification-item breakdown-code="true" not-allocatable="false" level="7" additional-only="true" sort-key="A23Y240/00" definition-exists="false" ipc-concordant="CPCONLY" c-set-base-allowed="false" c-set-subsequent-allowed="true" date-revised="2013-01-01" status="published"><classification-symbol>A23Y2240/00</classification-symbol><class-title date-revised="2013-01-01"><title-part><text>Streptococcus, lactococcus</text></title-part></class-title>
<classification-item breakdown-code="true" not-allocatable="false" level="8" additional-only="true" sort-key="A23Y240/15" definition-exists="false" ipc-concordant="CPCONLY" c-set-base-allowed="false" c-set-subsequent-allowed="true" date-revised="2013-01-01" status="published"><classification-symbol>A23Y2240/15</classification-symbol><class-title date-revised="2013-01-01"><title-part><text>Acidominimus</text></title-part></class-title></classification-item>
<classification-item breakdown-code="true" not-allocatable="false" level="8" additional-only="true" sort-key="A23Y240/21" definition-exists="false" ipc-concordant="CPCONLY" c-set-base-allowed="false" c-set-subsequent-allowed="true" date-revised="2013-01-01" status="published"><classification-symbol>A23Y2240/21</classification-symbol><class-title date-revised="2013-01-01"><title-part><text>Cremoris</text></title-part></class-title></classification-item>
<classification-item breakdown-code="true" not-allocatable="false" level="8" additional-only="true" sort-key="A23Y240/23" definition-exists="false" ipc-concordant="CPCONLY" c-set-base-allowed="false" c-set-subsequent-allowed="true" date-revised="2013-01-01" status="published"><classification-symbol>A23Y2240/23</classification-symbol><class-title date-revised="2013-01-01"><title-part><text>Cricetus</text></title-part></class-title></classification-item>
<classification-item breakdown-code="true" not-allocatable="false" level="8" additional-only="true" sort-key="A23Y240/25" definition-exists="false" ipc-concordant="CPCONLY" c-set-base-allowed="false" c-set-subsequent-allowed="true" date-revised="2013-01-01" status="published"><classification-symbol>A23Y2240/25</classification-symbol><class-title date-revised="2013-01-01"><title-part><text>Diacetilactis</text></title-part></class-title></classification-item>
<classification-item breakdown-code="true" not-allocatable="false" level="8" additional-only="true" sort-key="A23Y240/27" definition-exists="false" ipc-concordant="CPCONLY" c-set-base-allowed="false" c-set-subsequent-allowed="true" date-revised="2013-01-01" status="published"><classification-symbol>A23Y2240/27</classification-symbol><class-title date-revised="2013-01-01"><title-part><text>Downeii</text></title-part></class-title></classification-item>
<classification-item breakdown-code="true" not-allocatable="false" level="8" additional-only="true" sort-key="A23Y240/29" definition-exists="false" ipc-concordant="CPCONLY" c-set-base-allowed="false" c-set-subsequent-allowed="true" date-revised="2013-01-01" status="published"><classification-symbol>A23Y2240/29</classification-symbol><class-title date-revised="2013-01-01"><title-part><text>Durans</text></title-part></class-title></classification-item>
<classification-item breakdown-code="true" not-allocatable="false" level="8" additional-only="true" sort-key="A23Y240/33" definition-exists="false" ipc-concordant="CPCONLY" c-set-base-allowed="false" c-set-subsequent-allowed="true" date-revised="2013-01-01" status="published"><classification-symbol>A23Y2240/33</classification-symbol><class-title date-revised="2013-01-01"><title-part><text>Faecalis</text></title-part></class-title></classification-item>
<classification-item breakdown-code="true" not-allocatable="false" level="8" additional-only="true" sort-key="A23Y240/35" definition-exists="false" ipc-concordant="CPCONLY" c-set-base-allowed="false" c-set-subsequent-allowed="true" date-revised="2013-01-01" status="published"><classification-symbol>A23Y2240/35</classification-symbol><class-title date-revised="2013-01-01"><title-part><text>Ferrus</text></title-part></class-title></classification-item>
<classification-item breakdown-code="true" not-allocatable="false" level="8" additional-only="true" sort-key="A23Y240/37" definition-exists="false" ipc-concordant="CPCONLY" c-set-base-allowed="false" c-set-subsequent-allowed="true" date-revised="2013-01-01" status="published"><classification-symbol>A23Y2240/37</classification-symbol><class-title date-revised="2013-01-01"><title-part><text>Kefir</text></title-part></class-title></classification-item>
<classification-item breakdown-code="true" not-allocatable="false" level="8" additional-only="true" sort-key="A23Y240/41" definition-exists="false" ipc-concordant="CPCONLY" c-set-base-allowed="false" c-set-subsequent-allowed="true" date-revised="2013-01-01" status="published"><classification-symbol>A23Y2240/41</classification-symbol><class-title date-revised="2013-01-01"><title-part><text>Lactis</text></title-part></class-title></classification-item>
<classification-item breakdown-code="true" not-allocatable="false" level="8" additional-only="true" sort-key="A23Y240/45" definition-exists="false" ipc-concordant="CPCONLY" c-set-base-allowed="false" c-set-subsequent-allowed="true" date-revised="2013-01-01" status="published"><classification-symbol>A23Y2240/45</classification-symbol><class-title date-revised="2013-01-01"><title-part><text>Macedonius</text></title-part></class-title></classification-item>
<classification-item breakdown-code="true" not-allocatable="false" level="8" additional-only="true" sort-key="A23Y240/47" definition-exists="false" ipc-concordant="CPCONLY" c-set-base-allowed="false" c-set-subsequent-allowed="true" date-revised="2013-01-01" status="published"><classification-symbol>A23Y2240/47</classification-symbol><class-title date-revised="2013-01-01"><title-part><text>Macacae</text></title-part></class-title></classification-item>
<classification-item breakdown-code="true" not-allocatable="false" level="8" additional-only="true" sort-key="A23Y240/49" definition-exists="false" ipc-concordant="CPCONLY" c-set-base-allowed="false" c-set-subsequent-allowed="true" date-revised="2013-01-01" status="published"><classification-symbol>A23Y2240/49</classification-symbol><class-title date-revised="2013-01-01"><title-part><text>Mutans</text></title-part></class-title></classification-item>
<classification-item breakdown-code="true" not-allocatable="false" level="8" additional-only="true" sort-key="A23Y240/53" definition-exists="false" ipc-concordant="CPCONLY" c-set-base-allowed="false" c-set-subsequent-allowed="true" date-revised="2013-01-01" status="published"><classification-symbol>A23Y2240/53</classification-symbol><class-title date-revised="2013-01-01"><title-part><text>Oralis</text></title-part></class-title></classification-item>
<classification-item breakdown-code="true" not-allocatable="false" level="8" additional-only="true" sort-key="A23Y240/55" definition-exists="false" ipc-concordant="CPCONLY" c-set-base-allowed="false" c-set-subsequent-allowed="true" date-revised="2013-01-01" status="published"><classification-symbol>A23Y2240/55</classification-symbol><class-title date-revised="2013-01-01"><title-part><text>Paracitroorarus</text></title-part></class-title></classification-item>
<classification-item breakdown-code="true" not-allocatable="false" level="8" additional-only="true" sort-key="A23Y240/61" definition-exists="false" ipc-concordant="CPCONLY" c-set-base-allowed="false" c-set-subsequent-allowed="true" date-revised="2013-01-01" status="published"><classification-symbol>A23Y2240/61</classification-symbol><class-title date-revised="2013-01-01"><title-part><text>Rattus</text></title-part></class-title></classification-item>
<classification-item breakdown-code="true" not-allocatable="false" level="8" additional-only="true" sort-key="A23Y240/65" definition-exists="false" ipc-concordant="CPCONLY" c-set-base-allowed="false" c-set-subsequent-allowed="true" date-revised="2013-01-01" status="published"><classification-symbol>A23Y2240/65</classification-symbol><class-title date-revised="2013-01-01"><title-part><text>Salivarius</text></title-part></class-title></classification-item>
<classification-item breakdown-code="true" not-allocatable="false" level="8" additional-only="true" sort-key="A23Y240/71" definition-exists="false" ipc-concordant="CPCONLY" c-set-base-allowed="false" c-set-subsequent-allowed="true" date-revised="2013-01-01" status="published"><classification-symbol>A23Y2240/71</classification-symbol><class-title date-revised="2013-01-01"><title-part><text>Sobrinus</text></title-part></class-title></classification-item>
<classification-item breakdown-code="true" not-allocatable="false" level="8" additional-only="true" sort-key="A23Y240/75" definition-exists="false" ipc-concordant="CPCONLY" c-set-base-allowed="false" c-set-subsequent-allowed="true" date-revised="2013-01-01" status="published"><classification-symbol>A23Y2240/75</classification-symbol><class-title date-revised="2013-01-01"><title-part><text>Thermophilus</text></title-part></class-title></classification-item>
<classification-item breakdown-code="true" not-allocatable="false" level="8" additional-only="true" sort-key="A23Y240/81" definition-exists="false" ipc-concordant="CPCONLY" c-set-base-allowed="false" c-set-subsequent-allowed="true" date-revised="2013-01-01" status="published"><classification-symbol>A23Y2240/81</classification-symbol><class-title date-revised="2013-01-01"><title-part><text>Uberis</text></title-part></class-title></classification-item></classification-item>
<classification-item breakdown-code="true" not-allocatable="false" level="7" additional-only="true" sort-key="A23Y260/00" definition-exists="false" ipc-concordant="CPCONLY" c-set-base-allowed="false" c-set-subsequent-allowed="true" date-revised="2013-01-01" status="published"><classification-symbol>A23Y2260/00</classification-symbol><class-title date-revised="2013-01-01"><title-part><text>Leuconostoc</text></title-part></class-title>
<classification-item breakdown-code="true" not-allocatable="false" level="8" additional-only="true" sort-key="A23Y260/15" definition-exists="false" ipc-concordant="CPCONLY" c-set-base-allowed="false" c-set-subsequent-allowed="true" date-revised="2013-01-01" status="published"><classification-symbol>A23Y2260/15</classification-symbol><class-title date-revised="2013-01-01"><title-part><text>Carnosum</text></title-part></class-title></classification-item>
<classification-item breakdown-code="true" not-allocatable="false" level="8" additional-only="true" sort-key="A23Y260/21" definition-exists="false" ipc-concordant="CPCONLY" c-set-base-allowed="false" c-set-subsequent-allowed="true" date-revised="2013-01-01" status="published"><classification-symbol>A23Y2260/21</classification-symbol><class-title date-revised="2013-01-01"><title-part><text>Citreum</text></title-part></class-title></classification-item>
<classification-item breakdown-code="true" not-allocatable="false" level="8" additional-only="true" sort-key="A23Y260/25" definition-exists="false" ipc-concordant="CPCONLY" c-set-base-allowed="false" c-set-subsequent-allowed="true" date-revised="2013-01-01" status="published"><classification-symbol>A23Y2260/25</classification-symbol><class-title date-revised="2013-01-01"><title-part><text>Cremoris</text></title-part></class-title></classification-item>
<classification-item breakdown-code="true" not-allocatable="false" level="8" additional-only="true" sort-key="A23Y260/31" definition-exists="false" ipc-concordant="CPCONLY" c-set-base-allowed="false" c-set-subsequent-allowed="true" date-revised="2013-01-01" status="published"><classification-symbol>A23Y2260/31</classification-symbol><class-title date-revised="2013-01-01"><title-part><text>Dextranicum</text></title-part></class-title></classification-item>
<classification-item breakdown-code="true" not-allocatable="false" level="8" additional-only="true" sort-key="A23Y260/35" definition-exists="false" ipc-concordant="CPCONLY" c-set-base-allowed="false" c-set-subsequent-allowed="true" date-revised="2013-01-01" status="published"><classification-symbol>A23Y2260/35</classification-symbol><class-title date-revised="2013-01-01"><title-part><text>Mesenteroides</text></title-part></class-title></classification-item>
<classification-item breakdown-code="true" not-allocatable="false" level="8" additional-only="true" sort-key="A23Y260/41" definition-exists="false" ipc-concordant="CPCONLY" c-set-base-allowed="false" c-set-subsequent-allowed="true" date-revised="2013-01-01" status="published"><classification-symbol>A23Y2260/41</classification-symbol><class-title date-revised="2013-01-01"><title-part><text>Paramesenteroides</text></title-part></class-title></classification-item>
<classification-item breakdown-code="true" not-allocatable="false" level="8" additional-only="true" sort-key="A23Y260/45" definition-exists="false" ipc-concordant="CPCONLY" c-set-base-allowed="false" c-set-subsequent-allowed="true" date-revised="2013-01-01" status="published"><classification-symbol>A23Y2260/45</classification-symbol><class-title date-revised="2013-01-01"><title-part><text>Pseudomesenteroides</text></title-part></class-title></classification-item></classification-item>
<classification-item breakdown-code="true" not-allocatable="false" level="7" additional-only="true" sort-key="A23Y280/00" definition-exists="false" ipc-concordant="CPCONLY" c-set-base-allowed="false" c-set-subsequent-allowed="true" date-revised="2013-01-01" status="published"><classification-symbol>A23Y2280/00</classification-symbol><class-title date-revised="2013-01-01"><title-part><text>Pediococcus</text></title-part></class-title>
<classification-item breakdown-code="true" not-allocatable="false" level="8" additional-only="true" sort-key="A23Y280/15" definition-exists="false" ipc-concordant="CPCONLY" c-set-base-allowed="false" c-set-subsequent-allowed="true" date-revised="2013-01-01" status="published"><classification-symbol>A23Y2280/15</classification-symbol><class-title date-revised="2013-01-01"><title-part><text>Acidilactici</text></title-part></class-title></classification-item>
<classification-item breakdown-code="true" not-allocatable="false" level="8" additional-only="true" sort-key="A23Y280/21" definition-exists="false" ipc-concordant="CPCONLY" c-set-base-allowed="false" c-set-subsequent-allowed="true" date-revised="2013-01-01" status="published"><classification-symbol>A23Y2280/21</classification-symbol><class-title date-revised="2013-01-01"><title-part><text>Cellicola</text></title-part></class-title></classification-item>
<classification-item breakdown-code="true" not-allocatable="false" level="8" additional-only="true" sort-key="A23Y280/25" definition-exists="false" ipc-concordant="CPCONLY" c-set-base-allowed="false" c-set-subsequent-allowed="true" date-revised="2013-01-01" status="published"><classification-symbol>A23Y2280/25</classification-symbol><class-title date-revised="2013-01-01"><title-part><text>Damnosus</text></title-part></class-title></classification-item>
<classification-item breakdown-code="true" not-allocatable="false" level="8" additional-only="true" sort-key="A23Y280/31" definition-exists="false" ipc-concordant="CPCONLY" c-set-base-allowed="false" c-set-subsequent-allowed="true" date-revised="2013-01-01" status="published"><classification-symbol>A23Y2280/31</classification-symbol><class-title date-revised="2013-01-01"><title-part><text>Dextrinicus</text></title-part></class-title></classification-item>
<classification-item breakdown-code="true" not-allocatable="false" level="8" additional-only="true" sort-key="A23Y280/35" definition-exists="false" ipc-concordant="CPCONLY" c-set-base-allowed="false" c-set-subsequent-allowed="true" date-revised="2013-01-01" status="published"><classification-symbol>A23Y2280/35</classification-symbol><class-title date-revised="2013-01-01"><title-part><text>Halophilus</text></title-part></class-title></classification-item>
<classification-item breakdown-code="true" not-allocatable="false" level="8" additional-only="true" sort-key="A23Y280/41" definition-exists="false" ipc-concordant="CPCONLY" c-set-base-allowed="false" c-set-subsequent-allowed="true" date-revised="2013-01-01" status="published"><classification-symbol>A23Y2280/41</classification-symbol><class-title date-revised="2013-01-01"><title-part><text>Inopinatus</text></title-part></class-title></classification-item>
<classification-item breakdown-code="true" not-allocatable="false" level="8" additional-only="true" sort-key="A23Y280/51" definition-exists="false" ipc-concordant="CPCONLY" c-set-base-allowed="false" c-set-subsequent-allowed="true" date-revised="2013-01-01" status="published"><classification-symbol>A23Y2280/51</classification-symbol><class-title date-revised="2013-01-01"><title-part><text>Paravulus</text></title-part></class-title></classification-item>
<classification-item breakdown-code="true" not-allocatable="false" level="8" additional-only="true" sort-key="A23Y280/55" definition-exists="false" ipc-concordant="CPCONLY" c-set-base-allowed="false" c-set-subsequent-allowed="true" date-revised="2013-01-01" status="published"><classification-symbol>A23Y2280/55</classification-symbol><class-title date-revised="2013-01-01"><title-part><text>Pentosaceus</text></title-part></class-title></classification-item>
<classification-item breakdown-code="true" not-allocatable="false" level="8" additional-only="true" sort-key="A23Y280/61" definition-exists="false" ipc-concordant="CPCONLY" c-set-base-allowed="false" c-set-subsequent-allowed="true" date-revised="2013-01-01" status="published"><classification-symbol>A23Y2280/61</classification-symbol><class-title date-revised="2013-01-01"><title-part><text>Urinaeequi</text></title-part></class-title></classification-item></classification-item>
<classification-item breakdown-code="true" not-allocatable="false" level="7" additional-only="true" sort-key="A23Y300/00" definition-exists="false" ipc-concordant="CPCONLY" c-set-base-allowed="false" c-set-subsequent-allowed="true" date-revised="2013-01-01" status="published"><classification-symbol>A23Y2300/00</classification-symbol><class-title date-revised="2013-01-01"><title-part><text>Bifidobacterium</text></title-part></class-title>
<classification-item breakdown-code="true" not-allocatable="false" level="8" additional-only="true" sort-key="A23Y300/19" definition-exists="false" ipc-concordant="CPCONLY" c-set-base-allowed="false" c-set-subsequent-allowed="true" date-revised="2013-01-01" status="published"><classification-symbol>A23Y2300/19</classification-symbol><class-title date-revised="2013-01-01"><title-part><text>Adolescentis</text></title-part></class-title></classification-item>
<classification-item breakdown-code="true" not-allocatable="false" level="8" additional-only="true" sort-key="A23Y300/21" definition-exists="false" ipc-concordant="CPCONLY" c-set-base-allowed="false" c-set-subsequent-allowed="true" date-revised="2013-01-01" status="published"><classification-symbol>A23Y2300/21</classification-symbol><class-title date-revised="2013-01-01"><title-part><text>Animalis</text></title-part></class-title></classification-item>
<classification-item breakdown-code="true" not-allocatable="false" level="8" additional-only="true" sort-key="A23Y300/25" definition-exists="false" ipc-concordant="CPCONLY" c-set-base-allowed="false" c-set-subsequent-allowed="true" date-revised="2013-01-01" status="published"><classification-symbol>A23Y2300/25</classification-symbol><class-title date-revised="2013-01-01"><title-part><text>Bifidum</text></title-part></class-title></classification-item>
<classification-item breakdown-code="true" not-allocatable="false" level="8" additional-only="true" sort-key="A23Y300/29" definition-exists="false" ipc-concordant="CPCONLY" c-set-base-allowed="false" c-set-subsequent-allowed="true" date-revised="2013-01-01" status="published"><classification-symbol>A23Y2300/29</classification-symbol><class-title date-revised="2013-01-01"><title-part><text>Breve</text></title-part></class-title></classification-item>
<classification-item breakdown-code="true" not-allocatable="false" level="8" additional-only="true" sort-key="A23Y300/31" definition-exists="false" ipc-concordant="CPCONLY" c-set-base-allowed="false" c-set-subsequent-allowed="true" date-revised="2013-01-01" status="published"><classification-symbol>A23Y2300/31</classification-symbol><class-title date-revised="2013-01-01"><title-part><text>Catenulatum</text></title-part></class-title></classification-item>
<classification-item breakdown-code="true" not-allocatable="false" level="8" additional-only="true" sort-key="A23Y300/35" definition-exists="false" ipc-concordant="CPCONLY" c-set-base-allowed="false" c-set-subsequent-allowed="true" date-revised="2013-01-01" status="published"><classification-symbol>A23Y2300/35</classification-symbol><class-title date-revised="2013-01-01"><title-part><text>Coryneforme</text></title-part></class-title></classification-item>
<classification-item breakdown-code="true" not-allocatable="false" level="8" additional-only="true" sort-key="A23Y300/39" definition-exists="false" ipc-concordant="CPCONLY" c-set-base-allowed="false" c-set-subsequent-allowed="true" date-revised="2013-01-01" status="published"><classification-symbol>A23Y2300/39</classification-symbol><class-title date-revised="2013-01-01"><title-part><text>Dentium</text></title-part></class-title></classification-item>
<classification-item breakdown-code="true" not-allocatable="false" level="8" additional-only="true" sort-key="A23Y300/41" definition-exists="false" ipc-concordant="CPCONLY" c-set-base-allowed="false" c-set-subsequent-allowed="true" date-revised="2013-01-01" status="published"><classification-symbol>A23Y2300/41</classification-symbol><class-title date-revised="2013-01-01"><title-part><text>Gallicum</text></title-part></class-title></classification-item>
<classification-item breakdown-code="true" not-allocatable="false" level="8" additional-only="true" sort-key="A23Y300/45" definition-exists="false" ipc-concordant="CPCONLY" c-set-base-allowed="false" c-set-subsequent-allowed="true" date-revised="2013-01-01" status="published"><classification-symbol>A23Y2300/45</classification-symbol><class-title date-revised="2013-01-01"><title-part><text>Infantis</text></title-part></class-title></classification-item>
<classification-item breakdown-code="true" not-allocatable="false" level="8" additional-only="true" sort-key="A23Y300/49" definition-exists="false" ipc-concordant="CPCONLY" c-set-base-allowed="false" c-set-subsequent-allowed="true" date-revised="2013-01-01" status="published"><classification-symbol>A23Y2300/49</classification-symbol><class-title date-revised="2013-01-01"><title-part><text>Lactis</text></title-part></class-title></classification-item>
<classification-item breakdown-code="true" not-allocatable="false" level="8" additional-only="true" sort-key="A23Y300/55" definition-exists="false" ipc-concordant="CPCONLY" c-set-base-allowed="false" c-set-subsequent-allowed="true" date-revised="2013-01-01" status="published"><classification-symbol>A23Y2300/55</classification-symbol><class-title date-revised="2013-01-01"><title-part><text>Longum</text></title-part></class-title></classification-item>
<classification-item breakdown-code="true" not-allocatable="false" level="8" additional-only="true" sort-key="A23Y300/59" definition-exists="false" ipc-concordant="CPCONLY" c-set-base-allowed="false" c-set-subsequent-allowed="true" date-revised="2013-01-01" status="published"><classification-symbol>A23Y2300/59</classification-symbol><class-title date-revised="2013-01-01"><title-part><text>Pseudocatenulatum</text></title-part></class-title></classification-item>
<classification-item breakdown-code="true" not-allocatable="false" level="8" additional-only="true" sort-key="A23Y300/65" definition-exists="false" ipc-concordant="CPCONLY" c-set-base-allowed="false" c-set-subsequent-allowed="true" date-revised="2013-01-01" status="published"><classification-symbol>A23Y2300/65</classification-symbol><class-title date-revised="2013-01-01"><title-part><text>Thermacidophilum</text></title-part></class-title></classification-item></classification-item>
<classification-item breakdown-code="true" not-allocatable="false" level="7" additional-only="true" sort-key="A23Y320/00" definition-exists="false" ipc-concordant="CPCONLY" c-set-base-allowed="false" c-set-subsequent-allowed="true" date-revised="2013-01-01" status="published"><classification-symbol>A23Y2320/00</classification-symbol><class-title date-revised="2013-01-01"><title-part><text>Propionibacterium</text></title-part></class-title>
<classification-item breakdown-code="true" not-allocatable="false" level="8" additional-only="true" sort-key="A23Y320/15" definition-exists="false" ipc-concordant="CPCONLY" c-set-base-allowed="false" c-set-subsequent-allowed="true" date-revised="2013-01-01" status="published"><classification-symbol>A23Y2320/15</classification-symbol><class-title date-revised="2013-01-01"><title-part><text>Acidopropionici</text></title-part></class-title></classification-item>
<classification-item breakdown-code="true" not-allocatable="false" level="8" additional-only="true" sort-key="A23Y320/19" definition-exists="false" ipc-concordant="CPCONLY" c-set-base-allowed="false" c-set-subsequent-allowed="true" date-revised="2013-01-01" status="published"><classification-symbol>A23Y2320/19</classification-symbol><class-title date-revised="2013-01-01"><title-part><text>Avidum</text></title-part></class-title></classification-item>
<classification-item breakdown-code="true" not-allocatable="false" level="8" additional-only="true" sort-key="A23Y320/25" definition-exists="false" ipc-concordant="CPCONLY" c-set-base-allowed="false" c-set-subsequent-allowed="true" date-revised="2013-01-01" status="published"><classification-symbol>A23Y2320/25</classification-symbol><class-title date-revised="2013-01-01"><title-part><text>Freudenreichii</text></title-part></class-title></classification-item>
<classification-item breakdown-code="true" not-allocatable="false" level="8" additional-only="true" sort-key="A23Y320/29" definition-exists="false" ipc-concordant="CPCONLY" c-set-base-allowed="false" c-set-subsequent-allowed="true" date-revised="2013-01-01" status="published"><classification-symbol>A23Y2320/29</classification-symbol><class-title date-revised="2013-01-01"><title-part><text>Jensenii</text></title-part></class-title></classification-item>
<classification-item breakdown-code="true" not-allocatable="false" level="8" additional-only="true" sort-key="A23Y320/35" definition-exists="false" ipc-concordant="CPCONLY" c-set-base-allowed="false" c-set-subsequent-allowed="true" date-revised="2013-01-01" status="published"><classification-symbol>A23Y2320/35</classification-symbol><class-title date-revised="2013-01-01"><title-part><text>Propionicum</text></title-part></class-title></classification-item>
<classification-item breakdown-code="true" not-allocatable="false" level="8" additional-only="true" sort-key="A23Y320/39" definition-exists="false" ipc-concordant="CPCONLY" c-set-base-allowed="false" c-set-subsequent-allowed="true" date-revised="2013-01-01" status="published"><classification-symbol>A23Y2320/39</classification-symbol><class-title date-revised="2013-01-01"><title-part><text>Shermanii</text></title-part></class-title></classification-item></classification-item></classification-item></classification-item></class-scheme>