<?xml version="1.0" encoding="UTF-8"?>
<class-scheme publication-date="2021-05-01" scheme-type="cpc" publication-type="official">
<classification-item breakdown-code="false" not-allocatable="true" level="5" additional-only="false" sort-key="C13K" definition-exists="true" date-revised="2021-01-01" status="published"><classification-symbol>C13K</classification-symbol><class-title date-revised="2021-01-01"><title-part><text>SACCHARIDES OBTAINED FROM NATURAL SOURCES OR BY HYDROLYSIS OF NATURALLY OCCURRING DISACCHARIDES, OLIGOSACCHARIDES OR POLYSACCHARIDES </text><reference><text>chemically synthesised sugars or sugar derivatives <class-ref scheme="cpc">C07H</class-ref>; polysaccharides, e.g. starch, derivatives thereof <class-ref scheme="cpc">C08B</class-ref>; malt <class-ref scheme="cpc">C12C</class-ref>; fermentation or enzyme-using processes for preparing compounds containing saccharide radicals <class-ref scheme="cpc">C12P19/00</class-ref>; production of sucrose <class-ref scheme="cpc">C13B</class-ref></text></reference></title-part></class-title>
<classification-item breakdown-code="false" not-allocatable="true" level="6" additional-only="false" sort-key="C13K1/00" date-revised="2013-01-01" status="published"><classification-symbol>C13K1/00</classification-symbol>
<classification-item breakdown-code="false" not-allocatable="false" level="7" additional-only="false" sort-key="C13K1/00" definition-exists="true" ipc-concordant="C13K1/00" c-set-base-allowed="false" c-set-subsequent-allowed="true" date-revised="2013-01-01" status="published"><classification-symbol>C13K1/00</classification-symbol><class-title date-revised="2013-01-01"><title-part><text>Glucose </text><reference><text>separation from invert sugar <class-ref scheme="cpc">C13K3/00</class-ref></text></reference></title-part><title-part><text>Glucose-containing syrups</text></title-part></class-title>
<classification-item breakdown-code="false" not-allocatable="false" level="8" additional-only="false" sort-key="C13K1/02" definition-exists="false" ipc-concordant="C13K1/02" c-set-base-allowed="false" c-set-subsequent-allowed="true" date-revised="2016-05-01" status="published"><classification-symbol>C13K1/02</classification-symbol><class-title date-revised="2016-05-01"><title-part><text>obtained by saccharification of cellulosic materials </text><reference><text>manufacture of fodder <class-ref scheme="cpc">A23K10/32</class-ref></text></reference></title-part></class-title>
<classification-item breakdown-code="false" not-allocatable="false" level="9" additional-only="false" sort-key="C13K1/04" definition-exists="false" ipc-concordant="C13K1/04" c-set-base-allowed="false" c-set-subsequent-allowed="true" date-revised="2013-01-01" status="published"><classification-symbol>C13K1/04</classification-symbol><class-title date-revised="2013-01-01"><title-part><text>Purifying</text></title-part></class-title></classification-item></classification-item>
<classification-item breakdown-code="false" not-allocatable="false" level="8" additional-only="false" sort-key="C13K1/06" definition-exists="false" ipc-concordant="C13K1/06" c-set-base-allowed="false" c-set-subsequent-allowed="true" date-revised="2013-01-01" status="published"><classification-symbol>C13K1/06</classification-symbol><class-title date-revised="2013-01-01"><title-part><text>obtained by saccharification of starch or raw materials containing starch</text></title-part></class-title>
<classification-item breakdown-code="false" not-allocatable="false" level="9" additional-only="false" sort-key="C13K1/08" definition-exists="false" ipc-concordant="C13K1/08" c-set-base-allowed="false" c-set-subsequent-allowed="true" date-revised="2013-01-01" status="published"><classification-symbol>C13K1/08</classification-symbol><class-title date-revised="2013-01-01"><title-part><text>Purifying</text></title-part></class-title></classification-item></classification-item>
<classification-item breakdown-code="false" not-allocatable="false" level="8" additional-only="false" sort-key="C13K1/10" definition-exists="false" ipc-concordant="C13K1/10" c-set-base-allowed="false" c-set-subsequent-allowed="true" date-revised="2013-01-01" status="published"><classification-symbol>C13K1/10</classification-symbol><class-title date-revised="2013-01-01"><title-part><text>Crystallisation</text></title-part></class-title></classification-item></classification-item>
<classification-item breakdown-code="false" not-allocatable="false" level="7" additional-only="false" sort-key="C13K3/00" definition-exists="true" ipc-concordant="C13K3/00" c-set-base-allowed="false" c-set-subsequent-allowed="true" date-revised="2013-01-01" status="published"><classification-symbol>C13K3/00</classification-symbol><class-title date-revised="2013-01-01"><title-part><text>Invert sugar</text></title-part><title-part><text>Separation of glucose or fructose from invert sugar</text></title-part></class-title></classification-item>
<classification-item breakdown-code="false" not-allocatable="false" level="7" additional-only="false" sort-key="C13K5/00" definition-exists="true" ipc-concordant="C13K5/00" c-set-base-allowed="false" c-set-subsequent-allowed="true" date-revised="2013-01-01" status="published"><classification-symbol>C13K5/00</classification-symbol><class-title date-revised="2013-01-01"><title-part><text>Lactose</text></title-part></class-title></classification-item>
<classification-item breakdown-code="false" not-allocatable="false" level="7" additional-only="false" sort-key="C13K7/00" definition-exists="true" ipc-concordant="C13K7/00" c-set-base-allowed="false" c-set-subsequent-allowed="true" date-revised="2013-01-01" status="published"><classification-symbol>C13K7/00</classification-symbol><class-title date-revised="2013-01-01"><title-part><text>Maltose</text></title-part></class-title></classification-item>
<classification-item breakdown-code="false" not-allocatable="false" level="7" additional-only="false" sort-key="C13K11/00" definition-exists="true" ipc-concordant="C13K11/00" c-set-base-allowed="false" c-set-subsequent-allowed="true" date-revised="2013-01-01" status="published"><classification-symbol>C13K11/00</classification-symbol><class-title date-revised="2013-01-01"><title-part><text>Fructose </text><reference><text>separation from invert sugar <class-ref scheme="cpc">C13K3/00</class-ref></text></reference></title-part></class-title></classification-item>
<classification-item breakdown-code="false" not-allocatable="false" level="7" additional-only="false" sort-key="C13K13/00" definition-exists="false" ipc-concordant="C13K13/00" c-set-base-allowed="false" c-set-subsequent-allowed="true" date-revised="2015-11-01" status="published"><classification-symbol>C13K13/00</classification-symbol><class-title date-revised="2015-11-01"><title-part><text>Sugars not otherwise provided for in this class</text></title-part></class-title>
<classification-item breakdown-code="false" not-allocatable="false" level="8" additional-only="false" sort-key="C13K13/002" definition-exists="false" ipc-concordant="C13K13/00" c-set-base-allowed="false" c-set-subsequent-allowed="true" date-revised="2013-01-01" status="published"><classification-symbol>C13K13/002</classification-symbol><class-title date-revised="2013-01-01"><title-part><CPC-specific-text><text>Xylose</text></CPC-specific-text></title-part></class-title></classification-item>
<classification-item breakdown-code="false" not-allocatable="false" level="8" additional-only="false" sort-key="C13K13/005" definition-exists="false" ipc-concordant="C13K13/00" c-set-base-allowed="false" c-set-subsequent-allowed="true" date-revised="2013-01-01" status="published"><classification-symbol>C13K13/005</classification-symbol><class-title date-revised="2013-01-01"><title-part><CPC-specific-text><text>Lactulose</text></CPC-specific-text></title-part></class-title></classification-item>
<classification-item breakdown-code="false" not-allocatable="false" level="8" additional-only="false" sort-key="C13K13/007" definition-exists="false" ipc-concordant="C13K13/00" c-set-base-allowed="false" c-set-subsequent-allowed="true" date-revised="2013-01-01" status="published"><classification-symbol>C13K13/007</classification-symbol><class-title date-revised="2013-01-01"><title-part><CPC-specific-text><text>Separation of sugars provided for in subclass <class-ref scheme="cpc">C13K</class-ref> </text><reference><text><class-ref scheme="cpc">C13K3/00</class-ref> takes precedence</text></reference></CPC-specific-text></title-part></class-title></classification-item></classification-item></classification-item></classification-item></class-scheme>