<?xml version="1.0" encoding="UTF-8"?>
<class-scheme publication-date="2021-05-01" scheme-type="cpc" publication-type="official">
<classification-item breakdown-code="false" not-allocatable="true" level="5" additional-only="false" sort-key="B61K" definition-exists="true" date-revised="2021-01-01" status="published"><classification-symbol>B61K</classification-symbol><class-title date-revised="2021-01-01"><title-part><text>AUXILIARY EQUIPMENT SPECIALLY ADAPTED FOR RAILWAYS, NOT OTHERWISE PROVIDED FOR </text><reference><text>energy-storing brakes <class-ref scheme="cpc">B61H</class-ref>; protection of permanent way against weather influences <class-ref scheme="cpc">E01B</class-ref>; rail cleaning, snow ploughs <class-ref scheme="cpc">E01H</class-ref></text></reference></title-part></class-title><notes-and-warnings><note type="warning"><note-paragraph>In this subclass non-limiting references (in the sense of paragraph 39 of the Guide to the IPC) may still be displayed in the scheme.</note-paragraph></note></notes-and-warnings>
<classification-item breakdown-code="false" not-allocatable="true" level="6" additional-only="false" sort-key="B61K1/00" date-revised="2013-01-01" status="published"><classification-symbol>B61K1/00</classification-symbol>
<classification-item breakdown-code="false" not-allocatable="false" level="7" additional-only="false" sort-key="B61K1/00" definition-exists="true" ipc-concordant="B61K1/00" c-set-base-allowed="false" c-set-subsequent-allowed="true" date-revised="2013-01-01" status="published"><classification-symbol>B61K1/00</classification-symbol><class-title date-revised="2013-01-01"><title-part><text>Transferring passengers, articles, or freight to and from moving trains</text></title-part><title-part><text>Slipping or coupling vehicles from or to moving trains</text></title-part></class-title>
<classification-item breakdown-code="false" not-allocatable="false" level="8" additional-only="false" sort-key="B61K1/02" definition-exists="false" ipc-concordant="B61K1/02" c-set-base-allowed="false" c-set-subsequent-allowed="true" date-revised="2013-01-01" status="published"><classification-symbol>B61K1/02</classification-symbol><class-title date-revised="2013-01-01"><title-part><text>transferring articles to and from moving trains, e.g. mailbag catchers</text></title-part></class-title></classification-item></classification-item>
<classification-item breakdown-code="false" not-allocatable="false" level="7" additional-only="false" sort-key="B61K3/00" definition-exists="true" ipc-concordant="B61K3/00" c-set-base-allowed="false" c-set-subsequent-allowed="true" date-revised="2013-01-01" status="published"><classification-symbol>B61K3/00</classification-symbol><class-title date-revised="2013-01-01"><title-part><text>Wetting or lubricating rails or wheel flanges</text></title-part></class-title>
<classification-item breakdown-code="false" not-allocatable="false" level="8" additional-only="false" sort-key="B61K3/02" definition-exists="false" ipc-concordant="B61K3/02" c-set-base-allowed="false" c-set-subsequent-allowed="true" date-revised="2013-01-01" status="published"><classification-symbol>B61K3/02</classification-symbol><class-title date-revised="2013-01-01"><title-part><text>Apparatus therefor combined with vehicles</text></title-part></class-title></classification-item></classification-item>
<classification-item breakdown-code="false" not-allocatable="false" level="7" additional-only="false" sort-key="B61K5/00" definition-exists="true" ipc-concordant="B61K5/00" c-set-base-allowed="false" c-set-subsequent-allowed="true" date-revised="2017-08-01" status="published"><classification-symbol>B61K5/00</classification-symbol><class-title date-revised="2017-08-01"><title-part><text>Apparatus for placing vehicles on the track</text></title-part><title-part><text>Derailers</text></title-part><title-part><text>Lifting or lowering rail vehicle axles or wheels </text><reference><text>hoisting apparatus <class-ref scheme="cpc">B66</class-ref></text></reference></title-part></class-title>
<classification-item breakdown-code="false" not-allocatable="false" level="8" additional-only="false" sort-key="B61K5/02" definition-exists="false" ipc-concordant="B61K5/02" c-set-base-allowed="false" c-set-subsequent-allowed="true" date-revised="2013-01-01" status="published"><classification-symbol>B61K5/02</classification-symbol><class-title date-revised="2013-01-01"><title-part><text>Devices secured to the vehicles</text></title-part><title-part><text>Turntables integral with the vehicles</text></title-part></class-title></classification-item>
<classification-item breakdown-code="false" not-allocatable="false" level="8" additional-only="false" sort-key="B61K5/04" definition-exists="false" ipc-concordant="B61K5/04" c-set-base-allowed="false" c-set-subsequent-allowed="true" date-revised="2013-01-01" status="published"><classification-symbol>B61K5/04</classification-symbol><class-title date-revised="2013-01-01"><title-part><text>Devices secured to the track</text></title-part></class-title>
<classification-item breakdown-code="false" not-allocatable="false" level="9" additional-only="false" sort-key="B61K5/06" definition-exists="false" ipc-concordant="B61K5/06" c-set-base-allowed="false" c-set-subsequent-allowed="true" date-revised="2013-01-01" status="published"><classification-symbol>B61K5/06</classification-symbol><class-title date-revised="2013-01-01"><title-part><text>Derailing or re-railing blocks</text></title-part></class-title></classification-item></classification-item></classification-item>
<classification-item breakdown-code="false" not-allocatable="false" level="7" additional-only="false" sort-key="B61K7/00" definition-exists="true" ipc-concordant="B61K7/00" c-set-base-allowed="false" c-set-subsequent-allowed="true" date-revised="2013-01-01" status="published"><classification-symbol>B61K7/00</classification-symbol><class-title date-revised="2013-01-01"><title-part><text>Railway stops fixed to permanent way</text></title-part><title-part><text>Track brakes or retarding apparatus fixed to permanent way</text></title-part><title-part><text>Sand tracks or the like </text><reference><text>skids, wedges, vehicle-mounted scotch blocks <class-ref scheme="cpc">B61H</class-ref></text></reference></title-part></class-title>
<classification-item breakdown-code="false" not-allocatable="false" level="8" additional-only="false" sort-key="B61K7/02" definition-exists="false" ipc-concordant="B61K7/02" c-set-base-allowed="false" c-set-subsequent-allowed="true" date-revised="2013-01-01" status="published"><classification-symbol>B61K7/02</classification-symbol><class-title date-revised="2013-01-01"><title-part><text>Track brakes or retarding apparatus </text><reference><text>operating mechanisms for track-mounted scotch blocks <class-ref scheme="cpc">B61L</class-ref></text></reference></title-part></class-title>
<classification-item breakdown-code="false" not-allocatable="false" level="9" additional-only="false" sort-key="B61K7/025" definition-exists="false" ipc-concordant="B61K7/02" c-set-base-allowed="false" c-set-subsequent-allowed="true" date-revised="2013-01-01" status="published"><classification-symbol>B61K7/025</classification-symbol><class-title date-revised="2013-01-01"><title-part><CPC-specific-text><text>Retarders of the mushroom type</text></CPC-specific-text></title-part></class-title></classification-item>
<classification-item breakdown-code="false" not-allocatable="false" level="9" additional-only="false" sort-key="B61K7/04" definition-exists="false" ipc-concordant="B61K7/04" c-set-base-allowed="false" c-set-subsequent-allowed="true" date-revised="2013-01-01" status="published"><classification-symbol>B61K7/04</classification-symbol><class-title date-revised="2013-01-01"><title-part><text>with clamping action</text></title-part></class-title>
<classification-item breakdown-code="false" not-allocatable="false" level="10" additional-only="false" sort-key="B61K7/06" definition-exists="false" ipc-concordant="B61K7/06" c-set-base-allowed="false" c-set-subsequent-allowed="true" date-revised="2013-01-01" status="published"><classification-symbol>B61K7/06</classification-symbol><class-title date-revised="2013-01-01"><title-part><text>operated mechanically</text></title-part></class-title></classification-item>
<classification-item breakdown-code="false" not-allocatable="false" level="10" additional-only="false" sort-key="B61K7/08" definition-exists="false" ipc-concordant="B61K7/08" c-set-base-allowed="false" c-set-subsequent-allowed="true" date-revised="2013-01-01" status="published"><classification-symbol>B61K7/08</classification-symbol><class-title date-revised="2013-01-01"><title-part><text>operated pneumatically or hydraulically</text></title-part></class-title></classification-item></classification-item>
<classification-item breakdown-code="false" not-allocatable="false" level="9" additional-only="false" sort-key="B61K7/10" definition-exists="false" ipc-concordant="B61K7/10" c-set-base-allowed="false" c-set-subsequent-allowed="true" date-revised="2013-01-01" status="published"><classification-symbol>B61K7/10</classification-symbol><class-title date-revised="2013-01-01"><title-part><text>electrodynamic </text><reference><text>on vehicles <class-ref scheme="cpc">B60L</class-ref> </text><CPC-specific-text><text>; <class-ref scheme="cpc">B61K7/025</class-ref> takes precedence</text></CPC-specific-text></reference></title-part></class-title></classification-item>
<classification-item breakdown-code="false" not-allocatable="false" level="9" additional-only="false" sort-key="B61K7/12" definition-exists="false" ipc-concordant="B61K7/12" c-set-base-allowed="false" c-set-subsequent-allowed="true" date-revised="2013-01-01" status="published"><classification-symbol>B61K7/12</classification-symbol><class-title date-revised="2013-01-01"><title-part><text>electrically controlled </text><CPC-specific-text><reference><text><class-ref scheme="cpc">B61K7/025</class-ref> takes precedence</text></reference></CPC-specific-text></title-part></class-title></classification-item></classification-item>
<classification-item breakdown-code="false" not-allocatable="false" level="8" additional-only="false" sort-key="B61K7/14" definition-exists="true" ipc-concordant="B61K7/14" c-set-base-allowed="false" c-set-subsequent-allowed="true" date-revised="2013-01-01" status="published"><classification-symbol>B61K7/14</classification-symbol><class-title date-revised="2013-01-01"><title-part><text>Sand or like tracks</text></title-part></class-title></classification-item>
<classification-item breakdown-code="false" not-allocatable="false" level="8" additional-only="false" sort-key="B61K7/16" definition-exists="false" ipc-concordant="B61K7/16" c-set-base-allowed="false" c-set-subsequent-allowed="true" date-revised="2013-01-01" status="published"><classification-symbol>B61K7/16</classification-symbol><class-title date-revised="2013-01-01"><title-part><text>Positive railway stops</text></title-part></class-title>
<classification-item breakdown-code="false" not-allocatable="false" level="9" additional-only="false" sort-key="B61K7/18" definition-exists="false" ipc-concordant="B61K7/18" c-set-base-allowed="false" c-set-subsequent-allowed="true" date-revised="2013-01-01" status="published"><classification-symbol>B61K7/18</classification-symbol><class-title date-revised="2013-01-01"><title-part><text>Buffer stops</text></title-part></class-title></classification-item>
<classification-item breakdown-code="false" not-allocatable="false" level="9" additional-only="false" sort-key="B61K7/20" definition-exists="false" ipc-concordant="B61K7/20" c-set-base-allowed="false" c-set-subsequent-allowed="true" date-revised="2013-01-01" status="published"><classification-symbol>B61K7/20</classification-symbol><class-title date-revised="2013-01-01"><title-part><text>Positive wheel stops</text></title-part></class-title></classification-item>
<classification-item breakdown-code="false" not-allocatable="false" level="9" additional-only="false" sort-key="B61K7/22" definition-exists="false" ipc-concordant="B61K7/22" c-set-base-allowed="false" c-set-subsequent-allowed="true" date-revised="2013-01-01" status="published"><classification-symbol>B61K7/22</classification-symbol><class-title date-revised="2013-01-01"><title-part><text>Axle stops</text></title-part></class-title></classification-item></classification-item></classification-item>
<classification-item breakdown-code="false" not-allocatable="false" level="7" additional-only="false" sort-key="B61K9/00" definition-exists="true" ipc-concordant="B61K9/00" c-set-base-allowed="false" c-set-subsequent-allowed="true" date-revised="2013-01-01" status="published"><classification-symbol>B61K9/00</classification-symbol><class-title date-revised="2013-01-01"><title-part><text>Railway vehicle profile gauges</text></title-part><title-part><text>Detecting or indicating overheating of components</text></title-part><title-part><text>Apparatus on locomotives or cars to indicate bad track sections</text></title-part><title-part><text>General design of track recording vehicles</text></title-part></class-title>
<classification-item breakdown-code="false" not-allocatable="false" level="8" additional-only="false" sort-key="B61K9/02" definition-exists="false" ipc-concordant="B61K9/02" c-set-base-allowed="false" c-set-subsequent-allowed="true" date-revised="2013-01-01" status="published"><classification-symbol>B61K9/02</classification-symbol><class-title date-revised="2013-01-01"><title-part><text>Profile gauges, e.g. loading gauges</text></title-part></class-title></classification-item>
<classification-item breakdown-code="false" not-allocatable="false" level="8" additional-only="false" sort-key="B61K9/04" definition-exists="false" ipc-concordant="B61K9/04" c-set-base-allowed="false" c-set-subsequent-allowed="true" date-revised="2013-01-01" status="published"><classification-symbol>B61K9/04</classification-symbol><class-title date-revised="2013-01-01"><title-part><text>Detectors for indicating the overheating of axle bearings and the like, e.g. associated with the brake system for applying the brakes in case of a fault</text></title-part></class-title>
<classification-item breakdown-code="false" not-allocatable="false" level="9" additional-only="false" sort-key="B61K9/06" definition-exists="false" ipc-concordant="B61K9/06" c-set-base-allowed="false" c-set-subsequent-allowed="true" date-revised="2013-01-01" status="published"><classification-symbol>B61K9/06</classification-symbol><class-title date-revised="2013-01-01"><title-part><text>by detecting or indicating heat radiation from overheated axles</text></title-part></class-title></classification-item></classification-item>
<classification-item breakdown-code="false" not-allocatable="false" level="8" additional-only="false" sort-key="B61K9/08" definition-exists="false" ipc-concordant="B61K9/08" c-set-base-allowed="false" c-set-subsequent-allowed="true" date-revised="2013-01-01" status="published"><classification-symbol>B61K9/08</classification-symbol><class-title date-revised="2013-01-01"><title-part><text>Measuring installations for surveying permanent way </text><reference><text>applications of measuring apparatus or devices for track building purposes <class-ref scheme="cpc">E01B35/00</class-ref>; measuring techniques <class-ref scheme="cpc">G01</class-ref></text></reference></title-part></class-title>
<classification-item breakdown-code="false" not-allocatable="false" level="9" additional-only="false" sort-key="B61K9/10" definition-exists="false" ipc-concordant="B61K9/10" c-set-base-allowed="false" c-set-subsequent-allowed="true" date-revised="2013-01-01" status="published"><classification-symbol>B61K9/10</classification-symbol><class-title date-revised="2013-01-01"><title-part><text>for detecting cracks in rails or welds thereof</text></title-part></class-title></classification-item></classification-item>
<classification-item breakdown-code="false" not-allocatable="false" level="8" additional-only="false" sort-key="B61K9/12" definition-exists="false" ipc-concordant="B61K9/12" c-set-base-allowed="false" c-set-subsequent-allowed="true" date-revised="2013-01-01" status="published"><classification-symbol>B61K9/12</classification-symbol><class-title date-revised="2013-01-01"><title-part><text>Measuring or surveying wheel-rims </text><reference><text>measuring techniques <class-ref scheme="cpc">G01</class-ref></text></reference></title-part></class-title></classification-item></classification-item>
<classification-item breakdown-code="false" not-allocatable="false" level="7" additional-only="false" sort-key="B61K11/00" definition-exists="true" ipc-concordant="B61K11/00" c-set-base-allowed="false" c-set-subsequent-allowed="true" date-revised="2017-08-01" status="published"><classification-symbol>B61K11/00</classification-symbol><class-title date-revised="2017-08-01"><title-part><text>Serving peculiar to locomotives, e.g. filling with, or emptying of, water, sand, or the like at the depots </text><reference><text>lifting or lowering axles or wheels <class-ref scheme="cpc">B61K5/00</class-ref>; filling stations for steam or pneumatic accumulator locomotives <class-ref scheme="cpc">B61C8/00</class-ref>; water or fuel supply fittings on locomotives <class-ref scheme="cpc">B61C17/02</class-ref>; refuelling locomotives with solid fuels <class-ref scheme="cpc">B65G67/18</class-ref>; washing or cleaning boilers <class-ref scheme="cpc">F28G</class-ref></text></reference></title-part></class-title>
<classification-item breakdown-code="false" not-allocatable="false" level="8" additional-only="false" sort-key="B61K11/02" definition-exists="false" ipc-concordant="B61K11/02" c-set-base-allowed="false" c-set-subsequent-allowed="true" date-revised="2013-01-01" status="published"><classification-symbol>B61K11/02</classification-symbol><class-title date-revised="2013-01-01"><title-part><text>Water columns for locomotives</text></title-part></class-title></classification-item></classification-item>
<classification-item breakdown-code="false" not-allocatable="false" level="7" additional-only="false" sort-key="B61K13/00" definition-exists="true" ipc-concordant="B61K13/00" c-set-base-allowed="false" c-set-subsequent-allowed="true" date-revised="2013-01-01" status="published"><classification-symbol>B61K13/00</classification-symbol><class-title date-revised="2013-01-01"><title-part><text>Other auxiliaries or accessories for railways </text><reference><text>safety belts or harnesses <class-ref scheme="cpc">A62B35/00</class-ref></text></reference></title-part></class-title>
<classification-item breakdown-code="false" not-allocatable="false" level="8" additional-only="false" sort-key="B61K13/02" definition-exists="false" ipc-concordant="B61K13/02" c-set-base-allowed="false" c-set-subsequent-allowed="true" date-revised="2013-01-01" status="published"><classification-symbol>B61K13/02</classification-symbol><class-title date-revised="2013-01-01"><title-part><text>Starting aids for cars amplifying the drawbar pull and transmitting it to the wheels</text></title-part></class-title></classification-item>
<classification-item breakdown-code="false" not-allocatable="false" level="8" additional-only="false" sort-key="B61K13/04" definition-exists="false" ipc-concordant="B61K13/04" c-set-base-allowed="false" c-set-subsequent-allowed="true" date-revised="2013-01-01" status="published"><classification-symbol>B61K13/04</classification-symbol><class-title date-revised="2013-01-01"><title-part><text>Passenger-warning devices attached to vehicles</text></title-part><title-part><text>Safety devices for preventing accidents to passengers when entering or leaving vehicles </text><CPC-specific-text><reference><text>for preventing passengers from being injured by movements of doors <class-ref scheme="cpc">B61D19/026</class-ref></text></reference></CPC-specific-text></title-part></class-title></classification-item></classification-item></classification-item></classification-item></class-scheme>