<?xml version="1.0" encoding="UTF-8"?>
<class-scheme publication-date="2021-05-01" scheme-type="cpc" publication-type="official">
<classification-item breakdown-code="false" not-allocatable="true" level="5" additional-only="false" sort-key="B09B" definition-exists="true" date-revised="2018-08-01" status="published"><classification-symbol>B09B</classification-symbol><class-title date-revised="2013-01-01"><title-part><text>DISPOSAL OF SOLID WASTE</text></title-part></class-title><notes-and-warnings date-revised="2013-01-01"><note type="note"><note-paragraph>This subclass <u>covers</u> only single or combined, e.g. multistage, operations not fully classifiable in a single other subclass</note-paragraph><note-paragraph>In this subclass the following terms or expressions are added with the meanings indicated : <subnote type="bullet"><note-paragraph>&quot;disposal&quot; means the discarding, e.g. dumping, or  destroying of waste or its transformation into something useful or harmless; </note-paragraph><note-paragraph>&quot;solid waste&quot; includes waste which, although it has liquid content, is for practical purposes handled as solid</note-paragraph></subnote></note-paragraph><note-paragraph>Attention is drawn to the following places: <table><row><entry><class-ref scheme="cpc">A23J1/16</class-ref></entry><entry> Obtaining proteins from waste water of starch  manufacturing plants of like wastes </entry></row><row><entry><class-ref scheme="cpc">A23K10/38</class-ref></entry><entry> Animal feeding-stuffs from distillers&apos; or  brewers&apos; waste </entry></row><row><entry><class-ref scheme="cpc">A23K10/28</class-ref></entry><entry> Animal feeding-stuffs from waste products of  dairy </entry></row><row><entry><class-ref scheme="cpc">A23K10/20</class-ref></entry><entry> Animal feeding-stuffs from kitchen waste </entry></row><row><entry><class-ref scheme="cpc">A43B1/12</class-ref></entry><entry> Footwear made of rubber waste </entry></row><row><entry><class-ref scheme="cpc">A61L11/00</class-ref></entry><entry> Disinfection or sterilisation methods specially  adapted for refuse </entry></row><row><entry><class-ref scheme="cpc">A62D3/00</class-ref></entry><entry> Chemical means for combatting harmful chemical  agents; processes for making harmful chemical  agents harmless </entry></row><row><entry><class-ref scheme="cpc">B01D53/34</class-ref></entry><entry> Chemical purification of smoke or fumes, e.g.  flue gas </entry></row><row><entry><class-ref scheme="cpc">B02C18/0084</class-ref></entry><entry> Disintegrating by knives or other cutting or  tearing members, which chop material into  fragments, speciallyz adapted for disintegrating  garbage, waste or sewage </entry></row><row><entry><class-ref scheme="cpc">B03B7/00</class-ref></entry><entry> Combinations of wet processes or apparatus with  other processes or apparatus, e.g. for dressing  ores or garbage </entry></row><row><entry><class-ref scheme="cpc">B03B9/06</class-ref></entry><entry> General arrangement of separating plant, e.g.  flow sheets, specially adapted for refuse </entry></row><row><entry> <class-ref scheme="cpc">B05B12/16</class-ref>, <class-ref scheme="cpc">B05B12/32</class-ref> </entry><entry> Control of spray area of spraying plant, e.g.  masking, side shields; Means for collection or  re-use of excess material </entry></row><row><entry><class-ref scheme="cpc">B08B15/00</class-ref></entry><entry> Prevent escape of dirt or fumes from the area  where they are produced; Collecting or removing  dirt or fumes from that area </entry></row><row><entry><class-ref scheme="cpc">B23D25/14</class-ref></entry><entry> Machines or arrangements for shearing stock  while the latter is travelling otherwise than in  the direction of the cut without regard to the  exact dimensions of the resulting material, e.g.  for cutting up scrap </entry></row><row><entry><class-ref scheme="cpc">B27B33/20</class-ref></entry><entry> Edge trimming saw blades or tools combined with  means to disintegrate waste </entry></row><row><entry><class-ref scheme="cpc">B29B17/00</class-ref></entry><entry> Recovery of plastics or other constituents of  waste material containing plastics </entry></row><row><entry><class-ref scheme="cpc">B30B9/32</class-ref></entry><entry> Presses for consolidating scrap metal or for  compacting used cars </entry></row><row><entry><class-ref scheme="cpc">B63B17/06</class-ref></entry><entry> Refuse discharge from vessels, e.g. for ash <CPC-specific-note><class-ref scheme="cpc">B63J4/006</class-ref></CPC-specific-note> Arrangements of installation for treating waste  water or sewage on vessels </entry></row><row><entry><class-ref scheme="cpc">B65F1/00</class-ref></entry><entry> Refuse receptacles </entry></row><row><entry><class-ref scheme="cpc">B65F3/00</class-ref></entry><entry> Vehicles particularly adapted for collecting  refuse </entry></row><row><entry><class-ref scheme="cpc">B65F5/00</class-ref></entry><entry> Gathering or removal of refuse otherwise than by  receptacles or vehicles </entry></row><row><entry><class-ref scheme="cpc">B65F7/00</class-ref></entry><entry> Cleaning or disinfecting devices combined with  refuse receptacles or refuse vehicles </entry></row><row><entry><class-ref scheme="cpc">C03C1/00</class-ref></entry><entry> Ingredients generally applicable to manufacture  of glasses, glazes or vitreous enamels </entry></row><row><entry><class-ref scheme="cpc">C04B7/24</class-ref></entry><entry> Hydraulic cements from oil shales, residues or  waste other than slag </entry></row><row><entry><class-ref scheme="cpc">C04B11/26</class-ref></entry><entry> Calcium sulfate cements from phosphogypsum or  from waste, e.g. purification products of smoke </entry></row><row><entry><class-ref scheme="cpc">C04B18/04</class-ref></entry><entry> Waste materials or refuse used as fillers for  mortars, concrete, artificial stone or the like </entry></row><row><entry><class-ref scheme="cpc">C04B22/0006</class-ref></entry><entry> Waste inorganic materials used as active  ingredients for mortars, concrete, artificial  stone or the like </entry></row><row><entry><class-ref scheme="cpc">C04B24/001</class-ref></entry><entry> Waste organic materials used as active  ingredients for mortars, concrete, artificial  stone or the like </entry></row><row><entry><class-ref scheme="cpc">C05F9/00</class-ref></entry><entry> Fertilisers made from household or town refuse </entry></row><row><entry><class-ref scheme="cpc">C08J11/00</class-ref></entry><entry> Recovery of waste materials of macromolecular  substances </entry></row><row><entry><class-ref scheme="cpc">C08L17/00</class-ref></entry><entry> Compositions of reclaimed rubber </entry></row><row><entry><class-ref scheme="cpc">C10B53/00</class-ref></entry><entry> Destructive distillation, specially adapted for  particular solid raw materials or solid raw  materials in special form </entry></row><row><entry><class-ref scheme="cpc">C10B57/00</class-ref></entry><entry> Other processes not covered before; Features of  destructive distillation processes in general </entry></row><row><entry><class-ref scheme="cpc">C10G1/10</class-ref></entry><entry> Production of liquid hydrocarbon mixtures from  rubber or rubber waste </entry></row><row><entry><class-ref scheme="cpc">C10L5/46</class-ref></entry><entry> Solid fuels essentially based on sewage, house  or town refuse </entry></row><row><entry><class-ref scheme="cpc">C10L5/48</class-ref></entry><entry> Solid fuels essentially based on industrial  residues and waste materials </entry></row><row><entry><class-ref scheme="cpc">C10M175/02</class-ref></entry><entry> Working-up used lubricants based on mineral oils </entry></row><row><entry><class-ref scheme="cpc">C11B13/00</class-ref></entry><entry> Recovery of fats, fatty oils, or fatty acids  from waste materials </entry></row><row><entry><class-ref scheme="cpc">C11D19/00</class-ref></entry><entry> Recovery of glycerol from a saponification  liquor </entry></row><row><entry><class-ref scheme="cpc">C12F3/00</class-ref></entry><entry> Recovery of by-products </entry></row><row><entry><class-ref scheme="cpc">C12F3/08</class-ref></entry><entry> Recovery of alcohol from press residues or other  waste material </entry></row><row><entry><class-ref scheme="cpc">C12P7/08</class-ref></entry><entry> Biochemical production of ethanol from waste </entry></row><row><entry><class-ref scheme="cpc">C22B7/00</class-ref></entry><entry> Working-up raw materials other than ores, e.g.  scrap, to produce non-ferrous metals or  compounds thereof </entry></row><row><entry><class-ref scheme="cpc">C22B19/28</class-ref></entry><entry> Obtaining zinc or zinc oxide from muffle furnace  residues </entry></row><row><entry><class-ref scheme="cpc">C22B19/30</class-ref></entry><entry> Obtaining zinc or zinc oxide from metallic  residues or scrap </entry></row><row><entry><class-ref scheme="cpc">C22B25/06</class-ref></entry><entry> Obtaining tin from scrap </entry></row><row><entry><class-ref scheme="cpc">D01B</class-ref></entry><entry> Mechanical treatment of natural fibrous or  filamentary material to obtain fibres or  filaments, e.g. for spinning </entry></row><row><entry><class-ref scheme="cpc">D01C5/00</class-ref></entry><entry> Carbonising rags to recover animal fibres </entry></row><row><entry><class-ref scheme="cpc">D01F13/00</class-ref></entry><entry> Recovery of starting material, waste material or  solvents during the manufacture of artificial  filaments or the like </entry></row><row><entry><class-ref scheme="cpc">D01G11/00</class-ref></entry><entry> Disintegrating fibre-containing articles to  obtain fibres for re-use </entry></row><row><entry><class-ref scheme="cpc">D01H11/00</class-ref></entry><entry> Arrangements for confining or removing dust,  fly, or the like </entry></row><row><entry><class-ref scheme="cpc">D06L1/10</class-ref></entry><entry> Regeneration of used chemical baths used for  dry-cleaning or washing fibres, fabrics or the  like </entry></row><row><entry><class-ref scheme="cpc">D21B1/08</class-ref></entry><entry> Dry treatment of waste paper or rags for making  paper or for the production of cellulose </entry></row><row><entry><class-ref scheme="cpc">D21B1/32</class-ref></entry><entry> Defibrating waste paper </entry></row><row><entry><class-ref scheme="cpc">D21C5/02</class-ref></entry><entry> Processes for obtaining cellulose by working-up  waste paper </entry></row><row><entry><class-ref scheme="cpc">D21C11/14</class-ref></entry><entry> Regeneration of pulp liquors by wet combustion </entry></row><row><entry><class-ref scheme="cpc">D21F1/66</class-ref></entry><entry> Re-use of pulp-water in wet end machines for  making continuous webs of paper </entry></row><row><entry><class-ref scheme="cpc">D21H17/01</class-ref></entry><entry> Waste products added to the pulp or used in  paper-impregnating material </entry></row><row><entry><class-ref scheme="cpc">E03F</class-ref></entry><entry> Sewers, Cesspools </entry></row><row><entry><class-ref scheme="cpc">E04F17/10</class-ref></entry><entry> Arrangements in building for the disposal of  refuse </entry></row><row><entry><class-ref scheme="cpc">F23B5/00</class-ref></entry><entry> Combustion apparatus arrangements for burning  uncombusted material from primary combustion </entry></row><row><entry><class-ref scheme="cpc">F23G</class-ref></entry><entry> Consuming waste products by combustion </entry></row><row><entry><class-ref scheme="cpc">F23J</class-ref></entry><entry> Removal or treatment of combustion products or  combustion residues </entry></row><row><entry><class-ref scheme="cpc">G03C11/24</class-ref></entry><entry> Removing emulsion from waste photographic  material </entry></row><row><entry><class-ref scheme="cpc">H01B15/00</class-ref></entry><entry> Apparatus or processes for salvaging material  from electric cables </entry></row><row><entry><class-ref scheme="cpc">H01M6/52</class-ref></entry><entry> Reclaiming serviceable parts of waste cells or  batteries </entry></row><row><entry><class-ref scheme="cpc">H01M10/54</class-ref></entry><entry> Reclaiming serviceable parts of waste  accumulators</entry></row></table></note-paragraph></note><note type="warning"><note-paragraph>In this subclass non-limiting references (in the sense of paragraph 39 of the Guide to the IPC) may still be displayed in the scheme.</note-paragraph></note></notes-and-warnings>
<classification-item breakdown-code="false" not-allocatable="true" level="6" additional-only="false" sort-key="B09B1/00" date-revised="2013-01-01" status="published"><classification-symbol>B09B1/00</classification-symbol>
<classification-item breakdown-code="false" not-allocatable="false" level="7" additional-only="false" sort-key="B09B1/00" definition-exists="true" ipc-concordant="B09B1/00" c-set-base-allowed="false" c-set-subsequent-allowed="true" date-revised="2013-01-01" status="published"><classification-symbol>B09B1/00</classification-symbol><class-title date-revised="2013-01-01"><title-part><text>Dumping solid waste</text></title-part></class-title>
<classification-item breakdown-code="false" not-allocatable="false" level="8" additional-only="false" sort-key="B09B1/002" definition-exists="true" ipc-concordant="B09B1/00" c-set-base-allowed="false" c-set-subsequent-allowed="true" date-revised="2013-01-01" status="published"><classification-symbol>B09B1/002</classification-symbol><class-title date-revised="2013-01-01"><title-part><CPC-specific-text><text>Sea dumping </text><reference><text>disposal of radioactively contaminated material by storage under water <class-ref scheme="cpc">G21F9/24</class-ref></text></reference></CPC-specific-text></title-part></class-title></classification-item>
<classification-item breakdown-code="false" not-allocatable="false" level="8" additional-only="false" sort-key="B09B1/004" definition-exists="true" ipc-concordant="B09B1/00" c-set-base-allowed="false" c-set-subsequent-allowed="true" date-revised="2013-01-01" status="published"><classification-symbol>B09B1/004</classification-symbol><class-title date-revised="2013-01-01"><title-part><CPC-specific-text><text>Covering of dumping sites</text></CPC-specific-text></title-part></class-title></classification-item>
<classification-item breakdown-code="false" not-allocatable="false" level="8" additional-only="false" sort-key="B09B1/006" definition-exists="true" ipc-concordant="B09B1/00" c-set-base-allowed="false" c-set-subsequent-allowed="true" date-revised="2013-01-01" status="published"><classification-symbol>B09B1/006</classification-symbol><class-title date-revised="2013-01-01"><title-part><CPC-specific-text><text>Shafts or wells in waste dumps</text></CPC-specific-text></title-part></class-title></classification-item>
<classification-item breakdown-code="false" not-allocatable="false" level="8" additional-only="false" sort-key="B09B1/008" definition-exists="false" ipc-concordant="B09B1/00" c-set-base-allowed="false" c-set-subsequent-allowed="true" date-revised="2016-08-01" status="published"><classification-symbol>B09B1/008</classification-symbol><class-title date-revised="2016-08-01"><title-part><CPC-specific-text><text>Subterranean disposal, e.g. in boreholes or subsurface fractures</text></CPC-specific-text></title-part></class-title></classification-item></classification-item>
<classification-item breakdown-code="false" not-allocatable="false" level="7" additional-only="false" sort-key="B09B3/00" definition-exists="true" ipc-concordant="B09B3/00" c-set-base-allowed="false" c-set-subsequent-allowed="true" date-revised="2013-01-01" status="published"><classification-symbol>B09B3/00</classification-symbol><class-title date-revised="2013-01-01"><title-part><text>Destroying solid waste or transforming solid waste </text><CPC-specific-text><text>or contaminated solids</text></CPC-specific-text><text> into something useful or harmless</text></title-part></class-title>
<classification-item breakdown-code="false" not-allocatable="false" level="8" additional-only="false" sort-key="B09B3/0008" definition-exists="false" ipc-concordant="B09B3/00" c-set-base-allowed="false" c-set-subsequent-allowed="true" date-revised="2013-01-01" status="published"><classification-symbol>B09B3/0008</classification-symbol><class-title date-revised="2013-01-01"><title-part><CPC-specific-text><text>comprising an adsorption step </text><reference><text>separating processes involving the treatment of liquids with solid sorbents <class-ref scheme="cpc">B01D15/00</class-ref>; separation of gases or vapors by adsorption <class-ref scheme="cpc">B01D53/02</class-ref></text></reference></CPC-specific-text></title-part></class-title></classification-item>
<classification-item breakdown-code="false" not-allocatable="false" level="8" additional-only="false" sort-key="B09B3/0016" definition-exists="false" ipc-concordant="B09B3/00" c-set-base-allowed="false" c-set-subsequent-allowed="true" date-revised="2013-01-01" status="published"><classification-symbol>B09B3/0016</classification-symbol><class-title date-revised="2013-01-01"><title-part><CPC-specific-text><text>comprising an extraction step </text><reference><text>separation by solvent extraction <class-ref scheme="cpc">B01D11/00</class-ref></text></reference></CPC-specific-text></title-part></class-title></classification-item>
<classification-item breakdown-code="false" not-allocatable="false" level="8" additional-only="false" sort-key="B09B3/0025" definition-exists="false" ipc-concordant="B09B3/00" c-set-base-allowed="false" c-set-subsequent-allowed="true" date-revised="2013-01-01" status="published"><classification-symbol>B09B3/0025</classification-symbol><class-title date-revised="2013-01-01"><title-part><CPC-specific-text><text>Agglomeration, binding or encapsulation of solid waste </text><reference><text>solidification of sludge <class-ref scheme="cpc">C02F11/008</class-ref>; waste materials as compounding ingredients in polymers <class-ref scheme="cpc">C08K11/005</class-ref></text></reference></CPC-specific-text></title-part></class-title>
<classification-item breakdown-code="false" not-allocatable="false" level="9" additional-only="false" sort-key="B09B3/0033" definition-exists="false" ipc-concordant="B09B3/00" c-set-base-allowed="false" c-set-subsequent-allowed="true" date-revised="2013-01-01" status="published"><classification-symbol>B09B3/0033</classification-symbol><class-title date-revised="2013-01-01"><title-part><CPC-specific-text><text>using an organic binder or matrix</text></CPC-specific-text></title-part></class-title></classification-item>
<classification-item breakdown-code="false" not-allocatable="false" level="9" additional-only="false" sort-key="B09B3/0041" definition-exists="false" ipc-concordant="B09B3/00" c-set-base-allowed="false" c-set-subsequent-allowed="true" date-revised="2013-01-01" status="published"><classification-symbol>B09B3/0041</classification-symbol><class-title date-revised="2013-01-01"><title-part><CPC-specific-text><text>using a mineral binder or matrix, e.g. to obtain a soil like material </text><reference><text><class-ref scheme="cpc">C04B</class-ref> takes precedence</text></reference><text>; Apparatus therefor</text></CPC-specific-text></title-part></class-title>
<classification-item breakdown-code="false" not-allocatable="false" level="10" additional-only="false" sort-key="B09B3/005" definition-exists="false" ipc-concordant="B09B3/00" c-set-base-allowed="false" c-set-subsequent-allowed="true" date-revised="2013-01-01" status="published"><classification-symbol>B09B3/005</classification-symbol><class-title date-revised="2013-01-01"><title-part><CPC-specific-text><text>involving a melting step</text></CPC-specific-text></title-part></class-title></classification-item></classification-item></classification-item>
<classification-item breakdown-code="false" not-allocatable="false" level="8" additional-only="false" sort-key="B09B3/0058" definition-exists="true" ipc-concordant="B09B3/00" c-set-base-allowed="false" c-set-subsequent-allowed="true" date-revised="2013-01-01" status="published"><classification-symbol>B09B3/0058</classification-symbol><class-title date-revised="2013-01-01"><title-part><CPC-specific-text><text>Removing gases or liquids enclosed in discarded articles, e.g. aerosol cans, cooling systems of refrigerators </text><reference><text>arrangements for charging or discharging refrigerant from refrigerators <class-ref scheme="cpc">F25B45/00</class-ref></text></reference><text>; Removing gases from discarded plastic foam products</text></CPC-specific-text></title-part></class-title></classification-item>
<classification-item breakdown-code="false" not-allocatable="false" level="8" additional-only="false" sort-key="B09B3/0066" definition-exists="true" ipc-concordant="B09B3/00" c-set-base-allowed="false" c-set-subsequent-allowed="true" date-revised="2013-01-01" status="published"><classification-symbol>B09B3/0066</classification-symbol><class-title date-revised="2013-01-01"><title-part><CPC-specific-text><text>Disposal of asbestos</text></CPC-specific-text></title-part></class-title></classification-item>
<classification-item breakdown-code="false" not-allocatable="false" level="8" additional-only="false" sort-key="B09B3/0075" definition-exists="true" ipc-concordant="B09B3/00" c-set-base-allowed="false" c-set-subsequent-allowed="true" date-revised="2016-02-01" status="published"><classification-symbol>B09B3/0075</classification-symbol><class-title date-revised="2016-02-01"><title-part><CPC-specific-text><text>Disposal of medical waste </text><reference><text>casings for used articles, e.g. sharps <class-ref scheme="cpc">A61B50/362</class-ref>; sterilisation of refuse <class-ref scheme="cpc">A61L11/00</class-ref>; disposal of used needles or syringes <class-ref scheme="cpc">A61M5/3205</class-ref>; disintegrating medical waste <class-ref scheme="cpc">B02C19/0075</class-ref></text></reference></CPC-specific-text></title-part></class-title></classification-item>
<classification-item breakdown-code="false" not-allocatable="false" level="8" additional-only="false" sort-key="B09B3/0083" definition-exists="false" ipc-concordant="B09B3/00" c-set-base-allowed="false" c-set-subsequent-allowed="true" date-revised="2013-01-01" status="published"><classification-symbol>B09B3/0083</classification-symbol><class-title date-revised="2013-01-01"><title-part><CPC-specific-text><text>by means of a thermal treatment, e.g. evaporation </text><reference><text>treatment of waste by pyrolysis or by combustion <class-ref scheme="cpc">F23G5/00</class-ref></text></reference></CPC-specific-text></title-part></class-title>
<classification-item breakdown-code="false" not-allocatable="false" level="9" additional-only="false" sort-key="B09B3/0091" definition-exists="false" ipc-concordant="B09B3/00" c-set-base-allowed="false" c-set-subsequent-allowed="true" date-revised="2013-01-01" status="published"><classification-symbol>B09B3/0091</classification-symbol><class-title date-revised="2013-01-01"><title-part><CPC-specific-text><text>Steam treatment</text></CPC-specific-text></title-part></class-title></classification-item></classification-item></classification-item>
<classification-item breakdown-code="false" not-allocatable="false" level="7" additional-only="false" sort-key="B09B5/00" definition-exists="false" ipc-concordant="B09B5/00" c-set-base-allowed="false" c-set-subsequent-allowed="true" date-revised="2013-01-01" status="published"><classification-symbol>B09B5/00</classification-symbol><class-title date-revised="2013-01-01"><title-part><text>Operations not covered by single other subclass or by a single other group in this subclass</text></title-part></class-title></classification-item></classification-item>
<classification-item breakdown-code="false" not-allocatable="true" level="6" additional-only="true" sort-key="B09B220/00" date-revised="2016-05-01" status="published"><classification-symbol>B09B2220/00</classification-symbol>
<classification-item breakdown-code="true" not-allocatable="false" level="7" additional-only="true" sort-key="B09B220/00" definition-exists="false" ipc-concordant="CPCONLY" c-set-base-allowed="false" c-set-subsequent-allowed="true" date-revised="2013-01-01" status="published"><classification-symbol>B09B2220/00</classification-symbol><class-title date-revised="2013-01-01"><title-part><text>Type of waste materials treated</text></title-part></class-title>
<classification-item breakdown-code="true" not-allocatable="false" level="8" additional-only="true" sort-key="B09B220/02" definition-exists="false" ipc-concordant="CPCONLY" c-set-base-allowed="false" c-set-subsequent-allowed="true" date-revised="2013-01-01" status="published"><classification-symbol>B09B2220/02</classification-symbol><class-title date-revised="2013-01-01"><title-part><text>Aerosol cans, especially draining thereof</text></title-part></class-title></classification-item>
<classification-item breakdown-code="true" not-allocatable="false" level="8" additional-only="true" sort-key="B09B220/04" definition-exists="false" ipc-concordant="CPCONLY" c-set-base-allowed="false" c-set-subsequent-allowed="true" date-revised="2013-01-01" status="published"><classification-symbol>B09B2220/04</classification-symbol><class-title date-revised="2013-01-01"><title-part><text>Animal meals</text></title-part></class-title></classification-item>
<classification-item breakdown-code="true" not-allocatable="false" level="8" additional-only="true" sort-key="B09B220/06" definition-exists="false" ipc-concordant="CPCONLY" c-set-base-allowed="false" c-set-subsequent-allowed="true" date-revised="2013-01-01" status="published"><classification-symbol>B09B2220/06</classification-symbol><class-title date-revised="2013-01-01"><title-part><text>Incineration ashes</text></title-part></class-title></classification-item>
<classification-item breakdown-code="true" not-allocatable="false" level="8" additional-only="true" sort-key="B09B220/08" definition-exists="false" ipc-concordant="CPCONLY" c-set-base-allowed="false" c-set-subsequent-allowed="true" date-revised="2013-01-01" status="published"><classification-symbol>B09B2220/08</classification-symbol><class-title date-revised="2013-01-01"><title-part><text>Discarded filters, especially draining thereof</text></title-part></class-title></classification-item>
<classification-item breakdown-code="true" not-allocatable="false" level="8" additional-only="true" sort-key="B09B220/10" definition-exists="false" ipc-concordant="CPCONLY" c-set-base-allowed="false" c-set-subsequent-allowed="true" date-revised="2013-01-01" status="published"><classification-symbol>B09B2220/10</classification-symbol><class-title date-revised="2013-01-01"><title-part><text>Fuel tanks, especially draining thereof</text></title-part></class-title></classification-item>
<classification-item breakdown-code="true" not-allocatable="false" level="8" additional-only="true" sort-key="B09B220/12" definition-exists="false" ipc-concordant="CPCONLY" c-set-base-allowed="false" c-set-subsequent-allowed="true" date-revised="2013-01-01" status="published"><classification-symbol>B09B2220/12</classification-symbol><class-title date-revised="2013-01-01"><title-part><text>Shock absorbers, especially draining thereof</text></title-part></class-title></classification-item>
<classification-item breakdown-code="true" not-allocatable="false" level="8" additional-only="true" sort-key="B09B220/14" definition-exists="false" ipc-concordant="CPCONLY" c-set-base-allowed="false" c-set-subsequent-allowed="true" date-revised="2013-01-01" status="published"><classification-symbol>B09B2220/14</classification-symbol><class-title date-revised="2013-01-01"><title-part><text>Transdermal patches</text></title-part></class-title></classification-item></classification-item></classification-item></classification-item></class-scheme>