<?xml version="1.0" encoding="UTF-8"?>
<class-scheme publication-date="2021-05-01" scheme-type="cpc" publication-type="official">
<classification-item breakdown-code="false" not-allocatable="true" level="5" additional-only="false" sort-key="A41G" definition-exists="false" date-revised="2018-08-01" status="published"><classification-symbol>A41G</classification-symbol><class-title date-revised="2013-01-01"><title-part><text>ARTIFICIAL FLOWERS</text></title-part><title-part><text>WIGS</text></title-part><title-part><text>MASKS</text></title-part><title-part><text>FEATHERS</text></title-part></class-title><notes-and-warnings><note type="warning"><note-paragraph>In this subclass non-limiting references (in the sense of paragraph 39 of the Guide to the IPC) may still be displayed in the scheme.</note-paragraph></note></notes-and-warnings>
<classification-item breakdown-code="false" not-allocatable="true" level="6" additional-only="false" sort-key="A41G1/00" date-revised="2013-01-01" status="published"><classification-symbol>A41G1/00</classification-symbol>
<classification-item breakdown-code="false" not-allocatable="false" level="7" additional-only="false" sort-key="A41G1/00" definition-exists="true" ipc-concordant="A41G1/00" c-set-base-allowed="false" c-set-subsequent-allowed="true" date-revised="2013-01-01" status="published"><classification-symbol>A41G1/00</classification-symbol><class-title date-revised="2013-01-01"><title-part><text>Artificial flowers, fruit, leaves, or trees </text><reference><text>artificial Christmas trees <class-ref scheme="cpc">A47G33/06</class-ref></text></reference></title-part><title-part><text>Garlands</text></title-part></class-title>
<classification-item breakdown-code="false" not-allocatable="false" level="8" additional-only="false" sort-key="A41G1/001" definition-exists="true" ipc-concordant="A41G1/00" c-set-base-allowed="false" c-set-subsequent-allowed="true" date-revised="2013-01-01" status="published"><classification-symbol>A41G1/001</classification-symbol><class-title date-revised="2013-01-01"><title-part><CPC-specific-text><text>characterised by their special functions</text></CPC-specific-text></title-part></class-title>
<classification-item breakdown-code="false" not-allocatable="false" level="9" additional-only="false" sort-key="A41G1/002" definition-exists="false" ipc-concordant="A41G1/00" c-set-base-allowed="false" c-set-subsequent-allowed="true" date-revised="2013-01-01" status="published"><classification-symbol>A41G1/002</classification-symbol><class-title date-revised="2013-01-01"><title-part><CPC-specific-text><text>Animated or provided with moving parts</text></CPC-specific-text></title-part></class-title></classification-item>
<classification-item breakdown-code="false" not-allocatable="false" level="9" additional-only="false" sort-key="A41G1/003" definition-exists="false" ipc-concordant="A41G1/00" c-set-base-allowed="false" c-set-subsequent-allowed="true" date-revised="2013-01-01" status="published"><classification-symbol>A41G1/003</classification-symbol><class-title date-revised="2013-01-01"><title-part><CPC-specific-text><text>Emitting sounds or music</text></CPC-specific-text></title-part></class-title></classification-item>
<classification-item breakdown-code="false" not-allocatable="false" level="9" additional-only="false" sort-key="A41G1/004" definition-exists="false" ipc-concordant="A41G1/00" c-set-base-allowed="false" c-set-subsequent-allowed="true" date-revised="2013-01-01" status="published"><classification-symbol>A41G1/004</classification-symbol><class-title date-revised="2013-01-01"><title-part><CPC-specific-text><text>Changing colors</text></CPC-specific-text></title-part></class-title></classification-item>
<classification-item breakdown-code="false" not-allocatable="false" level="9" additional-only="false" sort-key="A41G1/005" definition-exists="true" ipc-concordant="A41G1/00" c-set-base-allowed="false" c-set-subsequent-allowed="true" date-revised="2013-01-01" status="published"><classification-symbol>A41G1/005</classification-symbol><class-title date-revised="2013-01-01"><title-part><CPC-specific-text><text>luminous or luminescent</text></CPC-specific-text></title-part></class-title></classification-item>
<classification-item breakdown-code="false" not-allocatable="false" level="9" additional-only="false" sort-key="A41G1/006" definition-exists="true" ipc-concordant="A41G1/00" c-set-base-allowed="false" c-set-subsequent-allowed="true" date-revised="2013-01-01" status="published"><classification-symbol>A41G1/006</classification-symbol><class-title date-revised="2013-01-01"><title-part><CPC-specific-text><text>Diffusing perfume or the like</text></CPC-specific-text></title-part></class-title></classification-item></classification-item>
<classification-item breakdown-code="false" not-allocatable="false" level="8" additional-only="false" sort-key="A41G1/007" definition-exists="true" ipc-concordant="A41G1/00" c-set-base-allowed="false" c-set-subsequent-allowed="true" date-revised="2013-01-01" status="published"><classification-symbol>A41G1/007</classification-symbol><class-title date-revised="2013-01-01"><title-part><CPC-specific-text><text>Artificial trees</text></CPC-specific-text></title-part></class-title></classification-item>
<classification-item breakdown-code="false" not-allocatable="false" level="8" additional-only="false" sort-key="A41G1/008" definition-exists="false" ipc-concordant="A41G1/00" c-set-base-allowed="false" c-set-subsequent-allowed="true" date-revised="2013-01-01" status="published"><classification-symbol>A41G1/008</classification-symbol><class-title date-revised="2013-01-01"><title-part><CPC-specific-text><text>Artificial fruits or vegetables</text></CPC-specific-text></title-part></class-title></classification-item>
<classification-item breakdown-code="false" not-allocatable="false" level="8" additional-only="false" sort-key="A41G1/009" definition-exists="true" ipc-concordant="A41G1/00" c-set-base-allowed="false" c-set-subsequent-allowed="true" date-revised="2013-01-01" status="published"><classification-symbol>A41G1/009</classification-symbol><class-title date-revised="2013-01-01"><title-part><CPC-specific-text><text>Artificial grass </text><reference><text>surfaces simulating grass <class-ref scheme="cpc">E01C13/08</class-ref></text></reference></CPC-specific-text></title-part></class-title></classification-item>
<classification-item breakdown-code="false" not-allocatable="false" level="8" additional-only="false" sort-key="A41G1/02" definition-exists="false" ipc-concordant="A41G1/02" c-set-base-allowed="false" c-set-subsequent-allowed="true" date-revised="2013-01-01" status="published"><classification-symbol>A41G1/02</classification-symbol><class-title date-revised="2013-01-01"><title-part><text>Implements, apparatus, or machines for making artificial flowers, or the like</text></title-part></class-title></classification-item>
<classification-item breakdown-code="false" not-allocatable="false" level="8" additional-only="false" sort-key="A41G1/04" definition-exists="true" ipc-concordant="A41G1/04" c-set-base-allowed="false" c-set-subsequent-allowed="true" date-revised="2013-01-01" status="published"><classification-symbol>A41G1/04</classification-symbol><class-title date-revised="2013-01-01"><title-part><text>Garlands</text></title-part><title-part><text>Assembly of garlands</text></title-part></class-title></classification-item></classification-item>
<classification-item breakdown-code="false" not-allocatable="false" level="7" additional-only="false" sort-key="A41G3/00" definition-exists="true" ipc-concordant="A41G3/00" c-set-base-allowed="false" c-set-subsequent-allowed="true" date-revised="2013-01-01" status="published"><classification-symbol>A41G3/00</classification-symbol><class-title date-revised="2013-01-01"><title-part><text>Wigs </text><reference><text>for dolls only <class-ref scheme="cpc">A63H3/44</class-ref></text></reference></title-part></class-title>
<classification-item breakdown-code="false" not-allocatable="false" level="8" additional-only="false" sort-key="A41G3/0008" definition-exists="false" ipc-concordant="A41G3/00" c-set-base-allowed="false" c-set-subsequent-allowed="true" date-revised="2013-01-01" status="published"><classification-symbol>A41G3/0008</classification-symbol><class-title date-revised="2013-01-01"><title-part><CPC-specific-text><text>Fastening thereof</text></CPC-specific-text></title-part></class-title>
<classification-item breakdown-code="false" not-allocatable="false" level="9" additional-only="false" sort-key="A41G3/0016" definition-exists="false" ipc-concordant="A41G3/00" c-set-base-allowed="false" c-set-subsequent-allowed="true" date-revised="2013-01-01" status="published"><classification-symbol>A41G3/0016</classification-symbol><class-title date-revised="2013-01-01"><title-part><CPC-specific-text><text>by adjusting or elastic means</text></CPC-specific-text></title-part></class-title></classification-item>
<classification-item breakdown-code="false" not-allocatable="false" level="9" additional-only="false" sort-key="A41G3/0025" definition-exists="false" ipc-concordant="A41G3/00" c-set-base-allowed="false" c-set-subsequent-allowed="true" date-revised="2013-01-01" status="published"><classification-symbol>A41G3/0025</classification-symbol><class-title date-revised="2013-01-01"><title-part><CPC-specific-text><text>by adhesive means</text></CPC-specific-text></title-part></class-title></classification-item>
<classification-item breakdown-code="false" not-allocatable="false" level="9" additional-only="false" sort-key="A41G3/0033" definition-exists="false" ipc-concordant="A41G3/00" c-set-base-allowed="false" c-set-subsequent-allowed="true" date-revised="2013-01-01" status="published"><classification-symbol>A41G3/0033</classification-symbol><class-title date-revised="2013-01-01"><title-part><CPC-specific-text><text>by mechanical fasteners, e.g. clasps or combs</text></CPC-specific-text></title-part></class-title></classification-item></classification-item>
<classification-item breakdown-code="false" not-allocatable="false" level="8" additional-only="false" sort-key="A41G3/0041" definition-exists="false" ipc-concordant="A41G3/00" c-set-base-allowed="false" c-set-subsequent-allowed="true" date-revised="2013-01-01" status="published"><classification-symbol>A41G3/0041</classification-symbol><class-title date-revised="2013-01-01"><title-part><CPC-specific-text><text>Bases for wigs</text></CPC-specific-text></title-part></class-title>
<classification-item breakdown-code="false" not-allocatable="false" level="9" additional-only="false" sort-key="A41G3/005" definition-exists="true" ipc-concordant="A41G3/00" c-set-base-allowed="false" c-set-subsequent-allowed="true" date-revised="2013-01-01" status="published"><classification-symbol>A41G3/005</classification-symbol><class-title date-revised="2013-01-01"><title-part><CPC-specific-text><text>made of a net structure</text></CPC-specific-text></title-part></class-title></classification-item>
<classification-item breakdown-code="false" not-allocatable="false" level="9" additional-only="false" sort-key="A41G3/0058" definition-exists="true" ipc-concordant="A41G3/00" c-set-base-allowed="false" c-set-subsequent-allowed="true" date-revised="2013-01-01" status="published"><classification-symbol>A41G3/0058</classification-symbol><class-title date-revised="2013-01-01"><title-part><CPC-specific-text><text>made of a frame structure</text></CPC-specific-text></title-part></class-title></classification-item></classification-item>
<classification-item breakdown-code="false" not-allocatable="false" level="8" additional-only="false" sort-key="A41G3/0066" definition-exists="true" ipc-concordant="A41G3/00" c-set-base-allowed="false" c-set-subsequent-allowed="true" date-revised="2013-01-01" status="published"><classification-symbol>A41G3/0066</classification-symbol><class-title date-revised="2013-01-01"><title-part><CPC-specific-text><text>Planting hair on bases for wigs</text></CPC-specific-text></title-part></class-title></classification-item>
<classification-item breakdown-code="false" not-allocatable="false" level="8" additional-only="false" sort-key="A41G3/0075" definition-exists="false" ipc-concordant="A41G3/00" c-set-base-allowed="false" c-set-subsequent-allowed="true" date-revised="2013-01-01" status="published"><classification-symbol>A41G3/0075</classification-symbol><class-title date-revised="2013-01-01"><title-part><CPC-specific-text><text>Methods and machines for making wigs</text></CPC-specific-text></title-part></class-title></classification-item>
<classification-item breakdown-code="false" not-allocatable="false" level="8" additional-only="false" sort-key="A41G3/0083" definition-exists="true" ipc-concordant="A41G3/00" c-set-base-allowed="false" c-set-subsequent-allowed="true" date-revised="2013-01-01" status="published"><classification-symbol>A41G3/0083</classification-symbol><class-title date-revised="2013-01-01"><title-part><CPC-specific-text><text>Filaments for making wigs </text><reference><text>artificial filaments <class-ref scheme="cpc">D01F6/00</class-ref></text></reference></CPC-specific-text></title-part></class-title></classification-item>
<classification-item breakdown-code="false" not-allocatable="false" level="8" additional-only="false" sort-key="A41G3/0091" definition-exists="true" ipc-concordant="A41G3/00" c-set-base-allowed="false" c-set-subsequent-allowed="true" date-revised="2013-01-01" status="published"><classification-symbol>A41G3/0091</classification-symbol><class-title date-revised="2013-01-01"><title-part><CPC-specific-text><text>Sweat absorbing means or deodorants</text></CPC-specific-text></title-part></class-title></classification-item></classification-item>
<classification-item breakdown-code="false" not-allocatable="false" level="7" additional-only="false" sort-key="A41G5/00" definition-exists="true" ipc-concordant="A41G5/00" c-set-base-allowed="false" c-set-subsequent-allowed="true" date-revised="2018-01-01" status="published"><classification-symbol>A41G5/00</classification-symbol><class-title date-revised="2018-01-01"><title-part><text>Hair pieces, inserts, rolls, pads, or the like</text></title-part><title-part><text>Toup&#233;es</text></title-part></class-title>
<classification-item breakdown-code="false" not-allocatable="false" level="8" additional-only="false" sort-key="A41G5/0006" definition-exists="true" ipc-concordant="A41G5/00" c-set-base-allowed="false" c-set-subsequent-allowed="true" date-revised="2018-01-01" status="published"><classification-symbol>A41G5/0006</classification-symbol><class-title date-revised="2018-01-01"><title-part><CPC-specific-text><text>Toup&#233;es covering a bald portion of the head</text></CPC-specific-text></title-part></class-title>
<classification-item breakdown-code="false" not-allocatable="false" level="9" additional-only="false" sort-key="A41G5/0013" definition-exists="false" ipc-concordant="A41G5/00" c-set-base-allowed="false" c-set-subsequent-allowed="true" date-revised="2013-01-01" status="published"><classification-symbol>A41G5/0013</classification-symbol><class-title date-revised="2013-01-01"><title-part><CPC-specific-text><text>Fastening thereof</text></CPC-specific-text></title-part></class-title>
<classification-item breakdown-code="false" not-allocatable="false" level="10" additional-only="false" sort-key="A41G5/002" definition-exists="false" ipc-concordant="A41G5/00" c-set-base-allowed="false" c-set-subsequent-allowed="true" date-revised="2013-01-01" status="published"><classification-symbol>A41G5/002</classification-symbol><class-title date-revised="2013-01-01"><title-part><CPC-specific-text><text>by threading with the remaining hair of the user</text></CPC-specific-text></title-part></class-title></classification-item>
<classification-item breakdown-code="false" not-allocatable="false" level="10" additional-only="false" sort-key="A41G5/0026" definition-exists="false" ipc-concordant="A41G5/00" c-set-base-allowed="false" c-set-subsequent-allowed="true" date-revised="2013-01-01" status="published"><classification-symbol>A41G5/0026</classification-symbol><class-title date-revised="2013-01-01"><title-part><CPC-specific-text><text>by mechanical fasteners, e.g. clasps, buttons, combs</text></CPC-specific-text></title-part></class-title></classification-item>
<classification-item breakdown-code="false" not-allocatable="false" level="10" additional-only="false" sort-key="A41G5/0033" definition-exists="false" ipc-concordant="A41G5/00" c-set-base-allowed="false" c-set-subsequent-allowed="true" date-revised="2013-01-01" status="published"><classification-symbol>A41G5/0033</classification-symbol><class-title date-revised="2013-01-01"><title-part><CPC-specific-text><text>by adhesives</text></CPC-specific-text></title-part></class-title></classification-item></classification-item></classification-item>
<classification-item breakdown-code="false" not-allocatable="false" level="8" additional-only="false" sort-key="A41G5/004" definition-exists="true" ipc-concordant="A41G5/00" c-set-base-allowed="false" c-set-subsequent-allowed="true" date-revised="2013-01-01" status="published"><classification-symbol>A41G5/004</classification-symbol><class-title date-revised="2013-01-01"><title-part><CPC-specific-text><text>Hair pieces</text></CPC-specific-text></title-part></class-title>
<classification-item breakdown-code="false" not-allocatable="false" level="9" additional-only="false" sort-key="A41G5/0046" definition-exists="true" ipc-concordant="A41G5/00" c-set-base-allowed="false" c-set-subsequent-allowed="true" date-revised="2013-01-01" status="published"><classification-symbol>A41G5/0046</classification-symbol><class-title date-revised="2013-01-01"><title-part><CPC-specific-text><text>forming hair extensions from bundles of hair</text></CPC-specific-text></title-part></class-title></classification-item>
<classification-item breakdown-code="false" not-allocatable="false" level="9" additional-only="false" sort-key="A41G5/0053" definition-exists="true" ipc-concordant="A41G5/00" c-set-base-allowed="false" c-set-subsequent-allowed="true" date-revised="2013-01-01" status="published"><classification-symbol>A41G5/0053</classification-symbol><class-title date-revised="2013-01-01"><title-part><CPC-specific-text><text>Fastening thereof</text></CPC-specific-text></title-part></class-title>
<classification-item breakdown-code="false" not-allocatable="false" level="10" additional-only="false" sort-key="A41G5/006" definition-exists="false" ipc-concordant="A41G5/00" c-set-base-allowed="false" c-set-subsequent-allowed="true" date-revised="2013-01-01" status="published"><classification-symbol>A41G5/006</classification-symbol><class-title date-revised="2013-01-01"><title-part><CPC-specific-text><text>by threading with the remaining hair of the user</text></CPC-specific-text></title-part></class-title>
<classification-item breakdown-code="false" not-allocatable="false" level="11" additional-only="false" sort-key="A41G5/0066" definition-exists="false" ipc-concordant="A41G5/00" c-set-base-allowed="false" c-set-subsequent-allowed="true" date-revised="2013-01-01" status="published"><classification-symbol>A41G5/0066</classification-symbol><class-title date-revised="2013-01-01"><title-part><CPC-specific-text><text>using deformable connecting sleeves</text></CPC-specific-text></title-part></class-title></classification-item></classification-item>
<classification-item breakdown-code="false" not-allocatable="false" level="10" additional-only="false" sort-key="A41G5/0073" definition-exists="false" ipc-concordant="A41G5/00" c-set-base-allowed="false" c-set-subsequent-allowed="true" date-revised="2013-01-01" status="published"><classification-symbol>A41G5/0073</classification-symbol><class-title date-revised="2013-01-01"><title-part><CPC-specific-text><text>by mechanical fasteners, e.g. clasps, buttons, combs</text></CPC-specific-text></title-part></class-title></classification-item>
<classification-item breakdown-code="false" not-allocatable="false" level="10" additional-only="false" sort-key="A41G5/008" definition-exists="false" ipc-concordant="A41G5/00" c-set-base-allowed="false" c-set-subsequent-allowed="true" date-revised="2013-01-01" status="published"><classification-symbol>A41G5/008</classification-symbol><class-title date-revised="2013-01-01"><title-part><CPC-specific-text><text>by adhesives</text></CPC-specific-text></title-part></class-title></classification-item></classification-item>
<classification-item breakdown-code="false" not-allocatable="false" level="9" additional-only="false" sort-key="A41G5/0086" definition-exists="true" ipc-concordant="A41G5/00" c-set-base-allowed="false" c-set-subsequent-allowed="true" date-revised="2013-01-01" status="published"><classification-symbol>A41G5/0086</classification-symbol><class-title date-revised="2013-01-01"><title-part><CPC-specific-text><text>Applicators or tools for applying hair extensions</text></CPC-specific-text></title-part></class-title></classification-item></classification-item>
<classification-item breakdown-code="false" not-allocatable="false" level="8" additional-only="false" sort-key="A41G5/0093" definition-exists="true" ipc-concordant="A41G5/00" c-set-base-allowed="false" c-set-subsequent-allowed="true" date-revised="2013-01-01" status="published"><classification-symbol>A41G5/0093</classification-symbol><class-title date-revised="2013-01-01"><title-part><CPC-specific-text><text>Hair accessories connected to a head covering, e.g. scarf</text></CPC-specific-text></title-part></class-title></classification-item>
<classification-item breakdown-code="false" not-allocatable="false" level="8" additional-only="false" sort-key="A41G5/02" definition-exists="false" ipc-concordant="A41G5/02" c-set-base-allowed="false" c-set-subsequent-allowed="true" date-revised="2013-01-01" status="published"><classification-symbol>A41G5/02</classification-symbol><class-title date-revised="2013-01-01"><title-part><text>Artificial eyelashes</text></title-part><title-part><text>Artificial eyebrows</text></title-part></class-title></classification-item></classification-item>
<classification-item breakdown-code="false" not-allocatable="false" level="7" additional-only="false" sort-key="A41G7/00" definition-exists="true" ipc-concordant="A41G7/00" c-set-base-allowed="false" c-set-subsequent-allowed="true" date-revised="2013-01-01" status="published"><classification-symbol>A41G7/00</classification-symbol><class-title date-revised="2013-01-01"><title-part><text>Masks or dominoes for concealing identity, e.g. for theatrical use</text></title-part></class-title>
<classification-item breakdown-code="false" not-allocatable="false" level="8" additional-only="false" sort-key="A41G7/02" definition-exists="false" ipc-concordant="A41G7/02" c-set-base-allowed="false" c-set-subsequent-allowed="true" date-revised="2013-01-01" status="published"><classification-symbol>A41G7/02</classification-symbol><class-title date-revised="2013-01-01"><title-part><text>with parts for producing a special effect</text></title-part></class-title></classification-item></classification-item>
<classification-item breakdown-code="false" not-allocatable="false" level="7" additional-only="false" sort-key="A41G9/00" definition-exists="true" ipc-concordant="A41G9/00" c-set-base-allowed="false" c-set-subsequent-allowed="true" date-revised="2013-01-01" status="published"><classification-symbol>A41G9/00</classification-symbol><class-title date-revised="2013-01-01"><title-part><text>Adornments of natural feathers</text></title-part><title-part><text>Working natural feathers </text><reference><text>treatment of bed feathers <class-ref scheme="cpc">B68G3/00</class-ref>, <class-ref scheme="cpc">D06M</class-ref></text></reference></title-part></class-title></classification-item>
<classification-item breakdown-code="false" not-allocatable="false" level="7" additional-only="false" sort-key="A41G11/00" definition-exists="true" ipc-concordant="A41G11/00" c-set-base-allowed="false" c-set-subsequent-allowed="true" date-revised="2013-01-01" status="published"><classification-symbol>A41G11/00</classification-symbol><class-title date-revised="2013-01-01"><title-part><text>Artificial feathers</text></title-part></class-title>
<classification-item breakdown-code="false" not-allocatable="false" level="8" additional-only="false" sort-key="A41G11/02" definition-exists="false" ipc-concordant="A41G11/02" c-set-base-allowed="false" c-set-subsequent-allowed="true" date-revised="2013-01-01" status="published"><classification-symbol>A41G11/02</classification-symbol><class-title date-revised="2013-01-01"><title-part><text>Implements or machines for making artificial feathers</text></title-part></class-title></classification-item></classification-item></classification-item></classification-item></class-scheme>