<?xml version="1.0" encoding="UTF-8"?>
<class-scheme publication-date="2021-05-01" scheme-type="cpc" publication-type="official">
<classification-item breakdown-code="false" not-allocatable="true" level="5" additional-only="false" sort-key="C05D" definition-exists="true" date-revised="2018-01-01" status="published"><classification-symbol>C05D</classification-symbol><class-title date-revised="2013-01-01"><title-part><text>INORGANIC FERTILISERS NOT COVERED BY SUBCLASSES <class-ref scheme="cpc">C05B</class-ref>, <class-ref scheme="cpc">C05C</class-ref></text></title-part><title-part><text>FERTILISERS PRODUCING CARBON DIOXIDE</text></title-part></class-title><notes-and-warnings date-revised="2013-01-01"><note type="warning"><note-paragraph warning-type="ipc-not-used">The following IPC groups are not in the CPC scheme. The subject matter for these IPC groups is classified in the following CPC groups: <table><row><entry><class-ref scheme="ipc">C05D11/00</class-ref></entry><entry>covered by</entry><entry><class-ref scheme="cpc">C05D1/00</class-ref> - <class-ref scheme="cpc">C05D9/00</class-ref></entry></row></table> (see internal note after the title of class <class-ref scheme="cpc">C05</class-ref>)</note-paragraph></note></notes-and-warnings>
<classification-item breakdown-code="false" not-allocatable="true" level="6" additional-only="false" sort-key="C05D1/00" date-revised="2013-01-01" status="published"><classification-symbol>C05D1/00</classification-symbol>
<classification-item breakdown-code="false" not-allocatable="false" level="7" additional-only="false" sort-key="C05D1/00" definition-exists="true" ipc-concordant="C05D1/00" c-set-base-allowed="true" c-set-subsequent-allowed="true" date-revised="2013-01-01" status="published"><classification-symbol>C05D1/00</classification-symbol><class-title date-revised="2013-01-01"><title-part><text>Fertilisers containing potassium </text><reference><text><class-ref scheme="cpc">C05D7/00</class-ref> takes precedence</text></reference></title-part></class-title>
<classification-item breakdown-code="false" not-allocatable="false" level="8" additional-only="false" sort-key="C05D1/005" definition-exists="false" ipc-concordant="C05D1/00" c-set-base-allowed="true" c-set-subsequent-allowed="true" date-revised="2013-01-01" status="published"><classification-symbol>C05D1/005</classification-symbol><class-title date-revised="2013-01-01"><title-part><CPC-specific-text><text>post-treatment</text></CPC-specific-text></title-part></class-title></classification-item>
<classification-item breakdown-code="false" not-allocatable="false" level="8" additional-only="false" sort-key="C05D1/02" definition-exists="false" ipc-concordant="C05D1/02" c-set-base-allowed="true" c-set-subsequent-allowed="true" date-revised="2013-01-01" status="published"><classification-symbol>C05D1/02</classification-symbol><class-title date-revised="2013-01-01"><title-part><text>Manufacture from potassium chloride or sulfate or double or mixed salts thereof</text></title-part></class-title></classification-item>
<classification-item breakdown-code="false" not-allocatable="false" level="8" additional-only="false" sort-key="C05D1/04" definition-exists="false" ipc-concordant="C05D1/04" c-set-base-allowed="true" c-set-subsequent-allowed="true" date-revised="2013-01-01" status="published"><classification-symbol>C05D1/04</classification-symbol><class-title date-revised="2013-01-01"><title-part><text>from minerals or volcanic rocks</text></title-part></class-title></classification-item></classification-item>
<classification-item breakdown-code="false" not-allocatable="false" level="7" additional-only="false" sort-key="C05D3/00" definition-exists="true" ipc-concordant="C05D3/00" c-set-base-allowed="true" c-set-subsequent-allowed="true" date-revised="2013-01-01" status="published"><classification-symbol>C05D3/00</classification-symbol><class-title date-revised="2013-01-01"><title-part><text>Calcareous fertilisers </text><reference><text><class-ref scheme="cpc">C05D7/00</class-ref> takes precedence</text></reference></title-part></class-title>
<classification-item breakdown-code="false" not-allocatable="false" level="8" additional-only="false" sort-key="C05D3/02" definition-exists="false" ipc-concordant="C05D3/02" c-set-base-allowed="true" c-set-subsequent-allowed="true" date-revised="2013-01-01" status="published"><classification-symbol>C05D3/02</classification-symbol><class-title date-revised="2013-01-01"><title-part><text>from limestone, calcium carbonate, calcium hydrate, slaked lime, calcium oxide, waste calcium products</text></title-part></class-title></classification-item>
<classification-item breakdown-code="false" not-allocatable="false" level="8" additional-only="false" sort-key="C05D3/04" definition-exists="true" ipc-concordant="C05D3/04" c-set-base-allowed="true" c-set-subsequent-allowed="true" date-revised="2013-01-01" status="published"><classification-symbol>C05D3/04</classification-symbol><class-title date-revised="2013-01-01"><title-part><text>from blast-furnace slag or other slags containing lime or calcium silicates</text></title-part></class-title></classification-item></classification-item>
<classification-item breakdown-code="false" not-allocatable="false" level="7" additional-only="false" sort-key="C05D5/00" definition-exists="true" ipc-concordant="C05D5/00" c-set-base-allowed="true" c-set-subsequent-allowed="true" date-revised="2013-01-01" status="published"><classification-symbol>C05D5/00</classification-symbol><class-title date-revised="2013-01-01"><title-part><text>Fertilisers containing magnesium </text><reference><text><class-ref scheme="cpc">C05D7/00</class-ref> takes precedence</text></reference></title-part></class-title></classification-item>
<classification-item breakdown-code="false" not-allocatable="false" level="7" additional-only="false" sort-key="C05D7/00" definition-exists="false" ipc-concordant="C05D7/00" c-set-base-allowed="true" c-set-subsequent-allowed="true" date-revised="2013-01-01" status="published"><classification-symbol>C05D7/00</classification-symbol><class-title date-revised="2013-01-01"><title-part><text>Fertilisers producing carbon dioxide</text></title-part></class-title></classification-item>
<classification-item breakdown-code="false" not-allocatable="false" level="7" additional-only="false" sort-key="C05D9/00" definition-exists="true" ipc-concordant="C05D9/00" c-set-base-allowed="true" c-set-subsequent-allowed="true" date-revised="2013-01-01" status="published"><classification-symbol>C05D9/00</classification-symbol><class-title date-revised="2013-01-01"><title-part><text>Other inorganic fertilisers</text></title-part></class-title>
<classification-item breakdown-code="false" not-allocatable="false" level="8" additional-only="false" sort-key="C05D9/02" definition-exists="true" ipc-concordant="C05D9/02" c-set-base-allowed="true" c-set-subsequent-allowed="true" date-revised="2013-01-01" status="published"><classification-symbol>C05D9/02</classification-symbol><class-title date-revised="2013-01-01"><title-part><text>containing trace elements</text></title-part></class-title></classification-item></classification-item></classification-item></classification-item></class-scheme>