<?xml version="1.0" encoding="UTF-8"?>
<class-scheme publication-date="2021-05-01" scheme-type="cpc" publication-type="official">
<classification-item breakdown-code="false" not-allocatable="true" level="5" additional-only="false" sort-key="B31C" definition-exists="true" date-revised="2017-08-01" status="published"><classification-symbol>B31C</classification-symbol><class-title date-revised="2017-08-01"><title-part><text>MAKING WOUND ARTICLES, e.g. WOUND TUBES, OF PAPER, CARDBOARD OR MATERIAL WORKED IN A MANNER ANALOGOUS TO PAPER</text></title-part></class-title><notes-and-warnings date-revised="2013-01-01"><note type="note"><note-paragraph>The term &quot;winding&quot; in this subclass means forming two or more complete convolutions.</note-paragraph></note></notes-and-warnings>
<classification-item breakdown-code="false" not-allocatable="true" level="6" additional-only="false" sort-key="B31C1/00" date-revised="2013-01-01" status="published"><classification-symbol>B31C1/00</classification-symbol>
<classification-item breakdown-code="false" not-allocatable="false" level="7" additional-only="false" sort-key="B31C1/00" definition-exists="false" ipc-concordant="B31C1/00" c-set-base-allowed="false" c-set-subsequent-allowed="true" date-revised="2017-08-01" status="published"><classification-symbol>B31C1/00</classification-symbol><class-title date-revised="2017-08-01"><title-part><text>Making tubes or pipes by feeding at right angles to the winding mandrel centre line</text></title-part></class-title>
<classification-item breakdown-code="false" not-allocatable="false" level="8" additional-only="false" sort-key="B31C1/02" definition-exists="false" ipc-concordant="B31C1/02" c-set-base-allowed="false" c-set-subsequent-allowed="true" date-revised="2013-01-01" status="published"><classification-symbol>B31C1/02</classification-symbol><class-title date-revised="2013-01-01"><title-part><text>Machines therefor having additional mandrels</text></title-part></class-title></classification-item>
<classification-item breakdown-code="false" not-allocatable="false" level="8" additional-only="false" sort-key="B31C1/04" definition-exists="false" ipc-concordant="B31C1/04" c-set-base-allowed="false" c-set-subsequent-allowed="true" date-revised="2013-01-01" status="published"><classification-symbol>B31C1/04</classification-symbol><class-title date-revised="2013-01-01"><title-part><text>and forming a tube end into a container bottom</text></title-part></class-title></classification-item>
<classification-item breakdown-code="false" not-allocatable="false" level="8" additional-only="false" sort-key="B31C1/06" definition-exists="false" ipc-concordant="B31C1/06" c-set-base-allowed="false" c-set-subsequent-allowed="true" date-revised="2013-01-01" status="published"><classification-symbol>B31C1/06</classification-symbol><class-title date-revised="2013-01-01"><title-part><text>and inserting into a tube end a bottom to form a container</text></title-part></class-title></classification-item>
<classification-item breakdown-code="false" not-allocatable="false" level="8" additional-only="false" sort-key="B31C1/08" definition-exists="false" ipc-concordant="B31C1/08" c-set-base-allowed="false" c-set-subsequent-allowed="true" date-revised="2013-01-01" status="published"><classification-symbol>B31C1/08</classification-symbol><class-title date-revised="2013-01-01"><title-part><text>Accessories of machines therefor not otherwise provided for</text></title-part></class-title>
<classification-item breakdown-code="false" not-allocatable="false" level="9" additional-only="false" sort-key="B31C1/083" definition-exists="false" ipc-concordant="B31C1/08" c-set-base-allowed="false" c-set-subsequent-allowed="true" date-revised="2013-01-01" status="published"><classification-symbol>B31C1/083</classification-symbol><class-title date-revised="2013-01-01"><title-part><CPC-specific-text><text>Winding mandrels</text></CPC-specific-text></title-part></class-title>
<classification-item breakdown-code="false" not-allocatable="false" level="10" additional-only="false" sort-key="B31C1/086" definition-exists="false" ipc-concordant="B31C1/08" c-set-base-allowed="false" c-set-subsequent-allowed="true" date-revised="2013-01-01" status="published"><classification-symbol>B31C1/086</classification-symbol><class-title date-revised="2013-01-01"><title-part><CPC-specific-text><text>expansibles</text></CPC-specific-text></title-part></class-title></classification-item></classification-item></classification-item></classification-item>
<classification-item breakdown-code="false" not-allocatable="false" level="7" additional-only="false" sort-key="B31C3/00" definition-exists="false" ipc-concordant="B31C3/00" c-set-base-allowed="false" c-set-subsequent-allowed="true" date-revised="2017-08-01" status="published"><classification-symbol>B31C3/00</classification-symbol><class-title date-revised="2017-08-01"><title-part><text>Making tubes or pipes by feeding obliquely to the winding mandrel centre line</text></title-part></class-title>
<classification-item breakdown-code="false" not-allocatable="false" level="8" additional-only="false" sort-key="B31C3/02" definition-exists="false" ipc-concordant="B31C3/02" c-set-base-allowed="false" c-set-subsequent-allowed="true" date-revised="2013-01-01" status="published"><classification-symbol>B31C3/02</classification-symbol><class-title date-revised="2013-01-01"><title-part><text>and inserting into a tube end a bottom to form a container</text></title-part></class-title></classification-item>
<classification-item breakdown-code="false" not-allocatable="false" level="8" additional-only="false" sort-key="B31C3/04" definition-exists="false" ipc-concordant="B31C3/04" c-set-base-allowed="false" c-set-subsequent-allowed="true" date-revised="2013-01-01" status="published"><classification-symbol>B31C3/04</classification-symbol><class-title date-revised="2013-01-01"><title-part><text>Seam processing</text></title-part></class-title></classification-item></classification-item>
<classification-item breakdown-code="false" not-allocatable="false" level="7" additional-only="false" sort-key="B31C5/00" definition-exists="false" ipc-concordant="B31C5/00" c-set-base-allowed="false" c-set-subsequent-allowed="true" date-revised="2017-08-01" status="published"><classification-symbol>B31C5/00</classification-symbol><class-title date-revised="2017-08-01"><title-part><text>Making tubes or pipes without using mandrels</text></title-part></class-title></classification-item>
<classification-item breakdown-code="false" not-allocatable="false" level="7" additional-only="false" sort-key="B31C7/00" definition-exists="true" ipc-concordant="B31C7/00" c-set-base-allowed="false" c-set-subsequent-allowed="true" date-revised="2017-08-01" status="published"><classification-symbol>B31C7/00</classification-symbol><class-title date-revised="2017-08-01"><title-part><text>Making conical articles by winding</text></title-part></class-title>
<classification-item breakdown-code="false" not-allocatable="false" level="8" additional-only="false" sort-key="B31C7/02" definition-exists="false" ipc-concordant="B31C7/02" c-set-base-allowed="false" c-set-subsequent-allowed="true" date-revised="2013-01-01" status="published"><classification-symbol>B31C7/02</classification-symbol><class-title date-revised="2013-01-01"><title-part><text>Forming truncated cones</text></title-part></class-title>
<classification-item breakdown-code="false" not-allocatable="false" level="9" additional-only="false" sort-key="B31C7/04" definition-exists="false" ipc-concordant="B31C7/04" c-set-base-allowed="false" c-set-subsequent-allowed="true" date-revised="2013-01-01" status="published"><classification-symbol>B31C7/04</classification-symbol><class-title date-revised="2013-01-01"><title-part><text>on two or more mandrels</text></title-part></class-title>
<classification-item breakdown-code="false" not-allocatable="false" level="10" additional-only="false" sort-key="B31C7/06" definition-exists="false" ipc-concordant="B31C7/06" c-set-base-allowed="false" c-set-subsequent-allowed="true" date-revised="2013-01-01" status="published"><classification-symbol>B31C7/06</classification-symbol><class-title date-revised="2013-01-01"><title-part><text>and inserting into a cone end a bottom to form a container</text></title-part></class-title></classification-item></classification-item></classification-item>
<classification-item breakdown-code="false" not-allocatable="false" level="8" additional-only="false" sort-key="B31C7/08" definition-exists="false" ipc-concordant="B31C7/08" c-set-base-allowed="false" c-set-subsequent-allowed="true" date-revised="2013-01-01" status="published"><classification-symbol>B31C7/08</classification-symbol><class-title date-revised="2013-01-01"><title-part><text>Forming pointed cones</text></title-part></class-title>
<classification-item breakdown-code="false" not-allocatable="false" level="9" additional-only="false" sort-key="B31C7/10" definition-exists="false" ipc-concordant="B31C7/10" c-set-base-allowed="false" c-set-subsequent-allowed="true" date-revised="2013-01-01" status="published"><classification-symbol>B31C7/10</classification-symbol><class-title date-revised="2013-01-01"><title-part><text>on two or more mandrels</text></title-part></class-title></classification-item></classification-item></classification-item>
<classification-item breakdown-code="false" not-allocatable="false" level="7" additional-only="false" sort-key="B31C9/00" definition-exists="true" ipc-concordant="B31C9/00" c-set-base-allowed="false" c-set-subsequent-allowed="true" date-revised="2016-01-01" status="published"><classification-symbol>B31C9/00</classification-symbol><class-title date-revised="2016-01-01"><title-part><text>Simultaneous forming of cylindrical and conical shapes by winding separate webs, e.g. forming bottles</text></title-part></class-title></classification-item>
<classification-item breakdown-code="false" not-allocatable="false" level="7" additional-only="false" sort-key="B31C11/00" definition-exists="true" ipc-concordant="B31C11/00" c-set-base-allowed="false" c-set-subsequent-allowed="true" date-revised="2017-08-01" status="published"><classification-symbol>B31C11/00</classification-symbol><class-title date-revised="2017-08-01"><title-part><text>Machinery for winding combined with other machinery</text></title-part></class-title>
<classification-item breakdown-code="false" not-allocatable="false" level="8" additional-only="false" sort-key="B31C11/02" definition-exists="true" ipc-concordant="B31C11/02" c-set-base-allowed="false" c-set-subsequent-allowed="true" date-revised="2013-01-01" status="published"><classification-symbol>B31C11/02</classification-symbol><class-title date-revised="2013-01-01"><title-part><text>for additionally shaping the articles</text></title-part></class-title></classification-item>
<classification-item breakdown-code="false" not-allocatable="false" level="8" additional-only="false" sort-key="B31C11/04" definition-exists="false" ipc-concordant="B31C11/04" c-set-base-allowed="false" c-set-subsequent-allowed="true" date-revised="2013-01-01" status="published"><classification-symbol>B31C11/04</classification-symbol><class-title date-revised="2013-01-01"><title-part><text>for applying impregnating by coating-substances during the winding</text></title-part></class-title></classification-item>
<classification-item breakdown-code="false" not-allocatable="false" level="8" additional-only="false" sort-key="B31C11/06" definition-exists="false" ipc-concordant="B31C11/06" c-set-base-allowed="false" c-set-subsequent-allowed="true" date-revised="2013-01-01" status="published"><classification-symbol>B31C11/06</classification-symbol><class-title date-revised="2013-01-01"><title-part><text>for drying the wound and impregnated articles</text></title-part></class-title></classification-item></classification-item>
<classification-item breakdown-code="false" not-allocatable="false" level="7" additional-only="false" sort-key="B31C13/00" definition-exists="false" ipc-concordant="B31C99/00" c-set-base-allowed="false" c-set-subsequent-allowed="true" date-revised="2016-11-01" status="published"><classification-symbol>B31C13/00</classification-symbol><class-title date-revised="2016-11-01"><title-part><CPC-specific-text><text>Making wound articles not otherwise provided for</text></CPC-specific-text></title-part></class-title></classification-item></classification-item></classification-item></class-scheme>