<?xml version="1.0" encoding="UTF-8"?>
<class-scheme publication-date="2021-05-01" scheme-type="cpc" publication-type="official">
<classification-item breakdown-code="false" not-allocatable="true" level="5" additional-only="false" sort-key="B27L" definition-exists="false" date-revised="2018-08-01" status="published"><classification-symbol>B27L</classification-symbol><class-title date-revised="2013-01-01"><title-part><text>REMOVING BARK OR VESTIGES OF BRANCHES </text><reference><text>forestry <class-ref scheme="cpc">A01G</class-ref></text></reference></title-part><title-part><text>SPLITTING WOOD</text></title-part><title-part><text>MANUFACTURE OF VENEER, WOODEN STICKS, WOOD SHAVINGS, WOOD FIBRES OR WOOD POWDER</text></title-part></class-title><notes-and-warnings><note type="warning"><note-paragraph>In this subclass non-limiting references (in the sense of paragraph 39 of the Guide to the IPC) may still be displayed in the scheme.</note-paragraph></note></notes-and-warnings>
<classification-item breakdown-code="false" not-allocatable="true" level="6" additional-only="false" sort-key="B27L1/00" date-revised="2013-01-01" status="published"><classification-symbol>B27L1/00</classification-symbol>
<classification-item breakdown-code="false" not-allocatable="false" level="7" additional-only="false" sort-key="B27L1/00" definition-exists="false" ipc-concordant="B27L1/00" c-set-base-allowed="false" c-set-subsequent-allowed="true" date-revised="2017-08-01" status="published"><classification-symbol>B27L1/00</classification-symbol><class-title date-revised="2017-08-01"><title-part><text>Debarking or removing vestiges of branches from trees or logs </text><reference><text>debarking by chemical treatment <class-ref scheme="cpc">B27L3/00</class-ref>  </text><CPC-specific-text><text>; peeling osier rods <class-ref scheme="cpc">B27J3/00</class-ref></text></CPC-specific-text></reference></title-part><title-part><text>Machines therefor</text></title-part></class-title><notes-and-warnings date-revised="2013-01-01"><note type="note"><note-paragraph>Tree-feeding devices are covered by group <class-ref scheme="cpc">B27B25/00</class-ref></note-paragraph></note></notes-and-warnings>
<classification-item breakdown-code="false" not-allocatable="false" level="8" additional-only="false" sort-key="B27L1/005" definition-exists="false" ipc-concordant="B27L1/00" c-set-base-allowed="false" c-set-subsequent-allowed="true" date-revised="2013-01-01" status="published"><classification-symbol>B27L1/005</classification-symbol><class-title date-revised="2013-01-01"><title-part><CPC-specific-text><text>Debarking by non-rotatable tools</text></CPC-specific-text></title-part></class-title></classification-item>
<classification-item breakdown-code="false" not-allocatable="false" level="8" additional-only="false" sort-key="B27L1/02" definition-exists="false" ipc-concordant="B27L1/02" c-set-base-allowed="false" c-set-subsequent-allowed="true" date-revised="2013-01-01" status="published"><classification-symbol>B27L1/02</classification-symbol><class-title date-revised="2013-01-01"><title-part><text>by rubbing the trunks against each other </text><reference><text><class-ref scheme="cpc">B27L1/04</class-ref> takes precedence</text></reference></title-part><title-part><text>Equipment for wet practice </text><CPC-specific-text><reference><text><class-ref scheme="cpc">B27L1/14</class-ref> takes precedence</text></reference></CPC-specific-text></title-part></class-title>
<classification-item breakdown-code="false" not-allocatable="false" level="9" additional-only="false" sort-key="B27L1/025" definition-exists="false" ipc-concordant="B27L1/02" c-set-base-allowed="false" c-set-subsequent-allowed="true" date-revised="2013-01-01" status="published"><classification-symbol>B27L1/025</classification-symbol><class-title date-revised="2013-01-01"><title-part><CPC-specific-text><text>Debarking in rotating drums</text></CPC-specific-text></title-part></class-title></classification-item></classification-item>
<classification-item breakdown-code="false" not-allocatable="false" level="8" additional-only="false" sort-key="B27L1/04" definition-exists="false" ipc-concordant="B27L1/04" c-set-base-allowed="false" c-set-subsequent-allowed="true" date-revised="2013-01-01" status="published"><classification-symbol>B27L1/04</classification-symbol><class-title date-revised="2013-01-01"><title-part><text>by rubbing the trunks in rotating drums </text><CPC-specific-text><reference><text><class-ref scheme="cpc">B27L1/025</class-ref> takes precedence</text></reference></CPC-specific-text></title-part></class-title>
<classification-item breakdown-code="false" not-allocatable="false" level="9" additional-only="false" sort-key="B27L1/045" definition-exists="false" ipc-concordant="B27L1/04" c-set-base-allowed="false" c-set-subsequent-allowed="true" date-revised="2013-01-01" status="published"><classification-symbol>B27L1/045</classification-symbol><class-title date-revised="2013-01-01"><title-part><CPC-specific-text><text>Feeding devices therefor</text></CPC-specific-text></title-part></class-title></classification-item>
<classification-item breakdown-code="false" not-allocatable="false" level="9" additional-only="false" sort-key="B27L1/05" definition-exists="false" ipc-concordant="B27L1/05" c-set-base-allowed="false" c-set-subsequent-allowed="true" date-revised="2013-01-01" status="published"><classification-symbol>B27L1/05</classification-symbol><class-title date-revised="2013-01-01"><title-part><text>Drums therefor</text></title-part></class-title></classification-item></classification-item>
<classification-item breakdown-code="false" not-allocatable="false" level="8" additional-only="false" sort-key="B27L1/06" definition-exists="false" ipc-concordant="B27L1/06" c-set-base-allowed="false" c-set-subsequent-allowed="true" date-revised="2013-01-01" status="published"><classification-symbol>B27L1/06</classification-symbol><class-title date-revised="2013-01-01"><title-part><text>Manually- operated or portable devices for debarking or for removing vestiges of branches</text></title-part></class-title></classification-item>
<classification-item breakdown-code="false" not-allocatable="false" level="8" additional-only="false" sort-key="B27L1/08" definition-exists="false" ipc-concordant="B27L1/08" c-set-base-allowed="false" c-set-subsequent-allowed="true" date-revised="2013-01-01" status="published"><classification-symbol>B27L1/08</classification-symbol><class-title date-revised="2013-01-01"><title-part><text>using rotating rings</text></title-part></class-title></classification-item>
<classification-item breakdown-code="false" not-allocatable="false" level="8" additional-only="false" sort-key="B27L1/10" definition-exists="false" ipc-concordant="B27L1/10" c-set-base-allowed="false" c-set-subsequent-allowed="true" date-revised="2013-01-01" status="published"><classification-symbol>B27L1/10</classification-symbol><class-title date-revised="2013-01-01"><title-part><text>using rotatable tools </text><reference><text><class-ref scheme="cpc">B27L1/04</class-ref>, <class-ref scheme="cpc">B27L1/08</class-ref>, <class-ref scheme="cpc">B27L1/12</class-ref> take precedence</text></reference></title-part></class-title></classification-item>
<classification-item breakdown-code="false" not-allocatable="false" level="8" additional-only="false" sort-key="B27L1/12" definition-exists="false" ipc-concordant="B27L1/12" c-set-base-allowed="false" c-set-subsequent-allowed="true" date-revised="2016-08-01" status="published"><classification-symbol>B27L1/12</classification-symbol><class-title date-revised="2016-08-01"><title-part><text>using pliable tools </text><CPC-specific-text><text>, e.g. chains, cables</text></CPC-specific-text></title-part></class-title>
<classification-item breakdown-code="false" not-allocatable="false" level="9" additional-only="false" sort-key="B27L1/122" definition-exists="false" ipc-concordant="B27L1/12" c-set-base-allowed="false" c-set-subsequent-allowed="true" date-revised="2013-01-01" status="published"><classification-symbol>B27L1/122</classification-symbol><class-title date-revised="2013-01-01"><title-part><CPC-specific-text><text>fixed on one side onto a rotatable axis, e.g. brushes</text></CPC-specific-text></title-part></class-title></classification-item>
<classification-item breakdown-code="false" not-allocatable="false" level="9" additional-only="false" sort-key="B27L1/125" definition-exists="false" ipc-concordant="B27L1/12" c-set-base-allowed="false" c-set-subsequent-allowed="true" date-revised="2013-01-01" status="published"><classification-symbol>B27L1/125</classification-symbol><class-title date-revised="2013-01-01"><title-part><CPC-specific-text><text>stretched between two points</text></CPC-specific-text></title-part></class-title></classification-item>
<classification-item breakdown-code="false" not-allocatable="false" level="9" additional-only="false" sort-key="B27L1/127" definition-exists="false" ipc-concordant="B27L1/12" c-set-base-allowed="false" c-set-subsequent-allowed="true" date-revised="2013-01-01" status="published"><classification-symbol>B27L1/127</classification-symbol><class-title date-revised="2013-01-01"><title-part><CPC-specific-text><text>in the form of circulating endless elements, e.g. cutting chains </text><reference><text>in general <class-ref scheme="cpc">B27B</class-ref>, e.g. <class-ref scheme="cpc">B27B33/14</class-ref></text></reference></CPC-specific-text></title-part></class-title></classification-item></classification-item>
<classification-item breakdown-code="false" not-allocatable="false" level="8" additional-only="false" sort-key="B27L1/14" definition-exists="false" ipc-concordant="B27L1/14" c-set-base-allowed="false" c-set-subsequent-allowed="true" date-revised="2013-01-01" status="published"><classification-symbol>B27L1/14</classification-symbol><class-title date-revised="2013-01-01"><title-part><text>using jets of fluid</text></title-part></class-title></classification-item></classification-item>
<classification-item breakdown-code="false" not-allocatable="false" level="7" additional-only="false" sort-key="B27L3/00" definition-exists="false" ipc-concordant="B27L3/00" c-set-base-allowed="false" c-set-subsequent-allowed="true" date-revised="2013-01-01" status="published"><classification-symbol>B27L3/00</classification-symbol><class-title date-revised="2013-01-01"><title-part><text>Debarking by chemical treatment</text></title-part></class-title></classification-item>
<classification-item breakdown-code="false" not-allocatable="false" level="7" additional-only="false" sort-key="B27L5/00" definition-exists="true" ipc-concordant="B27L5/00" c-set-base-allowed="false" c-set-subsequent-allowed="true" date-revised="2018-01-01" status="published"><classification-symbol>B27L5/00</classification-symbol><class-title date-revised="2018-01-01"><title-part><text>Manufacture of veneer </text><reference><text>working veneer or plywood <class-ref scheme="cpc">B27D</class-ref> </text></reference><CPC-specific-text><text>; Preparatory processing therefor </text><reference><text>drying <class-ref scheme="cpc">F26B</class-ref></text></reference></CPC-specific-text></title-part></class-title>
<classification-item breakdown-code="false" not-allocatable="false" level="8" additional-only="false" sort-key="B27L5/002" definition-exists="false" ipc-concordant="B27L5/00" c-set-base-allowed="false" c-set-subsequent-allowed="true" date-revised="2013-01-01" status="published"><classification-symbol>B27L5/002</classification-symbol><class-title date-revised="2013-01-01"><title-part><CPC-specific-text><text>Wood or veneer transporting devices </text><reference><text><class-ref scheme="cpc">B27L5/022</class-ref> takes precedence</text></reference></CPC-specific-text></title-part></class-title></classification-item>
<classification-item breakdown-code="false" not-allocatable="false" level="8" additional-only="false" sort-key="B27L5/004" definition-exists="false" ipc-concordant="B27L5/00" c-set-base-allowed="false" c-set-subsequent-allowed="true" date-revised="2013-01-01" status="published"><classification-symbol>B27L5/004</classification-symbol><class-title date-revised="2013-01-01"><title-part><CPC-specific-text><text>Cutting strips from a conical surface </text><reference><text>pencil sharpeners <class-ref scheme="cpc">B43L23/00</class-ref>; tapering poles <class-ref scheme="cpc">B27M3/32</class-ref></text></reference></CPC-specific-text></title-part></class-title></classification-item>
<classification-item breakdown-code="false" not-allocatable="false" level="8" additional-only="false" sort-key="B27L5/006" definition-exists="false" ipc-concordant="B27L5/00" c-set-base-allowed="false" c-set-subsequent-allowed="true" date-revised="2013-01-01" status="published"><classification-symbol>B27L5/006</classification-symbol><class-title date-revised="2013-01-01"><title-part><CPC-specific-text><text>Cutting strips from a trunk or piece by a rotating tool</text></CPC-specific-text></title-part></class-title></classification-item>
<classification-item breakdown-code="false" not-allocatable="false" level="8" additional-only="false" sort-key="B27L5/008" definition-exists="false" ipc-concordant="B27L5/00" c-set-base-allowed="false" c-set-subsequent-allowed="true" date-revised="2013-01-01" status="published"><classification-symbol>B27L5/008</classification-symbol><class-title date-revised="2013-01-01"><title-part><CPC-specific-text><text>Cutting strips with a band-knife or with a knife oscillating perpendicularly to the feed movement</text></CPC-specific-text></title-part></class-title></classification-item>
<classification-item breakdown-code="false" not-allocatable="false" level="8" additional-only="false" sort-key="B27L5/02" definition-exists="false" ipc-concordant="B27L5/02" c-set-base-allowed="false" c-set-subsequent-allowed="true" date-revised="2013-01-01" status="published"><classification-symbol>B27L5/02</classification-symbol><class-title date-revised="2013-01-01"><title-part><text>Cutting strips from a rotating trunk or piece</text></title-part><title-part><text>Veneer lathes </text><CPC-specific-text><reference><text><class-ref scheme="cpc">B27L5/004</class-ref> takes precedence</text></reference></CPC-specific-text></title-part></class-title>
<classification-item breakdown-code="false" not-allocatable="false" level="9" additional-only="false" sort-key="B27L5/022" definition-exists="false" ipc-concordant="B27L5/02" c-set-base-allowed="false" c-set-subsequent-allowed="true" date-revised="2013-01-01" status="published"><classification-symbol>B27L5/022</classification-symbol><class-title date-revised="2013-01-01"><title-part><CPC-specific-text><text>Devices for determining the axis of a trunk </text><reference><text><u>see</u> also <class-ref scheme="cpc">B27B31/06</class-ref></text></reference><text>; Loading devices for veneer lathes</text></CPC-specific-text></title-part></class-title></classification-item>
<classification-item breakdown-code="false" not-allocatable="false" level="9" additional-only="false" sort-key="B27L5/025" definition-exists="false" ipc-concordant="B27L5/02" c-set-base-allowed="false" c-set-subsequent-allowed="true" date-revised="2013-01-01" status="published"><classification-symbol>B27L5/025</classification-symbol><class-title date-revised="2013-01-01"><title-part><CPC-specific-text><text>Nose-bars; Back-up rolls</text></CPC-specific-text></title-part></class-title></classification-item>
<classification-item breakdown-code="false" not-allocatable="false" level="9" additional-only="false" sort-key="B27L5/027" definition-exists="false" ipc-concordant="B27L5/02" c-set-base-allowed="false" c-set-subsequent-allowed="true" date-revised="2013-01-01" status="published"><classification-symbol>B27L5/027</classification-symbol><class-title date-revised="2013-01-01"><title-part><CPC-specific-text><text>centreless</text></CPC-specific-text></title-part></class-title></classification-item>
<classification-item breakdown-code="false" not-allocatable="false" level="9" additional-only="false" sort-key="B27L5/04" definition-exists="false" ipc-concordant="B27L5/04" c-set-base-allowed="false" c-set-subsequent-allowed="true" date-revised="2013-01-01" status="published"><classification-symbol>B27L5/04</classification-symbol><class-title date-revised="2013-01-01"><title-part><text>the trunk being rotated about an axis lying outside it </text><CPC-specific-text><text>or about an axis which does not correspond to the axis of the trunk</text></CPC-specific-text></title-part></class-title></classification-item></classification-item>
<classification-item breakdown-code="false" not-allocatable="false" level="8" additional-only="false" sort-key="B27L5/06" definition-exists="false" ipc-concordant="B27L5/06" c-set-base-allowed="false" c-set-subsequent-allowed="true" date-revised="2013-01-01" status="published"><classification-symbol>B27L5/06</classification-symbol><class-title date-revised="2013-01-01"><title-part><text>Cutting strips from a stationarily- held trunk or piece by a rocking knife carrier, or from rocking trunk or piece by a stationarily-held knife carrier</text></title-part><title-part><text>Veneer- cutting machines </text><CPC-specific-text><reference><text><class-ref scheme="cpc">B27L5/004</class-ref> takes precedence</text></reference></CPC-specific-text></title-part></class-title></classification-item>
<classification-item breakdown-code="false" not-allocatable="false" level="8" additional-only="false" sort-key="B27L5/08" definition-exists="false" ipc-concordant="B27L5/08" c-set-base-allowed="false" c-set-subsequent-allowed="true" date-revised="2013-01-01" status="published"><classification-symbol>B27L5/08</classification-symbol><class-title date-revised="2013-01-01"><title-part><text>Severing sheets or segments from veneer strips</text></title-part><title-part><text>Shearing devices therefor</text></title-part><title-part><text>Making veneer blanks, e.g. trimming to size </text><CPC-specific-text><reference><text>making match sticks from veneer <class-ref scheme="cpc">B27L9/00</class-ref>; making a layered cutting block <class-ref scheme="cpc">B27L5/00</class-ref></text></reference></CPC-specific-text></title-part></class-title></classification-item></classification-item>
<classification-item breakdown-code="false" not-allocatable="false" level="7" additional-only="false" sort-key="B27L7/00" definition-exists="false" ipc-concordant="B27L7/00" c-set-base-allowed="false" c-set-subsequent-allowed="true" date-revised="2013-01-01" status="published"><classification-symbol>B27L7/00</classification-symbol><class-title date-revised="2013-01-01"><title-part><text>Arrangements for splitting wood</text></title-part></class-title>
<classification-item breakdown-code="false" not-allocatable="false" level="8" additional-only="false" sort-key="B27L7/005" definition-exists="false" ipc-concordant="B27L7/00" c-set-base-allowed="false" c-set-subsequent-allowed="true" date-revised="2013-01-01" status="published"><classification-symbol>B27L7/005</classification-symbol><class-title date-revised="2013-01-01"><title-part><CPC-specific-text><text>Hand tools therefor </text><reference><text>wedges, knives, spreaders, anvils <u>per se</u> <class-ref scheme="cpc">B27L7/06</class-ref></text></reference></CPC-specific-text></title-part></class-title></classification-item>
<classification-item breakdown-code="false" not-allocatable="false" level="8" additional-only="false" sort-key="B27L7/02" definition-exists="false" ipc-concordant="B27L7/02" c-set-base-allowed="false" c-set-subsequent-allowed="true" date-revised="2017-08-01" status="published"><classification-symbol>B27L7/02</classification-symbol><class-title date-revised="2017-08-01"><title-part><text>using rotating members </text><CPC-specific-text><text>, e.g. rotating screws</text></CPC-specific-text></title-part></class-title>
<classification-item breakdown-code="false" not-allocatable="false" level="9" additional-only="false" sort-key="B27L7/04" definition-exists="false" ipc-concordant="B27L7/04" c-set-base-allowed="false" c-set-subsequent-allowed="true" date-revised="2013-01-01" status="published"><classification-symbol>B27L7/04</classification-symbol><class-title date-revised="2013-01-01"><title-part><text>Conical screws</text></title-part></class-title></classification-item></classification-item>
<classification-item breakdown-code="false" not-allocatable="false" level="8" additional-only="false" sort-key="B27L7/06" definition-exists="false" ipc-concordant="B27L7/06" c-set-base-allowed="false" c-set-subsequent-allowed="true" date-revised="2013-01-01" status="published"><classification-symbol>B27L7/06</classification-symbol><class-title date-revised="2013-01-01"><title-part><text>using wedges, knives or spreaders </text><reference><text><class-ref scheme="cpc">B27L7/02</class-ref> takes precedence</text></reference></title-part></class-title></classification-item>
<classification-item breakdown-code="false" not-allocatable="false" level="8" additional-only="false" sort-key="B27L7/08" definition-exists="false" ipc-concordant="B27L7/08" c-set-base-allowed="false" c-set-subsequent-allowed="true" date-revised="2013-01-01" status="published"><classification-symbol>B27L7/08</classification-symbol><class-title date-revised="2013-01-01"><title-part><text>using chopping blocks</text></title-part></class-title></classification-item></classification-item>
<classification-item breakdown-code="false" not-allocatable="false" level="7" additional-only="false" sort-key="B27L9/00" definition-exists="false" ipc-concordant="B27L9/00" c-set-base-allowed="false" c-set-subsequent-allowed="true" date-revised="2013-01-01" status="published"><classification-symbol>B27L9/00</classification-symbol><class-title date-revised="2013-01-01"><title-part><text>Manufacture of wooden sticks, e.g. toothpicks </text><reference><text>of walking sticks, of sticks for umbrellas <class-ref scheme="cpc">B27M3/38</class-ref>; combined with other operations in the manufacture of matches <class-ref scheme="cpc">C06F</class-ref></text></reference></title-part></class-title></classification-item>
<classification-item breakdown-code="false" not-allocatable="false" level="7" additional-only="false" sort-key="B27L11/00" definition-exists="false" ipc-concordant="B27L11/00" c-set-base-allowed="false" c-set-subsequent-allowed="true" date-revised="2013-01-01" status="published"><classification-symbol>B27L11/00</classification-symbol><class-title date-revised="2013-01-01"><title-part><text>Manufacture of wood shavings, chips, powder, or the like </text><reference><text>disintegrating in general <class-ref scheme="cpc">B02C</class-ref>; edge trimming sawing blades or sawing tools combined with means to disintegrate waste <class-ref scheme="cpc">B27B33/20</class-ref>; obtaining fibres for spinning <class-ref scheme="cpc">D01B1/00</class-ref>; wet methods <class-ref scheme="cpc">D21B1/12</class-ref></text></reference></title-part><title-part><text>Tools therefor</text></title-part></class-title>
<classification-item breakdown-code="false" not-allocatable="false" level="8" additional-only="false" sort-key="B27L11/002" definition-exists="false" ipc-concordant="B27L11/00" c-set-base-allowed="false" c-set-subsequent-allowed="true" date-revised="2013-01-01" status="published"><classification-symbol>B27L11/002</classification-symbol><class-title date-revised="2013-01-01"><title-part><CPC-specific-text><text>Transporting devices for wood or chips</text></CPC-specific-text></title-part></class-title></classification-item>
<classification-item breakdown-code="false" not-allocatable="false" level="8" additional-only="false" sort-key="B27L11/005" definition-exists="false" ipc-concordant="B27L11/00" c-set-base-allowed="false" c-set-subsequent-allowed="true" date-revised="2013-01-01" status="published"><classification-symbol>B27L11/005</classification-symbol><class-title date-revised="2013-01-01"><title-part><CPC-specific-text><text>Tools therefor</text></CPC-specific-text></title-part></class-title></classification-item>
<classification-item breakdown-code="false" not-allocatable="false" level="8" additional-only="false" sort-key="B27L11/007" definition-exists="false" ipc-concordant="B27L11/00" c-set-base-allowed="false" c-set-subsequent-allowed="true" date-revised="2013-01-01" status="published"><classification-symbol>B27L11/007</classification-symbol><class-title date-revised="2013-01-01"><title-part><CPC-specific-text><text>Combined with manufacturing a workpiece</text></CPC-specific-text></title-part></class-title></classification-item>
<classification-item breakdown-code="false" not-allocatable="false" level="8" additional-only="false" sort-key="B27L11/02" definition-exists="false" ipc-concordant="B27L11/02" c-set-base-allowed="false" c-set-subsequent-allowed="true" date-revised="2013-01-01" status="published"><classification-symbol>B27L11/02</classification-symbol><class-title date-revised="2013-01-01"><title-part><text>of wood shavings or the like</text></title-part></class-title>
<classification-item breakdown-code="false" not-allocatable="false" level="9" additional-only="false" sort-key="B27L11/04" definition-exists="false" ipc-concordant="B27L11/04" c-set-base-allowed="false" c-set-subsequent-allowed="true" date-revised="2013-01-01" status="published"><classification-symbol>B27L11/04</classification-symbol><class-title date-revised="2013-01-01"><title-part><text>of wood wool</text></title-part></class-title></classification-item></classification-item>
<classification-item breakdown-code="false" not-allocatable="false" level="8" additional-only="false" sort-key="B27L11/06" definition-exists="false" ipc-concordant="B27L11/06" c-set-base-allowed="false" c-set-subsequent-allowed="true" date-revised="2013-01-01" status="published"><classification-symbol>B27L11/06</classification-symbol><class-title date-revised="2013-01-01"><title-part><text>of wood powder or sawdust </text><reference><text>grinding-stones <class-ref scheme="cpc">B24D</class-ref></text></reference></title-part></class-title></classification-item>
<classification-item breakdown-code="false" not-allocatable="false" level="8" additional-only="false" sort-key="B27L11/08" definition-exists="false" ipc-concordant="B27L11/08" c-set-base-allowed="false" c-set-subsequent-allowed="true" date-revised="2013-01-01" status="published"><classification-symbol>B27L11/08</classification-symbol><class-title date-revised="2013-01-01"><title-part><text>of wood fibres, e.g. produced by tearing</text></title-part></class-title></classification-item></classification-item></classification-item></classification-item></class-scheme>