<?xml version="1.0" encoding="UTF-8"?>
<class-scheme publication-date="2021-05-01" scheme-type="cpc" publication-type="official">
<classification-item breakdown-code="false" not-allocatable="true" level="5" additional-only="false" sort-key="C12J" definition-exists="false" date-revised="2020-02-01" status="published"><classification-symbol>C12J</classification-symbol><class-title date-revised="2020-02-01"><title-part><text>VINEGAR</text></title-part><title-part><text>PREPARATION OR PURIFICATION THEREOF</text></title-part></class-title>
<classification-item breakdown-code="false" not-allocatable="true" level="6" additional-only="false" sort-key="C12J1/00" date-revised="2013-01-01" status="published"><classification-symbol>C12J1/00</classification-symbol>
<classification-item breakdown-code="false" not-allocatable="false" level="7" additional-only="false" sort-key="C12J1/00" definition-exists="true" ipc-concordant="C12J1/00" c-set-base-allowed="false" c-set-subsequent-allowed="true" date-revised="2020-02-01" status="published"><classification-symbol>C12J1/00</classification-symbol><class-title date-revised="2020-02-01"><title-part><text>Vinegar</text></title-part><title-part><text>Preparation or purification thereof</text></title-part></class-title>
<classification-item breakdown-code="false" not-allocatable="false" level="8" additional-only="false" sort-key="C12J1/02" definition-exists="true" ipc-concordant="C12J1/02" c-set-base-allowed="false" c-set-subsequent-allowed="true" date-revised="2013-01-01" status="published"><classification-symbol>C12J1/02</classification-symbol><class-title date-revised="2013-01-01"><title-part><text>from wine</text></title-part></class-title></classification-item>
<classification-item breakdown-code="false" not-allocatable="false" level="8" additional-only="false" sort-key="C12J1/04" definition-exists="true" ipc-concordant="C12J1/04" c-set-base-allowed="false" c-set-subsequent-allowed="true" date-revised="2013-01-01" status="published"><classification-symbol>C12J1/04</classification-symbol><class-title date-revised="2013-01-01"><title-part><text>from alcohol</text></title-part></class-title></classification-item>
<classification-item breakdown-code="false" not-allocatable="false" level="8" additional-only="false" sort-key="C12J1/06" definition-exists="true" ipc-concordant="C12J1/06" c-set-base-allowed="false" c-set-subsequent-allowed="true" date-revised="2013-01-01" status="published"><classification-symbol>C12J1/06</classification-symbol><class-title date-revised="2013-01-01"><title-part><text>from milk</text></title-part></class-title></classification-item>
<classification-item breakdown-code="false" not-allocatable="false" level="8" additional-only="false" sort-key="C12J1/08" definition-exists="true" ipc-concordant="C12J1/08" c-set-base-allowed="false" c-set-subsequent-allowed="true" date-revised="2013-01-01" status="published"><classification-symbol>C12J1/08</classification-symbol><class-title date-revised="2013-01-01"><title-part><text>Addition of flavouring ingredients</text></title-part></class-title></classification-item>
<classification-item breakdown-code="false" not-allocatable="false" level="8" additional-only="false" sort-key="C12J1/10" definition-exists="true" ipc-concordant="C12J1/10" c-set-base-allowed="false" c-set-subsequent-allowed="true" date-revised="2013-01-01" status="published"><classification-symbol>C12J1/10</classification-symbol><class-title date-revised="2013-01-01"><title-part><text>Apparatus</text></title-part></class-title></classification-item></classification-item></classification-item></classification-item></class-scheme>