<?xml version="1.0" encoding="UTF-8"?>
<class-scheme publication-date="2021-05-01" scheme-type="cpc" publication-type="official">
<classification-item breakdown-code="false" not-allocatable="true" level="5" additional-only="false" sort-key="C05G" definition-exists="true" date-revised="2021-01-01" status="published"><classification-symbol>C05G</classification-symbol><class-title date-revised="2013-01-01"><title-part><text>MIXTURES OF FERTILISERS COVERED INDIVIDUALLY BY DIFFERENT SUBCLASSES OF CLASS <class-ref scheme="cpc">C05</class-ref></text></title-part><title-part><text>MIXTURES OF ONE OR MORE FERTILISERS WITH MATERIALS NOT HAVING A SPECIFIC FERTILISING ACTIVITY, e.g. PESTICIDES, SOIL-CONDITIONERS, WETTING AGENTS </text><reference><text>organic fertilisers containing added bacterial cultures, mycelia, or the like <class-ref scheme="cpc">C05F11/08</class-ref>; organic fertilisers containing plant vitamins or hormones <class-ref scheme="cpc">C05F11/10</class-ref></text></reference></title-part><title-part><text>FERTILISERS CHARACTERISED BY THEIR FORM</text></title-part></class-title><notes-and-warnings date-revised="2013-01-01"><note type="note"><note-paragraph>This subclass <u>covers</u> mixtures of fertilisers with soil-conditioning or soil-stabilising materials characterised by their fertilizing activity.</note-paragraph><note-paragraph>This subclass <u>does not cover</u> mixtures of fertilisers with soil-conditioning or soil-stabilising materials characterised by their soil-conditioning or soil-stabilising activity, which are covered by group <class-ref scheme="cpc">C09K17/00</class-ref>.</note-paragraph></note><note type="warning"><note-paragraph warning-type="ipc-not-used">The following IPC groups are not in the CPC scheme. The subject matter for these IPC groups is classified in the following CPC groups: <table><row><entry><class-ref scheme="ipc">C05G1/02</class-ref> - <class-ref scheme="ipc">C05G1/10</class-ref></entry><entry> covered by </entry><entry><class-ref scheme="cpc">C05</class-ref> (see internal note after the title of class <class-ref scheme="cpc">C05</class-ref>)</entry></row></table></note-paragraph></note></notes-and-warnings>
<classification-item breakdown-code="false" not-allocatable="true" level="6" additional-only="false" sort-key="C05G1/00" date-revised="2013-01-01" status="published"><classification-symbol>C05G1/00</classification-symbol>
<classification-item breakdown-code="false" not-allocatable="false" level="7" additional-only="false" sort-key="C05G1/00" definition-exists="true" ipc-concordant="C05G1/00" c-set-base-allowed="true" c-set-subsequent-allowed="true" date-revised="2013-01-01" status="published"><classification-symbol>C05G1/00</classification-symbol><class-title date-revised="2013-01-01"><title-part><text>Mixtures of fertilisers belonging individually to different subclasses of <class-ref scheme="cpc">C05</class-ref></text></title-part></class-title></classification-item>
<classification-item breakdown-code="false" not-allocatable="false" level="7" additional-only="false" sort-key="C05G3/00" definition-exists="true" ipc-concordant="C05G3/00" c-set-base-allowed="true" c-set-subsequent-allowed="true" date-revised="2020-02-01" status="published"><classification-symbol>C05G3/00</classification-symbol><class-title date-revised="2020-02-01"><title-part><text>Mixtures of one or more fertilisers with additives not having a specially fertilising activity</text></title-part></class-title>
<classification-item breakdown-code="false" not-allocatable="false" level="8" additional-only="false" sort-key="C05G3/20" definition-exists="true" ipc-concordant="C05G3/20" c-set-base-allowed="false" c-set-subsequent-allowed="true" date-revised="2020-02-01" status="published"><classification-symbol>C05G3/20</classification-symbol><class-title date-revised="2020-02-01"><title-part><text>for preventing the fertilisers being reduced to powder</text></title-part><title-part><text>Anti-dusting additives</text></title-part></class-title><notes-and-warnings><note type="warning"><note-paragraph warning-type="reclass-source">Group <class-ref scheme="cpc">C05G3/20</class-ref> is impacted by reclassification into group <class-ref scheme="cpc">C05G3/30</class-ref>.<br/>Groups <class-ref scheme="cpc">C05G3/20</class-ref> and <class-ref scheme="cpc">C05G3/30</class-ref> should be considered in order to perform a complete search.</note-paragraph></note></notes-and-warnings></classification-item>
<classification-item breakdown-code="false" not-allocatable="false" level="8" additional-only="false" sort-key="C05G3/30" definition-exists="false" ipc-concordant="C05G3/30" c-set-base-allowed="false" c-set-subsequent-allowed="true" date-revised="2020-02-01" status="published"><classification-symbol>C05G3/30</classification-symbol><class-title date-revised="2020-02-01"><title-part><text>Anti-agglomerating additives</text></title-part><title-part><text>Anti-solidifying additives</text></title-part></class-title><notes-and-warnings><note type="warning"><note-paragraph warning-type="reclass-destination">Group <class-ref scheme="cpc">C05G3/30</class-ref> is incomplete pending reclassification of documents from group <class-ref scheme="cpc">C05G3/20</class-ref>. <br/>Groups <class-ref scheme="cpc">C05G3/20</class-ref> and <class-ref scheme="cpc">C05G3/30</class-ref> should be considered in order to perform a complete search.</note-paragraph></note></notes-and-warnings></classification-item>
<classification-item breakdown-code="false" not-allocatable="false" level="8" additional-only="false" sort-key="C05G3/40" definition-exists="false" ipc-concordant="C05G3/40" c-set-base-allowed="false" c-set-subsequent-allowed="true" date-revised="2020-02-01" status="published"><classification-symbol>C05G3/40</classification-symbol><class-title date-revised="2020-02-01"><title-part><text>for affecting fertiliser dosage or release rate</text></title-part><title-part><text>for affecting solubility</text></title-part></class-title>
<classification-item breakdown-code="false" not-allocatable="false" level="9" additional-only="false" sort-key="C05G3/44" definition-exists="false" ipc-concordant="C05G3/40" c-set-base-allowed="false" c-set-subsequent-allowed="true" date-revised="2020-02-01" status="published"><classification-symbol>C05G3/44</classification-symbol><class-title date-revised="2020-02-01"><title-part><CPC-specific-text><text>for affecting solubility</text></CPC-specific-text></title-part></class-title></classification-item></classification-item>
<classification-item breakdown-code="false" not-allocatable="false" level="8" additional-only="false" sort-key="C05G3/50" definition-exists="false" ipc-concordant="C05G3/50" c-set-base-allowed="false" c-set-subsequent-allowed="true" date-revised="2020-02-01" status="published"><classification-symbol>C05G3/50</classification-symbol><class-title date-revised="2020-02-01"><title-part><text>Surfactants</text></title-part><title-part><text>Emulsifiers</text></title-part></class-title><notes-and-warnings><note type="warning"><note-paragraph warning-type="reclass-destination">Group <class-ref scheme="cpc">C05G3/50</class-ref> is incomplete pending reclassification of documents from group <class-ref scheme="cpc">C05G3/70</class-ref>. <br/>Groups <class-ref scheme="cpc">C05G3/70</class-ref> and <class-ref scheme="cpc">C05G3/50</class-ref> should be considered in order to perform a complete search.</note-paragraph></note></notes-and-warnings></classification-item>
<classification-item breakdown-code="false" not-allocatable="false" level="8" additional-only="false" sort-key="C05G3/60" definition-exists="false" ipc-concordant="C05G3/60" c-set-base-allowed="false" c-set-subsequent-allowed="true" date-revised="2020-02-01" status="published"><classification-symbol>C05G3/60</classification-symbol><class-title date-revised="2020-02-01"><title-part><text>Biocides or preservatives, e.g. disinfectants, pesticides or herbicides</text></title-part><title-part><text>Pest repellants or attractants</text></title-part></class-title></classification-item>
<classification-item breakdown-code="false" not-allocatable="false" level="8" additional-only="false" sort-key="C05G3/70" definition-exists="false" ipc-concordant="C05G3/70" c-set-base-allowed="false" c-set-subsequent-allowed="true" date-revised="2020-02-01" status="published"><classification-symbol>C05G3/70</classification-symbol><class-title date-revised="2020-02-01"><title-part><text>for affecting wettability, e.g. drying agents</text></title-part></class-title><notes-and-warnings><note type="warning"><note-paragraph warning-type="reclass-source">Group <class-ref scheme="cpc">C05G3/70</class-ref> is impacted by reclassification into group <class-ref scheme="cpc">C05G3/50</class-ref>. <br/>Groups <class-ref scheme="cpc">C05G3/70</class-ref> and <class-ref scheme="cpc">C05G3/50</class-ref> should be considered in order to perform a complete search.</note-paragraph></note></notes-and-warnings></classification-item>
<classification-item breakdown-code="false" not-allocatable="false" level="8" additional-only="false" sort-key="C05G3/80" definition-exists="true" ipc-concordant="C05G3/80" c-set-base-allowed="false" c-set-subsequent-allowed="true" date-revised="2020-02-01" status="published"><classification-symbol>C05G3/80</classification-symbol><class-title date-revised="2020-02-01"><title-part><text>Soil conditioners</text></title-part></class-title></classification-item>
<classification-item breakdown-code="false" not-allocatable="false" level="8" additional-only="false" sort-key="C05G3/90" definition-exists="false" ipc-concordant="C05G3/90" c-set-base-allowed="false" c-set-subsequent-allowed="true" date-revised="2020-02-01" status="published"><classification-symbol>C05G3/90</classification-symbol><class-title date-revised="2020-02-01"><title-part><text>for affecting the nitrification of ammonium compounds or urea in the soil</text></title-part></class-title></classification-item></classification-item>
<classification-item breakdown-code="false" not-allocatable="false" level="7" additional-only="false" sort-key="C05G5/00" definition-exists="true" ipc-concordant="C05G5/00" c-set-base-allowed="false" c-set-subsequent-allowed="true" date-revised="2020-02-01" status="published"><classification-symbol>C05G5/00</classification-symbol><class-title date-revised="2020-02-01"><title-part><text>Fertilisers characterised by their form</text></title-part></class-title><notes-and-warnings><note type="warning"><note-paragraph warning-type="reclass-source">Group <class-ref scheme="cpc">C05G5/00</class-ref> is impacted by reclassification into groups <class-ref scheme="cpc">C05G5/10</class-ref>, <class-ref scheme="cpc">C05G5/12</class-ref>, <class-ref scheme="cpc">C05G5/14</class-ref>, <class-ref scheme="cpc">C05G5/16</class-ref>, <class-ref scheme="cpc">C05G5/18</class-ref>, <class-ref scheme="cpc">C05G5/30</class-ref>, and <class-ref scheme="cpc">C05G5/40</class-ref>. <br/>All groups listed in this Warning should be considered in order to perform a complete search.</note-paragraph></note></notes-and-warnings>
<classification-item breakdown-code="false" not-allocatable="false" level="8" additional-only="false" sort-key="C05G5/10" definition-exists="false" ipc-concordant="C05G5/10" c-set-base-allowed="false" c-set-subsequent-allowed="true" date-revised="2020-02-01" status="published"><classification-symbol>C05G5/10</classification-symbol><class-title date-revised="2020-02-01"><title-part><text>Solid or semi-solid fertilisers, e.g. powders </text><reference><text>layered or coated <class-ref scheme="cpc">C05G5/30</class-ref>, incorporated into a matrix <class-ref scheme="cpc">C05G5/40</class-ref></text></reference></title-part></class-title><notes-and-warnings><note type="warning"><note-paragraph warning-type="reclass-destination">Group <class-ref scheme="cpc">C05G5/10</class-ref> is  incomplete pending reclassification of documents from group <class-ref scheme="cpc">C05G5/00</class-ref>. <br/>Groups <class-ref scheme="cpc">C05G5/00</class-ref> and <class-ref scheme="cpc">C05G5/10</class-ref> should be considered in order to perform a complete search.</note-paragraph></note></notes-and-warnings>
<classification-item breakdown-code="false" not-allocatable="false" level="9" additional-only="false" sort-key="C05G5/12" definition-exists="false" ipc-concordant="C05G5/12" c-set-base-allowed="false" c-set-subsequent-allowed="true" date-revised="2020-02-01" status="published"><classification-symbol>C05G5/12</classification-symbol><class-title date-revised="2020-02-01"><title-part><text>Granules or flakes</text></title-part></class-title><notes-and-warnings><note type="warning"><note-paragraph warning-type="reclass-destination">Group <class-ref scheme="cpc">C05G5/12</class-ref> is incomplete pending reclassification of documents from group <class-ref scheme="cpc">C05G5/00</class-ref>.<br/>Group <class-ref scheme="cpc">C05G5/12</class-ref> is also impacted by reclassification into groups <class-ref scheme="cpc">C05G5/14</class-ref>. <br/>Groups <class-ref scheme="cpc">C05G5/00</class-ref>, <class-ref scheme="cpc">C05G5/12</class-ref>, and <class-ref scheme="cpc">C05G5/14</class-ref> should be considered in order to perform a complete search.</note-paragraph></note></notes-and-warnings></classification-item>
<classification-item breakdown-code="false" not-allocatable="false" level="9" additional-only="false" sort-key="C05G5/14" definition-exists="false" ipc-concordant="C05G5/14" c-set-base-allowed="false" c-set-subsequent-allowed="true" date-revised="2020-02-01" status="published"><classification-symbol>C05G5/14</classification-symbol><class-title date-revised="2020-02-01"><title-part><text>Tablets, spikes, rods, blocks or balls</text></title-part></class-title><notes-and-warnings><note type="warning"><note-paragraph warning-type="reclass-destination">Group <class-ref scheme="cpc">C05G5/14</class-ref> is  incomplete pending reclassification of documents from groups <class-ref scheme="cpc">C05G5/00</class-ref>, <class-ref scheme="cpc">C05G5/12</class-ref>, and <class-ref scheme="cpc">C05G5/45</class-ref>.<br/>All groups listed in this Warning should be considered in order to perform a complete search.</note-paragraph></note></notes-and-warnings></classification-item>
<classification-item breakdown-code="false" not-allocatable="false" level="9" additional-only="false" sort-key="C05G5/16" definition-exists="false" ipc-concordant="C05G5/16" c-set-base-allowed="false" c-set-subsequent-allowed="true" date-revised="2020-02-01" status="published"><classification-symbol>C05G5/16</classification-symbol><class-title date-revised="2020-02-01"><title-part><text>Films or sheets</text></title-part><title-part><text>Webs</text></title-part><title-part><text>Fibres</text></title-part></class-title><notes-and-warnings><note type="warning"><note-paragraph warning-type="reclass-destination">Group <class-ref scheme="cpc">C05G5/16</class-ref> is incomplete pending reclassification of documents from group <class-ref scheme="cpc">C05G5/00</class-ref> and <class-ref scheme="cpc">C05G5/45</class-ref>. <br/>Groups <class-ref scheme="cpc">C05G5/00</class-ref>, <class-ref scheme="cpc">C05G5/45</class-ref>, and <class-ref scheme="cpc">C05G5/16</class-ref> should be considered in order to perform a complete search.</note-paragraph></note></notes-and-warnings></classification-item>
<classification-item breakdown-code="false" not-allocatable="false" level="9" additional-only="false" sort-key="C05G5/18" definition-exists="false" ipc-concordant="C05G5/18" c-set-base-allowed="false" c-set-subsequent-allowed="true" date-revised="2020-02-01" status="published"><classification-symbol>C05G5/18</classification-symbol><class-title date-revised="2020-02-01"><title-part><text>Semi-solid fertilisers, e.g. foams or gels</text></title-part></class-title><notes-and-warnings><note type="warning"><note-paragraph warning-type="reclass-destination">Group <class-ref scheme="cpc">C05G5/18</class-ref> is incomplete pending reclassification of documents from groups <class-ref scheme="cpc">C05G5/00</class-ref> and <class-ref scheme="cpc">C05G5/45</class-ref>. <br/>Groups <class-ref scheme="cpc">C05G5/00</class-ref>, <class-ref scheme="cpc">C05G5/45</class-ref>, and <class-ref scheme="cpc">C05G5/18</class-ref> should be considered in order to perform a complete search.</note-paragraph></note></notes-and-warnings></classification-item></classification-item>
<classification-item breakdown-code="false" not-allocatable="false" level="8" additional-only="false" sort-key="C05G5/20" definition-exists="false" ipc-concordant="C05G5/20" c-set-base-allowed="false" c-set-subsequent-allowed="true" date-revised="2020-02-01" status="published"><classification-symbol>C05G5/20</classification-symbol><class-title date-revised="2020-02-01"><title-part><text>Liquid fertilisers </text><reference><text>layered or coated <class-ref scheme="cpc">C05G5/30</class-ref>; incorporated into a matrix <class-ref scheme="cpc">C05G5/40</class-ref></text></reference></title-part></class-title><notes-and-warnings><note type="warning"><note-paragraph warning-type="reclass-source">Group <class-ref scheme="cpc">C05G5/20</class-ref> is impacted by reclassification into groups <class-ref scheme="cpc">C05G5/23</class-ref>, <class-ref scheme="cpc">C05G5/27</class-ref>, <class-ref scheme="cpc">C05G5/30</class-ref>, and <class-ref scheme="cpc">C05G5/40</class-ref>. <br/>All groups listed in this Warning should be considered in order to perform a complete search.</note-paragraph></note></notes-and-warnings>
<classification-item breakdown-code="false" not-allocatable="false" level="9" additional-only="false" sort-key="C05G5/23" definition-exists="false" ipc-concordant="C05G5/23" c-set-base-allowed="false" c-set-subsequent-allowed="true" date-revised="2020-02-01" status="published"><classification-symbol>C05G5/23</classification-symbol><class-title date-revised="2020-02-01"><title-part><text>Solutions</text></title-part></class-title><notes-and-warnings><note type="warning"><note-paragraph warning-type="reclass-destination">Group <class-ref scheme="cpc">C05G5/23</class-ref> is incomplete pending reclassification of documents from group <class-ref scheme="cpc">C05G5/20</class-ref>. <br/>Groups <class-ref scheme="cpc">C05G5/20</class-ref> and <class-ref scheme="cpc">C05G5/23</class-ref> should be considered in order to perform a complete search.</note-paragraph></note></notes-and-warnings></classification-item>
<classification-item breakdown-code="false" not-allocatable="false" level="9" additional-only="false" sort-key="C05G5/27" definition-exists="false" ipc-concordant="C05G5/27" c-set-base-allowed="false" c-set-subsequent-allowed="true" date-revised="2020-02-01" status="published"><classification-symbol>C05G5/27</classification-symbol><class-title date-revised="2020-02-01"><title-part><text>Dispersions, e.g. suspensions or emulsions</text></title-part></class-title><notes-and-warnings><note type="warning"><note-paragraph warning-type="reclass-destination">Group <class-ref scheme="cpc">C05G5/27</class-ref> is incomplete pending reclassification of documents from group <class-ref scheme="cpc">C05G5/20</class-ref>. <br/>Groups <class-ref scheme="cpc">C05G5/20</class-ref> and <class-ref scheme="cpc">C05G5/27</class-ref> should be considered in order to perform a complete search.</note-paragraph></note></notes-and-warnings></classification-item></classification-item>
<classification-item breakdown-code="false" not-allocatable="false" level="8" additional-only="false" sort-key="C05G5/30" definition-exists="false" ipc-concordant="C05G5/30" c-set-base-allowed="false" c-set-subsequent-allowed="true" date-revised="2020-02-01" status="published"><classification-symbol>C05G5/30</classification-symbol><class-title date-revised="2020-02-01"><title-part><text>Layered or coated, e.g. dust-preventing coatings</text></title-part></class-title><notes-and-warnings><note type="note"><note-paragraph><CPC-specific-note>Apparatus for applying layers or coatings are classified in this group</CPC-specific-note></note-paragraph></note><note type="warning"><note-paragraph warning-type="reclass-destination">Group <class-ref scheme="cpc">C05G5/30</class-ref> is incomplete pending reclassification of documents from group <class-ref scheme="cpc">C05G5/00</class-ref>, <class-ref scheme="cpc">C05G5/20</class-ref>, and <class-ref scheme="cpc">C05G5/45</class-ref>. <br/>All groups listed in this Warning should be considered in order to perform a complete search.</note-paragraph></note></notes-and-warnings>
<classification-item breakdown-code="false" not-allocatable="false" level="9" additional-only="false" sort-key="C05G5/35" definition-exists="false" ipc-concordant="C05G5/35" c-set-base-allowed="false" c-set-subsequent-allowed="true" date-revised="2020-02-01" status="published"><classification-symbol>C05G5/35</classification-symbol><class-title date-revised="2020-02-01"><title-part><text>Capsules, e.g. core-shell</text></title-part></class-title></classification-item>
<classification-item breakdown-code="false" not-allocatable="false" level="9" additional-only="false" sort-key="C05G5/36" definition-exists="false" ipc-concordant="C05G5/30" c-set-base-allowed="false" c-set-subsequent-allowed="true" date-revised="2020-02-01" status="published"><classification-symbol>C05G5/36</classification-symbol><class-title date-revised="2020-02-01"><title-part><CPC-specific-text><text>layered or coated with sulfur</text></CPC-specific-text></title-part></class-title></classification-item>
<classification-item breakdown-code="false" not-allocatable="false" level="9" additional-only="false" sort-key="C05G5/37" definition-exists="false" ipc-concordant="C05G5/30" c-set-base-allowed="false" c-set-subsequent-allowed="true" date-revised="2020-02-01" status="published"><classification-symbol>C05G5/37</classification-symbol><class-title date-revised="2020-02-01"><title-part><CPC-specific-text><text>layered or coated with a polymer</text></CPC-specific-text></title-part></class-title></classification-item>
<classification-item breakdown-code="false" not-allocatable="false" level="9" additional-only="false" sort-key="C05G5/38" definition-exists="false" ipc-concordant="C05G5/30" c-set-base-allowed="false" c-set-subsequent-allowed="true" date-revised="2020-02-01" status="published"><classification-symbol>C05G5/38</classification-symbol><class-title date-revised="2020-02-01"><title-part><CPC-specific-text><text>layered or coated with wax or resins</text></CPC-specific-text></title-part></class-title></classification-item></classification-item>
<classification-item breakdown-code="false" not-allocatable="false" level="8" additional-only="false" sort-key="C05G5/40" definition-exists="false" ipc-concordant="C05G5/40" c-set-base-allowed="false" c-set-subsequent-allowed="true" date-revised="2020-02-01" status="published"><classification-symbol>C05G5/40</classification-symbol><class-title date-revised="2020-02-01"><title-part><text>Fertilisers incorporated into a matrix</text></title-part></class-title><notes-and-warnings><note type="warning"><note-paragraph warning-type="reclass-destination">Group <class-ref scheme="cpc">C05G5/40</class-ref> is incomplete pending reclassification of documents from group <class-ref scheme="cpc">C05G5/00</class-ref> and <class-ref scheme="cpc">C05G5/20</class-ref>.<br/>Groups <class-ref scheme="cpc">C05G5/00</class-ref>, <class-ref scheme="cpc">C05G5/20</class-ref>, and <class-ref scheme="cpc">C05G5/40</class-ref> should be considered in order to perform a complete search.</note-paragraph></note></notes-and-warnings></classification-item>
<classification-item breakdown-code="false" not-allocatable="false" level="8" additional-only="false" sort-key="C05G5/45" definition-exists="false" ipc-concordant="C05G5/00" c-set-base-allowed="false" c-set-subsequent-allowed="true" date-revised="2020-02-01" status="published"><classification-symbol>C05G5/45</classification-symbol><class-title date-revised="2020-02-01"><title-part><CPC-specific-text><text>Form not covered by groups <class-ref scheme="cpc">C05G5/10</class-ref> - <class-ref scheme="cpc">C05G5/18</class-ref>, <class-ref scheme="cpc">C05G5/20</class-ref> - <class-ref scheme="cpc">C05G5/27</class-ref>, <class-ref scheme="cpc">C05G5/30</class-ref> - <class-ref scheme="cpc">C05G5/38</class-ref> or <class-ref scheme="cpc">C05G5/40</class-ref>, e.g. soluble or permeable packaging</text></CPC-specific-text></title-part></class-title><notes-and-warnings><note type="warning"><note-paragraph warning-type="reclass-source">Group <class-ref scheme="cpc">C05G5/45</class-ref> is impacted by reclassification into groups <class-ref scheme="cpc">C05G5/14</class-ref>, <class-ref scheme="cpc">C05G5/16</class-ref>, <class-ref scheme="cpc">C05G5/18</class-ref>, and <class-ref scheme="cpc">C05G5/30</class-ref>. <br/>All groups listed in this Warning should be considered in order to perform a complete search.</note-paragraph></note></notes-and-warnings></classification-item></classification-item></classification-item></classification-item></class-scheme>