<?xml version="1.0" encoding="UTF-8"?>
<class-scheme publication-date="2021-05-01" scheme-type="cpc" publication-type="official">
<classification-item breakdown-code="false" not-allocatable="true" level="5" additional-only="false" sort-key="B61D" definition-exists="true" date-revised="2018-08-01" status="published"><classification-symbol>B61D</classification-symbol><class-title date-revised="2013-01-01"><title-part><text>BODY DETAILS OR KINDS OF RAILWAY VEHICLES </text><reference><text>vehicles in general <class-ref scheme="cpc">B60</class-ref>; adaptation of vehicles to special systems <class-ref scheme="cpc">B61B</class-ref>; underframes <class-ref scheme="cpc">B61F</class-ref></text></reference></title-part></class-title><notes-and-warnings><note type="warning"><note-paragraph>In this subclass non-limiting references (in the sense of paragraph 39 of the Guide to the IPC) may still be displayed in the scheme.</note-paragraph></note></notes-and-warnings>
<classification-item breakdown-code="false" not-allocatable="true" level="6" additional-only="false" sort-key="B61D1/00" date-revised="2013-01-01" status="published"><classification-symbol>B61D1/00</classification-symbol><class-title date-revised="2013-01-01"><title-part><text>Kinds of railway or tramway vehicles</text></title-part></class-title>
<classification-item breakdown-code="false" not-allocatable="false" level="7" additional-only="false" sort-key="B61D1/00" definition-exists="true" ipc-concordant="B61D1/00" c-set-base-allowed="false" c-set-subsequent-allowed="true" date-revised="2013-01-01" status="published"><classification-symbol>B61D1/00</classification-symbol><class-title date-revised="2013-01-01"><title-part><text>Carriages for ordinary railway passenger traffic </text><reference><text>mine cars <class-ref scheme="cpc">B61D11/00</class-ref>; tramcars <class-ref scheme="cpc">B61D13/00</class-ref></text></reference></title-part></class-title>
<classification-item breakdown-code="false" not-allocatable="false" level="8" additional-only="false" sort-key="B61D1/02" definition-exists="true" ipc-concordant="B61D1/02" c-set-base-allowed="false" c-set-subsequent-allowed="true" date-revised="2013-01-01" status="published"><classification-symbol>B61D1/02</classification-symbol><class-title date-revised="2013-01-01"><title-part><text>General arrangements in sleeping or couchette carriages </text><reference><text><class-ref scheme="cpc">B61D1/08</class-ref> takes precedence</text></reference></title-part></class-title></classification-item>
<classification-item breakdown-code="false" not-allocatable="false" level="8" additional-only="false" sort-key="B61D1/04" definition-exists="true" ipc-concordant="B61D1/04" c-set-base-allowed="false" c-set-subsequent-allowed="true" date-revised="2013-01-01" status="published"><classification-symbol>B61D1/04</classification-symbol><class-title date-revised="2013-01-01"><title-part><text>General arrangements of seats </text><reference><text><class-ref scheme="cpc">B61D1/06</class-ref> takes precedence; seats <u>per se</u> <class-ref scheme="cpc">B61D33/00</class-ref></text></reference></title-part></class-title></classification-item>
<classification-item breakdown-code="false" not-allocatable="false" level="8" additional-only="false" sort-key="B61D1/06" definition-exists="false" ipc-concordant="B61D1/06" c-set-base-allowed="false" c-set-subsequent-allowed="true" date-revised="2013-01-01" status="published"><classification-symbol>B61D1/06</classification-symbol><class-title date-revised="2013-01-01"><title-part><text>with multiple deck arrangement</text></title-part></class-title>
<classification-item breakdown-code="false" not-allocatable="false" level="9" additional-only="false" sort-key="B61D1/08" definition-exists="false" ipc-concordant="B61D1/08" c-set-base-allowed="false" c-set-subsequent-allowed="true" date-revised="2013-01-01" status="published"><classification-symbol>B61D1/08</classification-symbol><class-title date-revised="2013-01-01"><title-part><text>of sleeping carriages</text></title-part></class-title></classification-item></classification-item></classification-item>
<classification-item breakdown-code="false" not-allocatable="false" level="7" additional-only="false" sort-key="B61D3/00" definition-exists="true" ipc-concordant="B61D3/00" c-set-base-allowed="false" c-set-subsequent-allowed="true" date-revised="2013-01-01" status="published"><classification-symbol>B61D3/00</classification-symbol><class-title date-revised="2013-01-01"><title-part><text>Wagons or vans </text><reference><text>tank wagons <class-ref scheme="cpc">B61D5/00</class-ref>; hopper wagons <class-ref scheme="cpc">B61D7/00</class-ref>; tipping wagons <class-ref scheme="cpc">B61D9/00</class-ref>; mine cars <class-ref scheme="cpc">B61D11/00</class-ref>; vehicles specially adapted for animal transportation <class-ref scheme="cpc">B60P3/04</class-ref>; </text><CPC-specific-text><text>container traffic <class-ref scheme="cpc">B65G</class-ref></text></CPC-specific-text></reference></title-part></class-title>
<classification-item breakdown-code="false" not-allocatable="false" level="8" additional-only="false" sort-key="B61D3/005" definition-exists="false" ipc-concordant="B61D3/00" c-set-base-allowed="false" c-set-subsequent-allowed="true" date-revised="2013-01-01" status="published"><classification-symbol>B61D3/005</classification-symbol><class-title date-revised="2013-01-01"><title-part><CPC-specific-text><text>convertible </text><reference><text><class-ref scheme="cpc">B61D3/04</class-ref>, <class-ref scheme="cpc">B61D3/06</class-ref>, <class-ref scheme="cpc">B61D15/04</class-ref> take precedence</text></reference></CPC-specific-text></title-part></class-title></classification-item>
<classification-item breakdown-code="false" not-allocatable="false" level="8" additional-only="false" sort-key="B61D3/02" definition-exists="false" ipc-concordant="B61D3/02" c-set-base-allowed="false" c-set-subsequent-allowed="true" date-revised="2013-01-01" status="published"><classification-symbol>B61D3/02</classification-symbol><class-title date-revised="2013-01-01"><title-part><text>with multiple deck arrangements </text><reference><text>for carrying vehicles <class-ref scheme="cpc">B61D3/18</class-ref></text></reference></title-part></class-title></classification-item>
<classification-item breakdown-code="false" not-allocatable="false" level="8" additional-only="false" sort-key="B61D3/04" definition-exists="true" ipc-concordant="B61D3/04" c-set-base-allowed="false" c-set-subsequent-allowed="true" date-revised="2013-01-01" status="published"><classification-symbol>B61D3/04</classification-symbol><class-title date-revised="2013-01-01"><title-part><text>with movable floors, e.g. rotatable or floors which can be raised or lowered</text></title-part></class-title></classification-item>
<classification-item breakdown-code="false" not-allocatable="false" level="8" additional-only="false" sort-key="B61D3/06" definition-exists="false" ipc-concordant="B61D3/06" c-set-base-allowed="false" c-set-subsequent-allowed="true" date-revised="2013-01-01" status="published"><classification-symbol>B61D3/06</classification-symbol><class-title date-revised="2013-01-01"><title-part><text>Flat-bottomed cars convertible into hoppers</text></title-part></class-title></classification-item>
<classification-item breakdown-code="false" not-allocatable="false" level="8" additional-only="false" sort-key="B61D3/08" definition-exists="false" ipc-concordant="B61D3/08" c-set-base-allowed="false" c-set-subsequent-allowed="true" date-revised="2017-08-01" status="published"><classification-symbol>B61D3/08</classification-symbol><class-title date-revised="2017-08-01"><title-part><text>Flat wagons including posts or standards </text><CPC-specific-text><reference><text>open loading compartments for load-carrying vehicles, in general <class-ref scheme="cpc">B62D33/02</class-ref>; movable or detachable racks or stanchions <class-ref scheme="cpc">B62D33/0207</class-ref></text></reference></CPC-specific-text></title-part></class-title></classification-item>
<classification-item breakdown-code="false" not-allocatable="false" level="8" additional-only="false" sort-key="B61D3/10" definition-exists="false" ipc-concordant="B61D3/10" c-set-base-allowed="false" c-set-subsequent-allowed="true" date-revised="2013-01-01" status="published"><classification-symbol>B61D3/10</classification-symbol><class-title date-revised="2013-01-01"><title-part><text>Articulated vehicles</text></title-part></class-title>
<classification-item breakdown-code="false" not-allocatable="false" level="9" additional-only="false" sort-key="B61D3/12" definition-exists="false" ipc-concordant="B61D3/12" c-set-base-allowed="false" c-set-subsequent-allowed="true" date-revised="2013-01-01" status="published"><classification-symbol>B61D3/12</classification-symbol><class-title date-revised="2013-01-01"><title-part><text>comprising running gear interconnected by loads</text></title-part></class-title></classification-item>
<classification-item breakdown-code="false" not-allocatable="false" level="9" additional-only="false" sort-key="B61D3/14" definition-exists="false" ipc-concordant="B61D3/14" c-set-base-allowed="false" c-set-subsequent-allowed="true" date-revised="2013-01-01" status="published"><classification-symbol>B61D3/14</classification-symbol><class-title date-revised="2013-01-01"><title-part><text>comprising running gear interconnected by load supports facilitating low-level load transport</text></title-part></class-title></classification-item></classification-item>
<classification-item breakdown-code="false" not-allocatable="false" level="8" additional-only="false" sort-key="B61D3/16" definition-exists="false" ipc-concordant="B61D3/16" c-set-base-allowed="false" c-set-subsequent-allowed="true" date-revised="2013-01-01" status="published"><classification-symbol>B61D3/16</classification-symbol><class-title date-revised="2013-01-01"><title-part><text>adapted for carrying special loads</text></title-part></class-title>
<classification-item breakdown-code="false" not-allocatable="false" level="9" additional-only="false" sort-key="B61D3/163" definition-exists="false" ipc-concordant="B61D3/16" c-set-base-allowed="false" c-set-subsequent-allowed="true" date-revised="2013-01-01" status="published"><classification-symbol>B61D3/163</classification-symbol><class-title date-revised="2013-01-01"><title-part><CPC-specific-text><text>for carrying animals</text></CPC-specific-text></title-part></class-title></classification-item>
<classification-item breakdown-code="false" not-allocatable="false" level="9" additional-only="false" sort-key="B61D3/166" definition-exists="false" ipc-concordant="B61D3/16" c-set-base-allowed="false" c-set-subsequent-allowed="true" date-revised="2013-01-01" status="published"><classification-symbol>B61D3/166</classification-symbol><class-title date-revised="2013-01-01"><title-part><CPC-specific-text><text>for carrying very heavy loads</text></CPC-specific-text></title-part></class-title></classification-item>
<classification-item breakdown-code="false" not-allocatable="false" level="9" additional-only="false" sort-key="B61D3/18" definition-exists="false" ipc-concordant="B61D3/18" c-set-base-allowed="false" c-set-subsequent-allowed="true" date-revised="2017-08-01" status="published"><classification-symbol>B61D3/18</classification-symbol><class-title date-revised="2017-08-01"><title-part><text>for vehicles </text><CPC-specific-text><reference><text>vehicles adapted to carry other vehicles, in general, <class-ref scheme="cpc">B60P3/06</class-ref></text></reference></CPC-specific-text></title-part></class-title>
<classification-item breakdown-code="false" not-allocatable="false" level="10" additional-only="false" sort-key="B61D3/181" definition-exists="false" ipc-concordant="B61D3/18" c-set-base-allowed="false" c-set-subsequent-allowed="true" date-revised="2017-05-01" status="published"><classification-symbol>B61D3/181</classification-symbol><class-title date-revised="2017-05-01"><title-part><CPC-specific-text><text>with special accommodation for the motor vehicle driver or passengers </text><reference><text><class-ref scheme="cpc">B61D1/06</class-ref> takes precedence</text></reference></CPC-specific-text></title-part></class-title></classification-item>
<classification-item breakdown-code="false" not-allocatable="false" level="10" additional-only="false" sort-key="B61D3/182" definition-exists="true" ipc-concordant="B61D3/18" c-set-base-allowed="false" c-set-subsequent-allowed="true" date-revised="2016-08-01" status="published"><classification-symbol>B61D3/182</classification-symbol><class-title date-revised="2016-08-01"><title-part><CPC-specific-text><text>specially adapted for heavy vehicles, e.g. public work vehicles, trucks, trailers</text></CPC-specific-text></title-part></class-title>
<classification-item breakdown-code="false" not-allocatable="false" level="11" additional-only="false" sort-key="B61D3/184" definition-exists="false" ipc-concordant="B61D3/18" c-set-base-allowed="false" c-set-subsequent-allowed="true" date-revised="2013-01-01" status="published"><classification-symbol>B61D3/184</classification-symbol><class-title date-revised="2013-01-01"><title-part><CPC-specific-text><text>the heavy vehicles being of the trailer or semi-trailer type</text></CPC-specific-text></title-part></class-title></classification-item>
<classification-item breakdown-code="false" not-allocatable="false" level="11" additional-only="false" sort-key="B61D3/185" definition-exists="false" ipc-concordant="B61D3/18" c-set-base-allowed="false" c-set-subsequent-allowed="true" date-revised="2013-01-01" status="published"><classification-symbol>B61D3/185</classification-symbol><class-title date-revised="2013-01-01"><title-part><CPC-specific-text><text>Railway vehicles</text></CPC-specific-text></title-part></class-title></classification-item></classification-item>
<classification-item breakdown-code="false" not-allocatable="false" level="10" additional-only="false" sort-key="B61D3/187" definition-exists="false" ipc-concordant="B61D3/18" c-set-base-allowed="false" c-set-subsequent-allowed="true" date-revised="2013-01-01" status="published"><classification-symbol>B61D3/187</classification-symbol><class-title date-revised="2013-01-01"><title-part><CPC-specific-text><text>Details, e.g. bridges for floor connections</text></CPC-specific-text></title-part></class-title>
<classification-item breakdown-code="false" not-allocatable="false" level="11" additional-only="false" sort-key="B61D3/188" definition-exists="false" ipc-concordant="B61D3/18" c-set-base-allowed="false" c-set-subsequent-allowed="true" date-revised="2013-01-01" status="published"><classification-symbol>B61D3/188</classification-symbol><class-title date-revised="2013-01-01"><title-part><CPC-specific-text><text>Wheel guides for the vehicles being carried</text></CPC-specific-text></title-part></class-title></classification-item></classification-item></classification-item>
<classification-item breakdown-code="false" not-allocatable="false" level="9" additional-only="false" sort-key="B61D3/20" definition-exists="false" ipc-concordant="B61D3/20" c-set-base-allowed="false" c-set-subsequent-allowed="true" date-revised="2013-01-01" status="published"><classification-symbol>B61D3/20</classification-symbol><class-title date-revised="2013-01-01"><title-part><text>for forwarding containers</text></title-part></class-title></classification-item></classification-item></classification-item>
<classification-item breakdown-code="false" not-allocatable="false" level="7" additional-only="false" sort-key="B61D5/00" definition-exists="true" ipc-concordant="B61D5/00" c-set-base-allowed="false" c-set-subsequent-allowed="true" date-revised="2013-01-01" status="published"><classification-symbol>B61D5/00</classification-symbol><class-title date-revised="2013-01-01"><title-part><text>Tank wagons for carrying fluent materials</text></title-part></class-title>
<classification-item breakdown-code="false" not-allocatable="false" level="8" additional-only="false" sort-key="B61D5/002" definition-exists="false" ipc-concordant="B61D5/00" c-set-base-allowed="false" c-set-subsequent-allowed="true" date-revised="2013-01-01" status="published"><classification-symbol>B61D5/002</classification-symbol><class-title date-revised="2013-01-01"><title-part><CPC-specific-text><text>for particulate or powder materials</text></CPC-specific-text></title-part></class-title>
<classification-item breakdown-code="false" not-allocatable="false" level="9" additional-only="false" sort-key="B61D5/004" definition-exists="false" ipc-concordant="B61D5/00" c-set-base-allowed="false" c-set-subsequent-allowed="true" date-revised="2013-01-01" status="published"><classification-symbol>B61D5/004</classification-symbol><class-title date-revised="2013-01-01"><title-part><CPC-specific-text><text>with loading and unloading means using fluids or vacuum</text></CPC-specific-text></title-part></class-title>
<classification-item breakdown-code="false" not-allocatable="false" level="10" additional-only="false" sort-key="B61D5/006" definition-exists="false" ipc-concordant="B61D5/00" c-set-base-allowed="false" c-set-subsequent-allowed="true" date-revised="2013-01-01" status="published"><classification-symbol>B61D5/006</classification-symbol><class-title date-revised="2013-01-01"><title-part><CPC-specific-text><text>with porous walls</text></CPC-specific-text></title-part></class-title></classification-item></classification-item></classification-item>
<classification-item breakdown-code="false" not-allocatable="false" level="8" additional-only="false" sort-key="B61D5/008" definition-exists="false" ipc-concordant="B61D5/00" c-set-base-allowed="false" c-set-subsequent-allowed="true" date-revised="2013-01-01" status="published"><classification-symbol>B61D5/008</classification-symbol><class-title date-revised="2013-01-01"><title-part><CPC-specific-text><text>Trackside means for assisting charge or discharge </text><reference><text>for hopper cars <class-ref scheme="cpc">B61D7/32</class-ref></text></reference></CPC-specific-text></title-part></class-title></classification-item>
<classification-item breakdown-code="false" not-allocatable="false" level="8" additional-only="false" sort-key="B61D5/02" definition-exists="false" ipc-concordant="B61D5/02" c-set-base-allowed="false" c-set-subsequent-allowed="true" date-revised="2013-01-01" status="published"><classification-symbol>B61D5/02</classification-symbol><class-title date-revised="2013-01-01"><title-part><text>having more than one tank</text></title-part></class-title></classification-item>
<classification-item breakdown-code="false" not-allocatable="false" level="8" additional-only="false" sort-key="B61D5/04" definition-exists="false" ipc-concordant="B65D88/74" c-set-base-allowed="false" c-set-subsequent-allowed="true" date-revised="2016-11-01" status="published"><classification-symbol>B61D5/04</classification-symbol><class-title date-revised="2016-11-01"><title-part><CPC-specific-text><text>with means for cooling, heating, or insulating</text></CPC-specific-text></title-part></class-title></classification-item>
<classification-item breakdown-code="false" not-allocatable="false" level="8" additional-only="false" sort-key="B61D5/06" definition-exists="false" ipc-concordant="B61D5/06" c-set-base-allowed="false" c-set-subsequent-allowed="true" date-revised="2013-01-01" status="published"><classification-symbol>B61D5/06</classification-symbol><class-title date-revised="2013-01-01"><title-part><text>Mounting of tanks</text></title-part><title-part><text>Integral bodies and frames</text></title-part></class-title></classification-item>
<classification-item breakdown-code="false" not-allocatable="false" level="8" additional-only="false" sort-key="B61D5/08" definition-exists="false" ipc-concordant="B65D90/00" c-set-base-allowed="false" c-set-subsequent-allowed="true" date-revised="2016-11-01" status="published"><classification-symbol>B61D5/08</classification-symbol><class-title date-revised="2016-11-01"><title-part><CPC-specific-text><text>Covers or access openings; Arrangements thereof</text></CPC-specific-text></title-part></class-title></classification-item></classification-item>
<classification-item breakdown-code="false" not-allocatable="false" level="7" additional-only="false" sort-key="B61D7/00" definition-exists="true" ipc-concordant="B61D7/00" c-set-base-allowed="false" c-set-subsequent-allowed="true" date-revised="2013-01-01" status="published"><classification-symbol>B61D7/00</classification-symbol><class-title date-revised="2013-01-01"><title-part><text>Hopper cars </text><reference><text>flat bottomed cars convertible into hoppers <class-ref scheme="cpc">B61D3/06</class-ref></text></reference></title-part></class-title>
<classification-item breakdown-code="false" not-allocatable="false" level="8" additional-only="false" sort-key="B61D7/02" definition-exists="false" ipc-concordant="B61D7/02" c-set-base-allowed="false" c-set-subsequent-allowed="true" date-revised="2013-01-01" status="published"><classification-symbol>B61D7/02</classification-symbol><class-title date-revised="2013-01-01"><title-part><text>with discharge openings in the bottoms </text><reference><text>with body in two halves and discharge by tipping the halves <class-ref scheme="cpc">B61D9/00</class-ref></text></reference></title-part></class-title>
<classification-item breakdown-code="false" not-allocatable="false" level="9" additional-only="false" sort-key="B61D7/04" definition-exists="false" ipc-concordant="B61D7/04" c-set-base-allowed="false" c-set-subsequent-allowed="true" date-revised="2013-01-01" status="published"><classification-symbol>B61D7/04</classification-symbol><class-title date-revised="2013-01-01"><title-part><text>the openings being above axle level during discharge</text></title-part></class-title></classification-item></classification-item>
<classification-item breakdown-code="false" not-allocatable="false" level="8" additional-only="false" sort-key="B61D7/06" definition-exists="false" ipc-concordant="B61D7/06" c-set-base-allowed="false" c-set-subsequent-allowed="true" date-revised="2013-01-01" status="published"><classification-symbol>B61D7/06</classification-symbol><class-title date-revised="2013-01-01"><title-part><text>with openings capable of discharging both between and outside the wheels</text></title-part></class-title></classification-item>
<classification-item breakdown-code="false" not-allocatable="false" level="8" additional-only="false" sort-key="B61D7/08" definition-exists="false" ipc-concordant="B61D7/08" c-set-base-allowed="false" c-set-subsequent-allowed="true" date-revised="2013-01-01" status="published"><classification-symbol>B61D7/08</classification-symbol><class-title date-revised="2013-01-01"><title-part><text>with openings capable of discharging only outside the wheels</text></title-part></class-title>
<classification-item breakdown-code="false" not-allocatable="false" level="9" additional-only="false" sort-key="B61D7/10" definition-exists="false" ipc-concordant="B61D7/10" c-set-base-allowed="false" c-set-subsequent-allowed="true" date-revised="2013-01-01" status="published"><classification-symbol>B61D7/10</classification-symbol><class-title date-revised="2013-01-01"><title-part><text>the discharge being assisted by tipping the bottom</text></title-part></class-title></classification-item></classification-item>
<classification-item breakdown-code="false" not-allocatable="false" level="8" additional-only="false" sort-key="B61D7/12" definition-exists="false" ipc-concordant="B61D7/12" c-set-base-allowed="false" c-set-subsequent-allowed="true" date-revised="2013-01-01" status="published"><classification-symbol>B61D7/12</classification-symbol><class-title date-revised="2013-01-01"><title-part><text>the hoppers being movable </text><reference><text><class-ref scheme="cpc">B61D9/00</class-ref> takes precedence</text></reference></title-part></class-title></classification-item>
<classification-item breakdown-code="false" not-allocatable="false" level="8" additional-only="false" sort-key="B61D7/14" definition-exists="false" ipc-concordant="B61D7/14" c-set-base-allowed="false" c-set-subsequent-allowed="true" date-revised="2013-01-01" status="published"><classification-symbol>B61D7/14</classification-symbol><class-title date-revised="2013-01-01"><title-part><text>Adaptations of hopper elements to railways</text></title-part></class-title>
<classification-item breakdown-code="false" not-allocatable="false" level="9" additional-only="false" sort-key="B61D7/16" definition-exists="false" ipc-concordant="B61D7/16" c-set-base-allowed="false" c-set-subsequent-allowed="true" date-revised="2013-01-01" status="published"><classification-symbol>B61D7/16</classification-symbol><class-title date-revised="2013-01-01"><title-part><text>Closure elements for discharge openings</text></title-part></class-title>
<classification-item breakdown-code="false" not-allocatable="false" level="10" additional-only="false" sort-key="B61D7/18" definition-exists="false" ipc-concordant="B61D7/18" c-set-base-allowed="false" c-set-subsequent-allowed="true" date-revised="2013-01-01" status="published"><classification-symbol>B61D7/18</classification-symbol><class-title date-revised="2013-01-01"><title-part><text>pivoted</text></title-part></class-title></classification-item>
<classification-item breakdown-code="false" not-allocatable="false" level="10" additional-only="false" sort-key="B61D7/20" definition-exists="false" ipc-concordant="B61D7/20" c-set-base-allowed="false" c-set-subsequent-allowed="true" date-revised="2013-01-01" status="published"><classification-symbol>B61D7/20</classification-symbol><class-title date-revised="2013-01-01"><title-part><text>sliding</text></title-part></class-title></classification-item>
<classification-item breakdown-code="false" not-allocatable="false" level="10" additional-only="false" sort-key="B61D7/22" definition-exists="false" ipc-concordant="B61D7/22" c-set-base-allowed="false" c-set-subsequent-allowed="true" date-revised="2013-01-01" status="published"><classification-symbol>B61D7/22</classification-symbol><class-title date-revised="2013-01-01"><title-part><text>Sealing means thereof</text></title-part></class-title></classification-item>
<classification-item breakdown-code="false" not-allocatable="false" level="10" additional-only="false" sort-key="B61D7/24" definition-exists="false" ipc-concordant="B61D7/24" c-set-base-allowed="false" c-set-subsequent-allowed="true" date-revised="2013-01-01" status="published"><classification-symbol>B61D7/24</classification-symbol><class-title date-revised="2013-01-01"><title-part><text>Opening or closing means</text></title-part></class-title>
<classification-item breakdown-code="false" not-allocatable="false" level="11" additional-only="false" sort-key="B61D7/26" definition-exists="false" ipc-concordant="B61D7/26" c-set-base-allowed="false" c-set-subsequent-allowed="true" date-revised="2013-01-01" status="published"><classification-symbol>B61D7/26</classification-symbol><class-title date-revised="2013-01-01"><title-part><text>mechanical</text></title-part></class-title></classification-item>
<classification-item breakdown-code="false" not-allocatable="false" level="11" additional-only="false" sort-key="B61D7/28" definition-exists="false" ipc-concordant="B61D7/28" c-set-base-allowed="false" c-set-subsequent-allowed="true" date-revised="2013-01-01" status="published"><classification-symbol>B61D7/28</classification-symbol><class-title date-revised="2013-01-01"><title-part><text>hydraulic or pneumatic</text></title-part></class-title></classification-item>
<classification-item breakdown-code="false" not-allocatable="false" level="11" additional-only="false" sort-key="B61D7/30" definition-exists="false" ipc-concordant="B61D7/30" c-set-base-allowed="false" c-set-subsequent-allowed="true" date-revised="2013-01-01" status="published"><classification-symbol>B61D7/30</classification-symbol><class-title date-revised="2013-01-01"><title-part><text>controlled by means external to cars</text></title-part></class-title></classification-item></classification-item></classification-item>
<classification-item breakdown-code="false" not-allocatable="false" level="9" additional-only="false" sort-key="B61D7/32" definition-exists="false" ipc-concordant="B61D7/32" c-set-base-allowed="false" c-set-subsequent-allowed="true" date-revised="2013-01-01" status="published"><classification-symbol>B61D7/32</classification-symbol><class-title date-revised="2013-01-01"><title-part><text>Means for assisting charge or discharge</text></title-part></class-title></classification-item></classification-item></classification-item>
<classification-item breakdown-code="false" not-allocatable="false" level="7" additional-only="false" sort-key="B61D9/00" definition-exists="true" ipc-concordant="B61D9/00" c-set-base-allowed="false" c-set-subsequent-allowed="true" date-revised="2013-01-01" status="published"><classification-symbol>B61D9/00</classification-symbol><class-title date-revised="2013-01-01"><title-part><text>Tipping wagons</text></title-part></class-title>
<classification-item breakdown-code="false" not-allocatable="false" level="8" additional-only="false" sort-key="B61D9/02" definition-exists="false" ipc-concordant="B61D9/02" c-set-base-allowed="false" c-set-subsequent-allowed="true" date-revised="2013-01-01" status="published"><classification-symbol>B61D9/02</classification-symbol><class-title date-revised="2013-01-01"><title-part><text>characterised by operating means for tipping</text></title-part></class-title></classification-item>
<classification-item breakdown-code="false" not-allocatable="false" level="8" additional-only="false" sort-key="B61D9/04" definition-exists="false" ipc-concordant="B61D9/04" c-set-base-allowed="false" c-set-subsequent-allowed="true" date-revised="2013-01-01" status="published"><classification-symbol>B61D9/04</classification-symbol><class-title date-revised="2013-01-01"><title-part><text>Adaptations of rail vehicle elements to tipping wagons</text></title-part></class-title>
<classification-item breakdown-code="false" not-allocatable="false" level="9" additional-only="false" sort-key="B61D9/06" definition-exists="false" ipc-concordant="B61D9/06" c-set-base-allowed="false" c-set-subsequent-allowed="true" date-revised="2013-01-01" status="published"><classification-symbol>B61D9/06</classification-symbol><class-title date-revised="2013-01-01"><title-part><text>Bodies</text></title-part></class-title></classification-item>
<classification-item breakdown-code="false" not-allocatable="false" level="9" additional-only="false" sort-key="B61D9/08" definition-exists="false" ipc-concordant="B61D9/08" c-set-base-allowed="false" c-set-subsequent-allowed="true" date-revised="2013-01-01" status="published"><classification-symbol>B61D9/08</classification-symbol><class-title date-revised="2013-01-01"><title-part><text>Frames</text></title-part><title-part><text>Supporting or guiding means for the bodies</text></title-part></class-title></classification-item>
<classification-item breakdown-code="false" not-allocatable="false" level="9" additional-only="false" sort-key="B61D9/10" definition-exists="false" ipc-concordant="B61D9/10" c-set-base-allowed="false" c-set-subsequent-allowed="true" date-revised="2013-01-01" status="published"><classification-symbol>B61D9/10</classification-symbol><class-title date-revised="2013-01-01"><title-part><text>Devices preventing overturning when tipping</text></title-part></class-title></classification-item>
<classification-item breakdown-code="false" not-allocatable="false" level="9" additional-only="false" sort-key="B61D9/12" definition-exists="false" ipc-concordant="B61D9/12" c-set-base-allowed="false" c-set-subsequent-allowed="true" date-revised="2013-01-01" status="published"><classification-symbol>B61D9/12</classification-symbol><class-title date-revised="2013-01-01"><title-part><text>Body fitments or devices facilitating or controlling outflow on discharge</text></title-part></class-title></classification-item></classification-item>
<classification-item breakdown-code="false" not-allocatable="false" level="8" additional-only="false" sort-key="B61D9/14" definition-exists="false" ipc-concordant="B61D9/14" c-set-base-allowed="false" c-set-subsequent-allowed="true" date-revised="2013-01-01" status="published"><classification-symbol>B61D9/14</classification-symbol><class-title date-revised="2013-01-01"><title-part><text>Tipping systems controlled by trackside means</text></title-part></class-title></classification-item></classification-item>
<classification-item breakdown-code="false" not-allocatable="false" level="7" additional-only="false" sort-key="B61D11/00" definition-exists="true" ipc-concordant="B61D11/00" c-set-base-allowed="false" c-set-subsequent-allowed="true" date-revised="2016-05-01" status="published"><classification-symbol>B61D11/00</classification-symbol><class-title date-revised="2016-05-01"><title-part><text>Mine cars </text><reference><text><class-ref scheme="cpc">B61D5/00</class-ref>&#160;-&#160;<class-ref scheme="cpc">B61D9/00</class-ref> take precedence</text></reference></title-part></class-title>
<classification-item breakdown-code="false" not-allocatable="false" level="8" additional-only="false" sort-key="B61D11/02" definition-exists="false" ipc-concordant="B61D11/02" c-set-base-allowed="false" c-set-subsequent-allowed="true" date-revised="2013-01-01" status="published"><classification-symbol>B61D11/02</classification-symbol><class-title date-revised="2013-01-01"><title-part><text>Body construction</text></title-part></class-title></classification-item></classification-item>
<classification-item breakdown-code="false" not-allocatable="false" level="7" additional-only="false" sort-key="B61D13/00" definition-exists="true" ipc-concordant="B61D13/00" c-set-base-allowed="false" c-set-subsequent-allowed="true" date-revised="2013-01-01" status="published"><classification-symbol>B61D13/00</classification-symbol><class-title date-revised="2013-01-01"><title-part><text>Tramway vehicles</text></title-part></class-title>
<classification-item breakdown-code="false" not-allocatable="false" level="8" additional-only="false" sort-key="B61D13/02" definition-exists="false" ipc-concordant="B61D13/02" c-set-base-allowed="false" c-set-subsequent-allowed="true" date-revised="2013-01-01" status="published"><classification-symbol>B61D13/02</classification-symbol><class-title date-revised="2013-01-01"><title-part><text>Double-deckers</text></title-part></class-title></classification-item></classification-item>
<classification-item breakdown-code="false" not-allocatable="false" level="7" additional-only="false" sort-key="B61D15/00" definition-exists="true" ipc-concordant="B61D15/00" c-set-base-allowed="false" c-set-subsequent-allowed="true" date-revised="2016-05-01" status="published"><classification-symbol>B61D15/00</classification-symbol><class-title date-revised="2016-05-01"><title-part><text>Other railway vehicles, e.g. scaffold cars</text></title-part><title-part><text>Adaptations of vehicles for use on railways </text><reference><text>conveyor frames mounted for movement on rail tracks <class-ref scheme="cpc">B65G41/02</class-ref>; wheeled machines used in permanent way construction or maintenance <class-ref scheme="cpc">E01B</class-ref></text></reference></title-part></class-title>
<classification-item breakdown-code="false" not-allocatable="false" level="8" additional-only="false" sort-key="B61D15/02" definition-exists="false" ipc-concordant="B61D15/02" c-set-base-allowed="false" c-set-subsequent-allowed="true" date-revised="2013-01-01" status="published"><classification-symbol>B61D15/02</classification-symbol><class-title date-revised="2013-01-01"><title-part><text>Breakdown cranes </text><reference><text>crane gear <class-ref scheme="cpc">B66C</class-ref></text></reference></title-part></class-title></classification-item>
<classification-item breakdown-code="false" not-allocatable="false" level="8" additional-only="false" sort-key="B61D15/04" definition-exists="false" ipc-concordant="B61D15/04" c-set-base-allowed="false" c-set-subsequent-allowed="true" date-revised="2013-01-01" status="published"><classification-symbol>B61D15/04</classification-symbol><class-title date-revised="2013-01-01"><title-part><text>convertible into other non-vehicular apparatus, e.g. exhibition stands</text></title-part></class-title></classification-item>
<classification-item breakdown-code="false" not-allocatable="false" level="8" additional-only="false" sort-key="B61D15/06" definition-exists="true" ipc-concordant="B61D15/06" c-set-base-allowed="false" c-set-subsequent-allowed="true" date-revised="2013-01-01" status="published"><classification-symbol>B61D15/06</classification-symbol><class-title date-revised="2013-01-01"><title-part><text>Buffer cars</text></title-part><title-part><text>Arrangements or construction of railway vehicles for protecting them in case of collisions </text><reference><text>buffers <class-ref scheme="cpc">B61G11/00</class-ref></text></reference></title-part></class-title></classification-item>
<classification-item breakdown-code="false" not-allocatable="false" level="8" additional-only="false" sort-key="B61D15/08" definition-exists="false" ipc-concordant="B61D15/08" c-set-base-allowed="false" c-set-subsequent-allowed="true" date-revised="2013-01-01" status="published"><classification-symbol>B61D15/08</classification-symbol><class-title date-revised="2013-01-01"><title-part><text>Railway inspection trolleys</text></title-part></class-title>
<classification-item breakdown-code="false" not-allocatable="false" level="9" additional-only="false" sort-key="B61D15/10" definition-exists="false" ipc-concordant="B61D15/10" c-set-base-allowed="false" c-set-subsequent-allowed="true" date-revised="2013-01-01" status="published"><classification-symbol>B61D15/10</classification-symbol><class-title date-revised="2013-01-01"><title-part><text>hand or foot propelled</text></title-part></class-title>
<classification-item breakdown-code="false" not-allocatable="false" level="10" additional-only="false" sort-key="B61D15/105" definition-exists="false" ipc-concordant="B61D15/10" c-set-base-allowed="false" c-set-subsequent-allowed="true" date-revised="2013-01-01" status="published"><classification-symbol>B61D15/105</classification-symbol><class-title date-revised="2013-01-01"><title-part><CPC-specific-text><text>for cableways</text></CPC-specific-text></title-part></class-title></classification-item></classification-item>
<classification-item breakdown-code="false" not-allocatable="false" level="9" additional-only="false" sort-key="B61D15/12" definition-exists="false" ipc-concordant="B61D15/12" c-set-base-allowed="false" c-set-subsequent-allowed="true" date-revised="2013-01-01" status="published"><classification-symbol>B61D15/12</classification-symbol><class-title date-revised="2013-01-01"><title-part><text>power propelled</text></title-part></class-title>
<classification-item breakdown-code="false" not-allocatable="false" level="10" additional-only="false" sort-key="B61D15/125" definition-exists="false" ipc-concordant="B61D15/12" c-set-base-allowed="false" c-set-subsequent-allowed="true" date-revised="2013-01-01" status="published"><classification-symbol>B61D15/125</classification-symbol><class-title date-revised="2013-01-01"><title-part><CPC-specific-text><text>for cableways</text></CPC-specific-text></title-part></class-title></classification-item></classification-item></classification-item></classification-item></classification-item>
<classification-item breakdown-code="false" not-allocatable="true" level="6" additional-only="false" sort-key="B61D17/00" date-revised="2013-01-01" status="published"><classification-symbol>B61D17/00</classification-symbol><class-title date-revised="2013-01-01"><title-part><text>Body details of railway or tramway vehicles</text></title-part></class-title>
<classification-item breakdown-code="false" not-allocatable="false" level="7" additional-only="false" sort-key="B61D17/00" definition-exists="true" ipc-concordant="B61D17/00" c-set-base-allowed="false" c-set-subsequent-allowed="true" date-revised="2021-01-01" status="published"><classification-symbol>B61D17/00</classification-symbol><class-title date-revised="2013-01-01"><title-part><text>Construction details of vehicle bodies </text><reference><text>for tank wagons <class-ref scheme="cpc">B61D5/00</class-ref>; for hopper cars <class-ref scheme="cpc">B61D7/00</class-ref>; body details specially adapted for tipping wagons <class-ref scheme="cpc">B61D9/06</class-ref>; for mine cars <class-ref scheme="cpc">B61D11/00</class-ref></text></reference></title-part></class-title><notes-and-warnings><note type="note"><note-paragraph><CPC-specific-note><class-ref scheme="cpc">B61D17/005</class-ref> takes precedence over <class-ref scheme="cpc">B61D17/048</class-ref> - <class-ref scheme="cpc">B61D17/16</class-ref></CPC-specific-note></note-paragraph></note></notes-and-warnings>
<classification-item breakdown-code="false" not-allocatable="false" level="8" additional-only="false" sort-key="B61D17/005" definition-exists="false" ipc-concordant="B61D17/00" c-set-base-allowed="false" c-set-subsequent-allowed="true" date-revised="2013-01-01" status="published"><classification-symbol>B61D17/005</classification-symbol><class-title date-revised="2013-01-01"><title-part><CPC-specific-text><text>with bodies characterised by use of plastics materials </text><reference><text><class-ref scheme="cpc">B61D17/005</class-ref> takes precedence; bogie frames comprising parts made from fibre einforced matrix material <class-ref scheme="cpc">B61F5/523</class-ref></text></reference></CPC-specific-text></title-part></class-title></classification-item>
<classification-item breakdown-code="false" not-allocatable="false" level="8" additional-only="false" sort-key="B61D17/02" definition-exists="true" ipc-concordant="B61D17/02" c-set-base-allowed="false" c-set-subsequent-allowed="true" date-revised="2017-08-01" status="published"><classification-symbol>B61D17/02</classification-symbol><class-title date-revised="2017-08-01"><title-part><text>reducing air resistance by modifying contour </text><CPC-specific-text><text>; Constructional features for fast vehicles sustaining sudden variations of atmospheric pressure, e.g. when crossing in tunnels</text></CPC-specific-text></title-part></class-title></classification-item>
<classification-item breakdown-code="false" not-allocatable="false" level="8" additional-only="false" sort-key="B61D17/04" definition-exists="false" ipc-concordant="B61D17/04" c-set-base-allowed="false" c-set-subsequent-allowed="true" date-revised="2013-01-01" status="published"><classification-symbol>B61D17/04</classification-symbol><class-title date-revised="2013-01-01"><title-part><text>with bodies of metal</text></title-part><title-part><text>with composite, e.g. metal and wood body structures</text></title-part></class-title>
<classification-item breakdown-code="false" not-allocatable="false" level="9" additional-only="false" sort-key="B61D17/041" definition-exists="false" ipc-concordant="B61D17/04" c-set-base-allowed="false" c-set-subsequent-allowed="true" date-revised="2013-01-01" status="published"><classification-symbol>B61D17/041</classification-symbol><class-title date-revised="2013-01-01"><title-part><CPC-specific-text><text>with bodies characterised by use of light metal, e.g. aluminium </text><reference><text><class-ref scheme="cpc">B61D17/045</class-ref> takes precedence</text></reference></CPC-specific-text></title-part></class-title></classification-item>
<classification-item breakdown-code="false" not-allocatable="false" level="9" additional-only="false" sort-key="B61D17/043" definition-exists="false" ipc-concordant="B61D17/04" c-set-base-allowed="false" c-set-subsequent-allowed="true" date-revised="2013-01-01" status="published"><classification-symbol>B61D17/043</classification-symbol><class-title date-revised="2013-01-01"><title-part><CPC-specific-text><text>connections between superstructure sub-units </text><reference><text>for road vehicles <class-ref scheme="cpc">B62D27/00</class-ref></text></reference></CPC-specific-text></title-part></class-title>
<classification-item breakdown-code="false" not-allocatable="false" level="10" additional-only="false" sort-key="B61D17/045" definition-exists="false" ipc-concordant="B61D17/04" c-set-base-allowed="false" c-set-subsequent-allowed="true" date-revised="2013-01-01" status="published"><classification-symbol>B61D17/045</classification-symbol><class-title date-revised="2013-01-01"><title-part><CPC-specific-text><text>The sub-units being construction modules </text><reference><text>modular super-structures for vehicles carrying a large number of passengers <class-ref scheme="cpc">B62D31/025</class-ref></text></reference></CPC-specific-text></title-part></class-title></classification-item>
<classification-item breakdown-code="false" not-allocatable="false" level="10" additional-only="false" sort-key="B61D17/046" definition-exists="false" ipc-concordant="B61D17/04" c-set-base-allowed="false" c-set-subsequent-allowed="true" date-revised="2021-01-01" status="published"><classification-symbol>B61D17/046</classification-symbol><class-title date-revised="2013-01-01"><title-part><CPC-specific-text><text>readily releasable, i.e. dismountable or collapsible sub-units, e.g. for shipping </text><reference><text>convertible wagons <class-ref scheme="cpc">B61D3/005</class-ref></text></reference></CPC-specific-text></title-part></class-title></classification-item></classification-item>
<classification-item breakdown-code="false" not-allocatable="false" level="9" additional-only="false" sort-key="B61D17/048" definition-exists="false" ipc-concordant="B61D17/04" c-set-base-allowed="false" c-set-subsequent-allowed="true" date-revised="2013-01-01" status="published"><classification-symbol>B61D17/048</classification-symbol><class-title date-revised="2013-01-01"><title-part><CPC-specific-text><text>Interior walls, e.g. separation walls between compartments </text><reference><text><class-ref scheme="cpc">B61D17/06</class-ref>, <class-ref scheme="cpc">B61D17/08</class-ref>, <class-ref scheme="cpc">B61D17/18</class-ref> take precedence</text></reference></CPC-specific-text></title-part></class-title></classification-item>
<classification-item breakdown-code="false" not-allocatable="false" level="9" additional-only="false" sort-key="B61D17/06" definition-exists="true" ipc-concordant="B61D17/06" c-set-base-allowed="false" c-set-subsequent-allowed="true" date-revised="2013-01-01" status="published"><classification-symbol>B61D17/06</classification-symbol><class-title date-revised="2013-01-01"><title-part><text>End walls</text></title-part></class-title></classification-item>
<classification-item breakdown-code="false" not-allocatable="false" level="9" additional-only="false" sort-key="B61D17/08" definition-exists="true" ipc-concordant="B61D17/08" c-set-base-allowed="false" c-set-subsequent-allowed="true" date-revised="2013-01-01" status="published"><classification-symbol>B61D17/08</classification-symbol><class-title date-revised="2013-01-01"><title-part><text>Sides</text></title-part></class-title></classification-item>
<classification-item breakdown-code="false" not-allocatable="false" level="9" additional-only="false" sort-key="B61D17/10" definition-exists="false" ipc-concordant="B61D17/10" c-set-base-allowed="false" c-set-subsequent-allowed="true" date-revised="2013-01-01" status="published"><classification-symbol>B61D17/10</classification-symbol><class-title date-revised="2013-01-01"><title-part><text>Floors</text></title-part></class-title></classification-item>
<classification-item breakdown-code="false" not-allocatable="false" level="9" additional-only="false" sort-key="B61D17/12" definition-exists="false" ipc-concordant="B61D17/12" c-set-base-allowed="false" c-set-subsequent-allowed="true" date-revised="2013-01-01" status="published"><classification-symbol>B61D17/12</classification-symbol><class-title date-revised="2013-01-01"><title-part><text>Roofs </text><reference><text>movable or foldable roofs, covers or tarpaulins <class-ref scheme="cpc">B61D39/00</class-ref></text></reference></title-part></class-title>
<classification-item breakdown-code="false" not-allocatable="false" level="10" additional-only="false" sort-key="B61D17/14" definition-exists="false" ipc-concordant="B61D17/14" c-set-base-allowed="false" c-set-subsequent-allowed="true" date-revised="2013-01-01" status="published"><classification-symbol>B61D17/14</classification-symbol><class-title date-revised="2013-01-01"><title-part><text>with gangways</text></title-part></class-title></classification-item>
<classification-item breakdown-code="false" not-allocatable="false" level="10" additional-only="false" sort-key="B61D17/16" definition-exists="true" ipc-concordant="B61D17/16" c-set-base-allowed="false" c-set-subsequent-allowed="true" date-revised="2013-01-01" status="published"><classification-symbol>B61D17/16</classification-symbol><class-title date-revised="2013-01-01"><title-part><text>Hatches in roofs</text></title-part></class-title></classification-item></classification-item>
<classification-item breakdown-code="false" not-allocatable="false" level="9" additional-only="false" sort-key="B61D17/18" definition-exists="false" ipc-concordant="B61D17/18" c-set-base-allowed="false" c-set-subsequent-allowed="true" date-revised="2013-01-01" status="published"><classification-symbol>B61D17/18</classification-symbol><class-title date-revised="2013-01-01"><title-part><text>Internal lining, e.g. insulating</text></title-part></class-title>
<classification-item breakdown-code="false" not-allocatable="false" level="10" additional-only="false" sort-key="B61D17/185" definition-exists="false" ipc-concordant="B61D17/18" c-set-base-allowed="false" c-set-subsequent-allowed="true" date-revised="2013-01-01" status="published"><classification-symbol>B61D17/185</classification-symbol><class-title date-revised="2013-01-01"><title-part><CPC-specific-text><text>for sound insulating </text><reference><text>arrangement of engine rooms <class-ref scheme="cpc">B61C17/04</class-ref>; sound insulating elements for road vehicles <class-ref scheme="cpc">B60R13/08</class-ref></text></reference></CPC-specific-text></title-part></class-title></classification-item></classification-item>
<classification-item breakdown-code="false" not-allocatable="false" level="9" additional-only="false" sort-key="B61D17/20" definition-exists="false" ipc-concordant="B61D17/20" c-set-base-allowed="false" c-set-subsequent-allowed="true" date-revised="2013-01-01" status="published"><classification-symbol>B61D17/20</classification-symbol><class-title date-revised="2013-01-01"><title-part><text>Communication passages between coaches</text></title-part><title-part><text>Adaptation of coach ends therefor</text></title-part></class-title>
<classification-item breakdown-code="false" not-allocatable="false" level="10" additional-only="false" sort-key="B61D17/22" definition-exists="false" ipc-concordant="B61D17/22" c-set-base-allowed="false" c-set-subsequent-allowed="true" date-revised="2013-01-01" status="published"><classification-symbol>B61D17/22</classification-symbol><class-title date-revised="2013-01-01"><title-part><text>flexible, e.g. bellows</text></title-part></class-title></classification-item></classification-item></classification-item>
<classification-item breakdown-code="false" not-allocatable="false" level="8" additional-only="false" sort-key="B61D17/24" definition-exists="false" ipc-concordant="B61D17/24" c-set-base-allowed="false" c-set-subsequent-allowed="true" date-revised="2013-01-01" status="published"><classification-symbol>B61D17/24</classification-symbol><class-title date-revised="2013-01-01"><title-part><text>with body structures of wood</text></title-part></class-title></classification-item>
<classification-item breakdown-code="false" not-allocatable="false" level="8" additional-only="false" sort-key="B61D17/26" definition-exists="false" ipc-concordant="B61D17/26" c-set-base-allowed="false" c-set-subsequent-allowed="true" date-revised="2013-01-01" status="published"><classification-symbol>B61D17/26</classification-symbol><class-title date-revised="2013-01-01"><title-part><text>with body structures of concrete</text></title-part></class-title></classification-item></classification-item>
<classification-item breakdown-code="false" not-allocatable="false" level="7" additional-only="false" sort-key="B61D19/00" definition-exists="true" ipc-concordant="B61D19/00" c-set-base-allowed="false" c-set-subsequent-allowed="true" date-revised="2014-07-01" status="published"><classification-symbol>B61D19/00</classification-symbol><class-title date-revised="2013-01-01"><title-part><text>Door arrangements specially adapted for rail vehicles </text><reference><text>locks for vehicles <class-ref scheme="cpc">E05B77/00</class-ref> - <class-ref scheme="cpc">E05B85/00</class-ref>; door-operating mechanisms <class-ref scheme="cpc">E05F</class-ref></text></reference></title-part></class-title>
<classification-item breakdown-code="false" not-allocatable="false" level="8" additional-only="false" sort-key="B61D19/001" definition-exists="false" ipc-concordant="B61D19/00" c-set-base-allowed="false" c-set-subsequent-allowed="true" date-revised="2013-01-01" status="published"><classification-symbol>B61D19/001</classification-symbol><class-title date-revised="2013-01-01"><title-part><CPC-specific-text><text>for wagons or vans </text><reference><text>closure elements for hopper car discharge openings <class-ref scheme="cpc">B61D7/16</class-ref>; doors convertible into loading and unloading ramps <class-ref scheme="cpc">B61D47/00</class-ref>; <class-ref scheme="cpc">B61D19/003</class-ref> takes precedence</text></reference></CPC-specific-text></title-part></class-title>
<classification-item breakdown-code="false" not-allocatable="false" level="9" additional-only="false" sort-key="B61D19/002" definition-exists="false" ipc-concordant="B61D19/00" c-set-base-allowed="false" c-set-subsequent-allowed="true" date-revised="2013-01-01" status="published"><classification-symbol>B61D19/002</classification-symbol><class-title date-revised="2013-01-01"><title-part><CPC-specific-text><text>specially adapted for grain cars</text></CPC-specific-text></title-part></class-title></classification-item></classification-item>
<classification-item breakdown-code="false" not-allocatable="false" level="8" additional-only="false" sort-key="B61D19/003" definition-exists="false" ipc-concordant="B61D19/00" c-set-base-allowed="false" c-set-subsequent-allowed="true" date-revised="2013-01-01" status="published"><classification-symbol>B61D19/003</classification-symbol><class-title date-revised="2013-01-01"><title-part><CPC-specific-text><text>characterised by the movements of the door</text></CPC-specific-text></title-part></class-title>
<classification-item breakdown-code="false" not-allocatable="false" level="9" additional-only="false" sort-key="B61D19/004" definition-exists="false" ipc-concordant="B61D19/00" c-set-base-allowed="false" c-set-subsequent-allowed="true" date-revised="2013-01-01" status="published"><classification-symbol>B61D19/004</classification-symbol><class-title date-revised="2013-01-01"><title-part><CPC-specific-text><text>swinging </text><reference><text><class-ref scheme="cpc">B61D19/008</class-ref> takes precedence</text></reference></CPC-specific-text></title-part></class-title></classification-item>
<classification-item breakdown-code="false" not-allocatable="false" level="9" additional-only="false" sort-key="B61D19/005" definition-exists="false" ipc-concordant="B61D19/00" c-set-base-allowed="false" c-set-subsequent-allowed="true" date-revised="2013-01-01" status="published"><classification-symbol>B61D19/005</classification-symbol><class-title date-revised="2013-01-01"><title-part><CPC-specific-text><text>sliding </text><reference><text><class-ref scheme="cpc">B61D19/008</class-ref>, <class-ref scheme="cpc">B61D19/009</class-ref> take precedence</text></reference></CPC-specific-text></title-part></class-title>
<classification-item breakdown-code="false" not-allocatable="false" level="10" additional-only="false" sort-key="B61D19/006" definition-exists="false" ipc-concordant="B61D19/00" c-set-base-allowed="false" c-set-subsequent-allowed="true" date-revised="2015-09-01" status="published"><classification-symbol>B61D19/006</classification-symbol><class-title date-revised="2015-09-01"><title-part><CPC-specific-text><text>vertically </text><reference><text><class-ref scheme="cpc">B61D19/006</class-ref> takes precedence</text></reference></CPC-specific-text></title-part></class-title></classification-item>
<classification-item breakdown-code="false" not-allocatable="false" level="10" additional-only="false" sort-key="B61D19/007" definition-exists="false" ipc-concordant="B61D19/00" c-set-base-allowed="false" c-set-subsequent-allowed="true" date-revised="2013-01-01" status="published"><classification-symbol>B61D19/007</classification-symbol><class-title date-revised="2013-01-01"><title-part><CPC-specific-text><text>The doors being wall panels enabling complete opening of the wagon sides, e.g. for quick loading or unloading</text></CPC-specific-text></title-part></class-title></classification-item></classification-item>
<classification-item breakdown-code="false" not-allocatable="false" level="9" additional-only="false" sort-key="B61D19/008" definition-exists="false" ipc-concordant="B61D19/00" c-set-base-allowed="false" c-set-subsequent-allowed="true" date-revised="2013-01-01" status="published"><classification-symbol>B61D19/008</classification-symbol><class-title date-revised="2013-01-01"><title-part><CPC-specific-text><text>both swinging and sliding</text></CPC-specific-text></title-part></class-title></classification-item>
<classification-item breakdown-code="false" not-allocatable="false" level="9" additional-only="false" sort-key="B61D19/009" definition-exists="false" ipc-concordant="B61D19/00" c-set-base-allowed="false" c-set-subsequent-allowed="true" date-revised="2013-01-01" status="published"><classification-symbol>B61D19/009</classification-symbol><class-title date-revised="2013-01-01"><title-part><CPC-specific-text><text>both sliding and plugging, (e.g. for refrigerator cars)</text></CPC-specific-text></title-part></class-title></classification-item></classification-item>
<classification-item breakdown-code="false" not-allocatable="false" level="8" additional-only="false" sort-key="B61D19/02" definition-exists="false" ipc-concordant="B61D19/02" c-set-base-allowed="false" c-set-subsequent-allowed="true" date-revised="2013-01-01" status="published"><classification-symbol>B61D19/02</classification-symbol><class-title date-revised="2013-01-01"><title-part><text>for carriages </text><reference><text><class-ref scheme="cpc">B61D19/003</class-ref> takes precedence</text></reference></title-part></class-title>
<classification-item breakdown-code="false" not-allocatable="false" level="9" additional-only="false" sort-key="B61D19/023" definition-exists="false" ipc-concordant="B61D19/02" c-set-base-allowed="false" c-set-subsequent-allowed="true" date-revised="2013-01-01" status="published"><classification-symbol>B61D19/023</classification-symbol><class-title date-revised="2013-01-01"><title-part><CPC-specific-text><text>Emergency exits</text></CPC-specific-text></title-part></class-title></classification-item>
<classification-item breakdown-code="false" not-allocatable="false" level="9" additional-only="false" sort-key="B61D19/026" definition-exists="false" ipc-concordant="B61D19/02" c-set-base-allowed="false" c-set-subsequent-allowed="true" date-revised="2013-01-01" status="published"><classification-symbol>B61D19/026</classification-symbol><class-title date-revised="2013-01-01"><title-part><CPC-specific-text><text>Safety devices for preventing passengers from being injured by movements of doors or variations in air pressure </text><reference><text>safety devices in passenger lifts for preventing trapping of passengers between closing doors <class-ref scheme="cpc">B66B13/26</class-ref>; acting on power-operated mechanisms for wings <class-ref scheme="cpc">E05F15/00</class-ref></text></reference></CPC-specific-text></title-part></class-title></classification-item></classification-item></classification-item>
<classification-item breakdown-code="false" not-allocatable="false" level="7" additional-only="false" sort-key="B61D23/00" definition-exists="true" ipc-concordant="B61D23/00" c-set-base-allowed="false" c-set-subsequent-allowed="true" date-revised="2013-01-01" status="published"><classification-symbol>B61D23/00</classification-symbol><class-title date-revised="2013-01-01"><title-part><text>Construction of steps for railway vehicles </text><reference><text>ladders in general <class-ref scheme="cpc">E06C</class-ref></text></reference></title-part></class-title>
<classification-item breakdown-code="false" not-allocatable="false" level="8" additional-only="false" sort-key="B61D23/02" definition-exists="false" ipc-concordant="B61D23/02" c-set-base-allowed="false" c-set-subsequent-allowed="true" date-revised="2017-08-01" status="published"><classification-symbol>B61D23/02</classification-symbol><class-title date-revised="2017-08-01"><title-part><text>Folding steps for railway vehicles </text><CPC-specific-text><text>, e.g. hand or mechanically actuated</text></CPC-specific-text></title-part></class-title>
<classification-item breakdown-code="false" not-allocatable="false" level="9" additional-only="false" sort-key="B61D23/025" definition-exists="false" ipc-concordant="B61D23/02" c-set-base-allowed="false" c-set-subsequent-allowed="true" date-revised="2013-01-01" status="published"><classification-symbol>B61D23/025</classification-symbol><class-title date-revised="2013-01-01"><title-part><CPC-specific-text><text>electrically or fluid actuated</text></CPC-specific-text></title-part></class-title></classification-item></classification-item></classification-item>
<classification-item breakdown-code="false" not-allocatable="false" level="7" additional-only="false" sort-key="B61D25/00" definition-exists="true" ipc-concordant="B61D25/00" c-set-base-allowed="false" c-set-subsequent-allowed="true" date-revised="2013-01-01" status="published"><classification-symbol>B61D25/00</classification-symbol><class-title date-revised="2013-01-01"><title-part><text>Window arrangements peculiar to rail vehicles </text><reference><text>vehicle window arrangements in general <class-ref scheme="cpc">B60J</class-ref>; cleaning vehicle windows <class-ref scheme="cpc">B60S</class-ref>; heating arrangements specially adapted for transparent or reflecting areas <class-ref scheme="cpc">H05B3/84</class-ref></text></reference></title-part></class-title></classification-item></classification-item>
<classification-item breakdown-code="false" not-allocatable="true" level="6" additional-only="false" sort-key="B61D27/00" date-revised="2013-01-01" status="published"><classification-symbol>B61D27/00</classification-symbol><class-title date-revised="2013-01-01"><title-part><text>Heating, cooling, ventilating, lighting, or air-conditioning, peculiar to rail vehicles </text><reference><text>for vehicles in general <class-ref scheme="cpc">B60</class-ref></text></reference></title-part></class-title>
<classification-item breakdown-code="false" not-allocatable="false" level="7" additional-only="false" sort-key="B61D27/00" definition-exists="true" ipc-concordant="B61D27/00" c-set-base-allowed="false" c-set-subsequent-allowed="true" date-revised="2013-01-01" status="published"><classification-symbol>B61D27/00</classification-symbol><class-title date-revised="2013-01-01"><title-part><text>Heating, cooling, ventilating, or air-conditioning </text><CPC-specific-text><reference><text>heating, cooling or ventilating devices for vehicles in general <class-ref scheme="cpc">B60H1/00</class-ref>; devices for moistening air in vehicles <class-ref scheme="cpc">B60H3/02</class-ref>; devices for filtering air in vehicles <class-ref scheme="cpc">B60H3/06</class-ref></text></reference></CPC-specific-text></title-part></class-title>
<classification-item breakdown-code="false" not-allocatable="false" level="8" additional-only="false" sort-key="B61D27/0009" definition-exists="false" ipc-concordant="B61D27/00" c-set-base-allowed="false" c-set-subsequent-allowed="true" date-revised="2013-01-01" status="published"><classification-symbol>B61D27/0009</classification-symbol><class-title date-revised="2013-01-01"><title-part><CPC-specific-text><text>Means for controlling or equalizing air pressure shocks in trains, e.g. when passing or crossing in tunnels</text></CPC-specific-text></title-part></class-title></classification-item>
<classification-item breakdown-code="false" not-allocatable="false" level="8" additional-only="false" sort-key="B61D27/0018" definition-exists="false" ipc-concordant="B61D27/00" c-set-base-allowed="false" c-set-subsequent-allowed="true" date-revised="2013-01-01" status="published"><classification-symbol>B61D27/0018</classification-symbol><class-title date-revised="2013-01-01"><title-part><CPC-specific-text><text>Air-conditioning means, i.e. combining at least two of the following ways of treating or supplying air, namely heating, cooling or ventilating </text><reference><text>air-conditioning in general <class-ref scheme="cpc">F24F</class-ref></text></reference></CPC-specific-text></title-part></class-title>
<classification-item breakdown-code="false" not-allocatable="false" level="9" additional-only="false" sort-key="B61D27/0027" definition-exists="false" ipc-concordant="B61D27/00" c-set-base-allowed="false" c-set-subsequent-allowed="true" date-revised="2013-01-01" status="published"><classification-symbol>B61D27/0027</classification-symbol><class-title date-revised="2013-01-01"><title-part><CPC-specific-text><text>for freight cars; Isothermic wagons</text></CPC-specific-text></title-part></class-title></classification-item></classification-item>
<classification-item breakdown-code="false" not-allocatable="false" level="8" additional-only="false" sort-key="B61D27/0036" definition-exists="false" ipc-concordant="B61D27/00" c-set-base-allowed="false" c-set-subsequent-allowed="true" date-revised="2013-01-01" status="published"><classification-symbol>B61D27/0036</classification-symbol><class-title date-revised="2013-01-01"><title-part><CPC-specific-text><text>Means for heating only </text><reference><text>heating in general <class-ref scheme="cpc">F24</class-ref></text></reference></CPC-specific-text></title-part></class-title>
<classification-item breakdown-code="false" not-allocatable="false" level="9" additional-only="false" sort-key="B61D27/0045" definition-exists="false" ipc-concordant="B61D27/00" c-set-base-allowed="false" c-set-subsequent-allowed="true" date-revised="2013-01-01" status="published"><classification-symbol>B61D27/0045</classification-symbol><class-title date-revised="2013-01-01"><title-part><CPC-specific-text><text>Electric heating </text><reference><text>for vehicles in general <class-ref scheme="cpc">B60H1/2215</class-ref>; supplying electric power to electric heating circuits of electrically-propelled vehicles <class-ref scheme="cpc">B60L1/02</class-ref></text></reference></CPC-specific-text></title-part></class-title></classification-item>
<classification-item breakdown-code="false" not-allocatable="false" level="9" additional-only="false" sort-key="B61D27/0054" definition-exists="false" ipc-concordant="B61D27/00" c-set-base-allowed="false" c-set-subsequent-allowed="true" date-revised="2013-01-01" status="published"><classification-symbol>B61D27/0054</classification-symbol><class-title date-revised="2013-01-01"><title-part><CPC-specific-text><text>combined with heating means using recuperated energy from other sources, e.g. from the brakes</text></CPC-specific-text></title-part></class-title></classification-item>
<classification-item breakdown-code="false" not-allocatable="false" level="9" additional-only="false" sort-key="B61D27/0063" definition-exists="false" ipc-concordant="B61D27/00" c-set-base-allowed="false" c-set-subsequent-allowed="true" date-revised="2013-01-01" status="published"><classification-symbol>B61D27/0063</classification-symbol><class-title date-revised="2013-01-01"><title-part><CPC-specific-text><text>the heat being derived from independent means, i.e. autonomous devices, e.g. stoves</text></CPC-specific-text></title-part></class-title></classification-item></classification-item>
<classification-item breakdown-code="false" not-allocatable="false" level="8" additional-only="false" sort-key="B61D27/0072" definition-exists="false" ipc-concordant="B61D27/00" c-set-base-allowed="false" c-set-subsequent-allowed="true" date-revised="2013-01-01" status="published"><classification-symbol>B61D27/0072</classification-symbol><class-title date-revised="2013-01-01"><title-part><CPC-specific-text><text>Means for cooling only </text><reference><text>cooling in general <class-ref scheme="cpc">F25</class-ref></text></reference></CPC-specific-text></title-part></class-title>
<classification-item breakdown-code="false" not-allocatable="false" level="9" additional-only="false" sort-key="B61D27/0081" definition-exists="false" ipc-concordant="B61D27/00" c-set-base-allowed="false" c-set-subsequent-allowed="true" date-revised="2013-01-01" status="published"><classification-symbol>B61D27/0081</classification-symbol><class-title date-revised="2013-01-01"><title-part><CPC-specific-text><text>of wagons for transporting refrigerated goods </text><reference><text>vehicles for transporting refrigerated goods <class-ref scheme="cpc">B60P3/20</class-ref></text></reference></CPC-specific-text></title-part></class-title></classification-item></classification-item>
<classification-item breakdown-code="false" not-allocatable="false" level="8" additional-only="false" sort-key="B61D27/009" definition-exists="false" ipc-concordant="B61D27/00" c-set-base-allowed="false" c-set-subsequent-allowed="true" date-revised="2013-01-01" status="published"><classification-symbol>B61D27/009</classification-symbol><class-title date-revised="2013-01-01"><title-part><CPC-specific-text><text>Means for ventilating only </text><reference><text>ventilation in general <class-ref scheme="cpc">F24F</class-ref></text></reference></CPC-specific-text></title-part></class-title></classification-item></classification-item>
<classification-item breakdown-code="false" not-allocatable="false" level="7" additional-only="false" sort-key="B61D29/00" definition-exists="true" ipc-concordant="B61D29/00" c-set-base-allowed="false" c-set-subsequent-allowed="true" date-revised="2013-01-01" status="published"><classification-symbol>B61D29/00</classification-symbol><class-title date-revised="2013-01-01"><title-part><text>Lighting</text></title-part></class-title></classification-item></classification-item>
<classification-item breakdown-code="false" not-allocatable="true" level="6" additional-only="false" sort-key="B61D31/00" c-set-base-allowed="false" c-set-subsequent-allowed="true" date-revised="2013-01-01" status="published"><classification-symbol>B61D31/00</classification-symbol><class-title date-revised="2013-01-01"><title-part><text>Furniture or furnishings peculiar to rail vehicles </text><reference><text>for vehicles in general <class-ref scheme="cpc">B60</class-ref></text></reference></title-part></class-title>
<classification-item breakdown-code="false" not-allocatable="false" level="7" additional-only="false" sort-key="B61D31/00" definition-exists="true" ipc-concordant="B61D31/00" c-set-base-allowed="false" c-set-subsequent-allowed="true" date-revised="2017-05-01" status="published"><classification-symbol>B61D31/00</classification-symbol><class-title date-revised="2017-05-01"><title-part><text>Sleeping accommodation</text></title-part></class-title></classification-item>
<classification-item breakdown-code="false" not-allocatable="false" level="7" additional-only="false" sort-key="B61D33/00" definition-exists="true" ipc-concordant="B61D33/00" c-set-base-allowed="false" c-set-subsequent-allowed="true" date-revised="2013-01-01" status="published"><classification-symbol>B61D33/00</classification-symbol><class-title date-revised="2013-01-01"><title-part><text>Seats</text></title-part></class-title>
<classification-item breakdown-code="false" not-allocatable="false" level="8" additional-only="false" sort-key="B61D33/0007" definition-exists="false" ipc-concordant="B61D33/00" c-set-base-allowed="false" c-set-subsequent-allowed="true" date-revised="2013-01-01" status="published"><classification-symbol>B61D33/0007</classification-symbol><class-title date-revised="2013-01-01"><title-part><CPC-specific-text><text>Details; Accessories</text></CPC-specific-text></title-part></class-title>
<classification-item breakdown-code="false" not-allocatable="false" level="9" additional-only="false" sort-key="B61D33/0014" definition-exists="false" ipc-concordant="B61D33/00" c-set-base-allowed="false" c-set-subsequent-allowed="true" date-revised="2013-01-01" status="published"><classification-symbol>B61D33/0014</classification-symbol><class-title date-revised="2013-01-01"><title-part><CPC-specific-text><text>Seat frames </text><reference><text><class-ref scheme="cpc">B61D33/0092</class-ref> takes precedence</text></reference></CPC-specific-text></title-part></class-title>
<classification-item breakdown-code="false" not-allocatable="false" level="10" additional-only="false" sort-key="B61D33/0021" definition-exists="false" ipc-concordant="B61D33/00" c-set-base-allowed="false" c-set-subsequent-allowed="true" date-revised="2013-01-01" status="published"><classification-symbol>B61D33/0021</classification-symbol><class-title date-revised="2013-01-01"><title-part><CPC-specific-text><text>for adjustable or reclining seats</text></CPC-specific-text></title-part></class-title></classification-item>
<classification-item breakdown-code="false" not-allocatable="false" level="10" additional-only="false" sort-key="B61D33/0028" definition-exists="false" ipc-concordant="B61D33/00" c-set-base-allowed="false" c-set-subsequent-allowed="true" date-revised="2013-01-01" status="published"><classification-symbol>B61D33/0028</classification-symbol><class-title date-revised="2013-01-01"><title-part><CPC-specific-text><text>for reversible seats</text></CPC-specific-text></title-part></class-title></classification-item></classification-item>
<classification-item breakdown-code="false" not-allocatable="false" level="9" additional-only="false" sort-key="B61D33/0035" definition-exists="false" ipc-concordant="B61D33/00" c-set-base-allowed="false" c-set-subsequent-allowed="true" date-revised="2013-01-01" status="published"><classification-symbol>B61D33/0035</classification-symbol><class-title date-revised="2013-01-01"><title-part><CPC-specific-text><text>Cushions or the like; Covers</text></CPC-specific-text></title-part></class-title>
<classification-item breakdown-code="false" not-allocatable="false" level="10" additional-only="false" sort-key="B61D33/0042" definition-exists="false" ipc-concordant="B61D33/00" c-set-base-allowed="false" c-set-subsequent-allowed="true" date-revised="2013-01-01" status="published"><classification-symbol>B61D33/0042</classification-symbol><class-title date-revised="2013-01-01"><title-part><CPC-specific-text><text>Spring cushions</text></CPC-specific-text></title-part></class-title></classification-item></classification-item>
<classification-item breakdown-code="false" not-allocatable="false" level="9" additional-only="false" sort-key="B61D33/005" definition-exists="false" ipc-concordant="B61D33/00" c-set-base-allowed="false" c-set-subsequent-allowed="true" date-revised="2013-01-01" status="published"><classification-symbol>B61D33/005</classification-symbol><class-title date-revised="2013-01-01"><title-part><CPC-specific-text><text>Head, arm or footrests</text></CPC-specific-text></title-part></class-title></classification-item></classification-item>
<classification-item breakdown-code="false" not-allocatable="false" level="8" additional-only="false" sort-key="B61D33/0057" definition-exists="false" ipc-concordant="B61D33/00" c-set-base-allowed="false" c-set-subsequent-allowed="true" date-revised="2013-01-01" status="published"><classification-symbol>B61D33/0057</classification-symbol><class-title date-revised="2013-01-01"><title-part><CPC-specific-text><text>characterised by their mounting in vehicles </text><reference><text><class-ref scheme="cpc">B61D33/0028</class-ref> and <class-ref scheme="cpc">B61D33/0092</class-ref> take precedence</text></reference></CPC-specific-text></title-part></class-title>
<classification-item breakdown-code="false" not-allocatable="false" level="9" additional-only="false" sort-key="B61D33/0064" definition-exists="false" ipc-concordant="B61D33/00" c-set-base-allowed="false" c-set-subsequent-allowed="true" date-revised="2013-01-01" status="published"><classification-symbol>B61D33/0064</classification-symbol><class-title date-revised="2013-01-01"><title-part><CPC-specific-text><text>not adjustably mounted; supports therefor</text></CPC-specific-text></title-part></class-title>
<classification-item breakdown-code="false" not-allocatable="false" level="10" additional-only="false" sort-key="B61D33/0071" definition-exists="false" ipc-concordant="B61D33/00" c-set-base-allowed="false" c-set-subsequent-allowed="true" date-revised="2013-01-01" status="published"><classification-symbol>B61D33/0071</classification-symbol><class-title date-revised="2013-01-01"><title-part><CPC-specific-text><text>Removable seats</text></CPC-specific-text></title-part></class-title></classification-item></classification-item>
<classification-item breakdown-code="false" not-allocatable="false" level="9" additional-only="false" sort-key="B61D33/0078" definition-exists="false" ipc-concordant="B61D33/00" c-set-base-allowed="false" c-set-subsequent-allowed="true" date-revised="2013-01-01" status="published"><classification-symbol>B61D33/0078</classification-symbol><class-title date-revised="2013-01-01"><title-part><CPC-specific-text><text>adjustably mounted</text></CPC-specific-text></title-part></class-title>
<classification-item breakdown-code="false" not-allocatable="false" level="10" additional-only="false" sort-key="B61D33/0085" definition-exists="false" ipc-concordant="B61D33/00" c-set-base-allowed="false" c-set-subsequent-allowed="true" date-revised="2013-01-01" status="published"><classification-symbol>B61D33/0085</classification-symbol><class-title date-revised="2013-01-01"><title-part><CPC-specific-text><text>rotatably</text></CPC-specific-text></title-part></class-title></classification-item></classification-item></classification-item>
<classification-item breakdown-code="false" not-allocatable="false" level="8" additional-only="false" sort-key="B61D33/0092" definition-exists="false" ipc-concordant="B61D33/00" c-set-base-allowed="false" c-set-subsequent-allowed="true" date-revised="2013-01-01" status="published"><classification-symbol>B61D33/0092</classification-symbol><class-title date-revised="2013-01-01"><title-part><CPC-specific-text><text>Safety seats, e.g. comprising safety locking means; Seats for children</text></CPC-specific-text></title-part></class-title></classification-item></classification-item>
<classification-item breakdown-code="false" not-allocatable="false" level="7" additional-only="false" sort-key="B61D35/00" definition-exists="true" ipc-concordant="B61D35/00" c-set-base-allowed="false" c-set-subsequent-allowed="true" date-revised="2013-01-01" status="published"><classification-symbol>B61D35/00</classification-symbol><class-title date-revised="2013-01-01"><title-part><text>Sanitation</text></title-part></class-title>
<classification-item breakdown-code="false" not-allocatable="false" level="8" additional-only="false" sort-key="B61D35/002" definition-exists="false" ipc-concordant="B61D35/00" c-set-base-allowed="false" c-set-subsequent-allowed="true" date-revised="2013-01-01" status="published"><classification-symbol>B61D35/002</classification-symbol><class-title date-revised="2013-01-01"><title-part><CPC-specific-text><text>Washing facilities</text></CPC-specific-text></title-part></class-title></classification-item>
<classification-item breakdown-code="false" not-allocatable="false" level="8" additional-only="false" sort-key="B61D35/005" definition-exists="false" ipc-concordant="B61D35/00" c-set-base-allowed="false" c-set-subsequent-allowed="true" date-revised="2013-01-01" status="published"><classification-symbol>B61D35/005</classification-symbol><class-title date-revised="2013-01-01"><title-part><CPC-specific-text><text>Toilet facilities</text></CPC-specific-text></title-part></class-title>
<classification-item breakdown-code="false" not-allocatable="false" level="9" additional-only="false" sort-key="B61D35/007" definition-exists="false" ipc-concordant="B61D35/00" c-set-base-allowed="false" c-set-subsequent-allowed="true" date-revised="2013-01-01" status="published"><classification-symbol>B61D35/007</classification-symbol><class-title date-revised="2013-01-01"><title-part><CPC-specific-text><text>comprising toilet waste receiving, treatment, storage, disposal or removal devices</text></CPC-specific-text></title-part></class-title></classification-item></classification-item></classification-item>
<classification-item breakdown-code="false" not-allocatable="false" level="7" additional-only="false" sort-key="B61D37/00" definition-exists="true" ipc-concordant="B61D37/00" c-set-base-allowed="false" c-set-subsequent-allowed="true" date-revised="2013-01-01" status="published"><classification-symbol>B61D37/00</classification-symbol><class-title date-revised="2013-01-01"><title-part><text>Other furniture or furnishings</text></title-part></class-title>
<classification-item breakdown-code="false" not-allocatable="false" level="8" additional-only="false" sort-key="B61D37/003" definition-exists="false" ipc-concordant="B61D37/00" c-set-base-allowed="false" c-set-subsequent-allowed="true" date-revised="2013-01-01" status="published"><classification-symbol>B61D37/003</classification-symbol><class-title date-revised="2013-01-01"><title-part><CPC-specific-text><text>luggage rack and umbrella-stand for rail vehicles </text><reference><text>luggage racks within vehicle bodies in general, e.g. busses <class-ref scheme="cpc">B60R5/003</class-ref></text></reference></CPC-specific-text></title-part></class-title></classification-item>
<classification-item breakdown-code="false" not-allocatable="false" level="8" additional-only="false" sort-key="B61D37/006" definition-exists="false" ipc-concordant="B61D37/00" c-set-base-allowed="false" c-set-subsequent-allowed="true" date-revised="2013-01-01" status="published"><classification-symbol>B61D37/006</classification-symbol><class-title date-revised="2013-01-01"><title-part><CPC-specific-text><text>for restaurant cars or the like</text></CPC-specific-text></title-part></class-title></classification-item></classification-item></classification-item>
<classification-item breakdown-code="false" not-allocatable="true" level="6" additional-only="false" sort-key="B61D39/00" date-revised="2013-01-01" status="published"><classification-symbol>B61D39/00</classification-symbol><class-title date-revised="2013-01-01"><title-part><text>Other details peculiar to rail vehicles </text><reference><text>for vehicles in general <class-ref scheme="cpc">B60</class-ref></text></reference></title-part></class-title>
<classification-item breakdown-code="false" not-allocatable="false" level="7" additional-only="false" sort-key="B61D39/00" definition-exists="true" ipc-concordant="B61D39/00" c-set-base-allowed="false" c-set-subsequent-allowed="true" date-revised="2013-01-01" status="published"><classification-symbol>B61D39/00</classification-symbol><class-title date-revised="2013-01-01"><title-part><text>Wagon or like covers</text></title-part><title-part><text>Tarpaulins</text></title-part><title-part><text>Movable or foldable roofs</text></title-part></class-title>
<classification-item breakdown-code="false" not-allocatable="false" level="8" additional-only="false" sort-key="B61D39/001" definition-exists="false" ipc-concordant="B61D39/00" c-set-base-allowed="false" c-set-subsequent-allowed="true" date-revised="2013-01-01" status="published"><classification-symbol>B61D39/001</classification-symbol><class-title date-revised="2013-01-01"><title-part><CPC-specific-text><text>Tiltable roofs</text></CPC-specific-text></title-part></class-title></classification-item>
<classification-item breakdown-code="false" not-allocatable="false" level="8" additional-only="false" sort-key="B61D39/002" definition-exists="false" ipc-concordant="B61D39/00" c-set-base-allowed="false" c-set-subsequent-allowed="true" date-revised="2013-01-01" status="published"><classification-symbol>B61D39/002</classification-symbol><class-title date-revised="2013-01-01"><title-part><CPC-specific-text><text>Sliding or folding roofs</text></CPC-specific-text></title-part></class-title>
<classification-item breakdown-code="false" not-allocatable="false" level="9" additional-only="false" sort-key="B61D39/003" definition-exists="true" ipc-concordant="B61D39/00" c-set-base-allowed="false" c-set-subsequent-allowed="true" date-revised="2013-01-01" status="published"><classification-symbol>B61D39/003</classification-symbol><class-title date-revised="2013-01-01"><title-part><CPC-specific-text><text>telescopic</text></CPC-specific-text></title-part></class-title></classification-item>
<classification-item breakdown-code="false" not-allocatable="false" level="9" additional-only="false" sort-key="B61D39/005" definition-exists="false" ipc-concordant="B61D39/00" c-set-base-allowed="false" c-set-subsequent-allowed="true" date-revised="2013-01-01" status="published"><classification-symbol>B61D39/005</classification-symbol><class-title date-revised="2013-01-01"><title-part><CPC-specific-text><text>for articulated wagons</text></CPC-specific-text></title-part></class-title></classification-item></classification-item>
<classification-item breakdown-code="false" not-allocatable="false" level="8" additional-only="false" sort-key="B61D39/006" definition-exists="false" ipc-concordant="B61D39/00" c-set-base-allowed="false" c-set-subsequent-allowed="true" date-revised="2013-01-01" status="published"><classification-symbol>B61D39/006</classification-symbol><class-title date-revised="2013-01-01"><title-part><CPC-specific-text><text>Opening and closing means</text></CPC-specific-text></title-part></class-title>
<classification-item breakdown-code="false" not-allocatable="false" level="9" additional-only="false" sort-key="B61D39/007" definition-exists="false" ipc-concordant="B61D39/00" c-set-base-allowed="false" c-set-subsequent-allowed="true" date-revised="2017-08-01" status="published"><classification-symbol>B61D39/007</classification-symbol><class-title date-revised="2017-08-01"><title-part><CPC-specific-text><text>Controlled by trackside means </text><reference><text>systems for tipping wagons controlled by trackside means <class-ref scheme="cpc">B61D9/14</class-ref></text></reference></CPC-specific-text></title-part></class-title></classification-item></classification-item>
<classification-item breakdown-code="false" not-allocatable="false" level="8" additional-only="false" sort-key="B61D39/008" definition-exists="false" ipc-concordant="B61D39/00" c-set-base-allowed="false" c-set-subsequent-allowed="true" date-revised="2013-01-01" status="published"><classification-symbol>B61D39/008</classification-symbol><class-title date-revised="2013-01-01"><title-part><CPC-specific-text><text>Sealing means</text></CPC-specific-text></title-part></class-title></classification-item></classification-item>
<classification-item breakdown-code="false" not-allocatable="false" level="7" additional-only="false" sort-key="B61D41/00" definition-exists="true" ipc-concordant="B61D41/00" c-set-base-allowed="false" c-set-subsequent-allowed="true" date-revised="2013-01-01" status="published"><classification-symbol>B61D41/00</classification-symbol><class-title date-revised="2013-01-01"><title-part><text>Indicators for reserved seats</text></title-part><title-part><text>Warning or like signs</text></title-part><title-part><text>Devices or arrangements in connection with tickets, e.g. ticket holders</text></title-part><title-part><text>Holders for cargo tickets or the like</text></title-part></class-title>
<classification-item breakdown-code="false" not-allocatable="false" level="8" additional-only="false" sort-key="B61D41/02" definition-exists="false" ipc-concordant="B61D41/02" c-set-base-allowed="false" c-set-subsequent-allowed="true" date-revised="2013-01-01" status="published"><classification-symbol>B61D41/02</classification-symbol><class-title date-revised="2013-01-01"><title-part><text>Holders or devices for cargo tickets or the like</text></title-part></class-title></classification-item>
<classification-item breakdown-code="false" not-allocatable="false" level="8" additional-only="false" sort-key="B61D41/04" definition-exists="false" ipc-concordant="B61D41/04" c-set-base-allowed="false" c-set-subsequent-allowed="true" date-revised="2013-01-01" status="published"><classification-symbol>B61D41/04</classification-symbol><class-title date-revised="2013-01-01"><title-part><text>Indicators for reserved seats</text></title-part></class-title></classification-item>
<classification-item breakdown-code="false" not-allocatable="false" level="8" additional-only="false" sort-key="B61D41/06" definition-exists="false" ipc-concordant="B61D41/06" c-set-base-allowed="false" c-set-subsequent-allowed="true" date-revised="2013-01-01" status="published"><classification-symbol>B61D41/06</classification-symbol><class-title date-revised="2013-01-01"><title-part><text>Holders for fare tickets</text></title-part></class-title></classification-item></classification-item>
<classification-item breakdown-code="false" not-allocatable="false" level="7" additional-only="false" sort-key="B61D43/00" definition-exists="true" ipc-concordant="B61D43/00" c-set-base-allowed="false" c-set-subsequent-allowed="true" date-revised="2013-01-01" status="published"><classification-symbol>B61D43/00</classification-symbol><class-title date-revised="2013-01-01"><title-part><text>Devices for using the energy of the movements of the vehicles</text></title-part></class-title></classification-item>
<classification-item breakdown-code="false" not-allocatable="false" level="7" additional-only="false" sort-key="B61D45/00" definition-exists="true" ipc-concordant="B61D45/00" c-set-base-allowed="false" c-set-subsequent-allowed="true" date-revised="2013-01-01" status="published"><classification-symbol>B61D45/00</classification-symbol><class-title date-revised="2013-01-01"><title-part><text>Means or devices for securing or supporting the cargo, including protection against shocks </text><reference><text>for vehicles in general <class-ref scheme="cpc">B60P7/00</class-ref></text></reference></title-part></class-title>
<classification-item breakdown-code="false" not-allocatable="false" level="8" additional-only="false" sort-key="B61D45/001" definition-exists="false" ipc-concordant="B61D45/00" c-set-base-allowed="false" c-set-subsequent-allowed="true" date-revised="2013-01-01" status="published"><classification-symbol>B61D45/001</classification-symbol><class-title date-revised="2013-01-01"><title-part><CPC-specific-text><text>Devices for fixing to walls or floors</text></CPC-specific-text></title-part></class-title>
<classification-item breakdown-code="false" not-allocatable="false" level="9" additional-only="false" sort-key="B61D45/002" definition-exists="false" ipc-concordant="B61D45/00" c-set-base-allowed="false" c-set-subsequent-allowed="true" date-revised="2013-01-01" status="published"><classification-symbol>B61D45/002</classification-symbol><class-title date-revised="2013-01-01"><title-part><CPC-specific-text><text>Fixing sheet metal, boxes, or the like</text></CPC-specific-text></title-part></class-title></classification-item>
<classification-item breakdown-code="false" not-allocatable="false" level="9" additional-only="false" sort-key="B61D45/003" definition-exists="false" ipc-concordant="B61D45/00" c-set-base-allowed="false" c-set-subsequent-allowed="true" date-revised="2013-01-01" status="published"><classification-symbol>B61D45/003</classification-symbol><class-title date-revised="2013-01-01"><title-part><CPC-specific-text><text>Fixing of logs, beams, barrels, pipes, or the like</text></CPC-specific-text></title-part></class-title></classification-item>
<classification-item breakdown-code="false" not-allocatable="false" level="9" additional-only="false" sort-key="B61D45/004" definition-exists="false" ipc-concordant="B61D45/00" c-set-base-allowed="false" c-set-subsequent-allowed="true" date-revised="2013-01-01" status="published"><classification-symbol>B61D45/004</classification-symbol><class-title date-revised="2013-01-01"><title-part><CPC-specific-text><text>Fixing semi-trailers </text><reference><text>wagons for transporting semi-trailers <class-ref scheme="cpc">B61D3/184</class-ref></text></reference></CPC-specific-text></title-part></class-title>
<classification-item breakdown-code="false" not-allocatable="false" level="10" additional-only="false" sort-key="B61D45/005" definition-exists="false" ipc-concordant="B61D45/00" c-set-base-allowed="false" c-set-subsequent-allowed="true" date-revised="2013-01-01" status="published"><classification-symbol>B61D45/005</classification-symbol><class-title date-revised="2013-01-01"><title-part><CPC-specific-text><text>by using fifth wheel locks</text></CPC-specific-text></title-part></class-title></classification-item></classification-item></classification-item>
<classification-item breakdown-code="false" not-allocatable="false" level="8" additional-only="false" sort-key="B61D45/006" definition-exists="false" ipc-concordant="B61D45/00" c-set-base-allowed="false" c-set-subsequent-allowed="true" date-revised="2013-01-01" status="published"><classification-symbol>B61D45/006</classification-symbol><class-title date-revised="2013-01-01"><title-part><CPC-specific-text><text>Fixing by movable walls</text></CPC-specific-text></title-part></class-title></classification-item>
<classification-item breakdown-code="false" not-allocatable="false" level="8" additional-only="false" sort-key="B61D45/007" definition-exists="false" ipc-concordant="B61D45/00" c-set-base-allowed="false" c-set-subsequent-allowed="true" date-revised="2013-01-01" status="published"><classification-symbol>B61D45/007</classification-symbol><class-title date-revised="2013-01-01"><title-part><CPC-specific-text><text>Fixing containers </text><reference><text>vehicles for transporting containers <class-ref scheme="cpc">B61D3/20</class-ref></text></reference></CPC-specific-text></title-part></class-title></classification-item>
<classification-item breakdown-code="false" not-allocatable="false" level="8" additional-only="false" sort-key="B61D45/008" definition-exists="false" ipc-concordant="B61D45/00" c-set-base-allowed="false" c-set-subsequent-allowed="true" date-revised="2013-01-01" status="published"><classification-symbol>B61D45/008</classification-symbol><class-title date-revised="2013-01-01"><title-part><CPC-specific-text><text>Shock absorbing devices</text></CPC-specific-text></title-part></class-title></classification-item></classification-item>
<classification-item breakdown-code="false" not-allocatable="false" level="7" additional-only="false" sort-key="B61D47/00" definition-exists="true" ipc-concordant="B61D47/00" c-set-base-allowed="false" c-set-subsequent-allowed="true" date-revised="2013-01-01" status="published"><classification-symbol>B61D47/00</classification-symbol><class-title date-revised="2013-01-01"><title-part><text>Loading or unloading devices combined with vehicles, e.g. loading platforms, </text><CPC-specific-text><text>doors convertible into loading and unloading ramps</text></CPC-specific-text><reference><text>combined with vehicles in general <class-ref scheme="cpc">B60P</class-ref></text></reference></title-part></class-title>
<classification-item breakdown-code="false" not-allocatable="false" level="8" additional-only="false" sort-key="B61D47/005" definition-exists="false" ipc-concordant="B61D47/00" c-set-base-allowed="false" c-set-subsequent-allowed="true" date-revised="2013-01-01" status="published"><classification-symbol>B61D47/005</classification-symbol><class-title date-revised="2013-01-01"><title-part><CPC-specific-text><text>Loading or unloading devices combined with road vehicles carrying wagons, e.g. ramps, turntables, lifting means </text><reference><text>wagons for carrying road vehicles in general: <class-ref scheme="cpc">B61D3/18</class-ref></text></reference></CPC-specific-text></title-part></class-title></classification-item></classification-item>
<classification-item breakdown-code="false" not-allocatable="false" level="7" additional-only="false" sort-key="B61D49/00" definition-exists="true" ipc-concordant="B61D49/00" c-set-base-allowed="false" c-set-subsequent-allowed="true" date-revised="2013-01-01" status="published"><classification-symbol>B61D49/00</classification-symbol><class-title date-revised="2013-01-01"><title-part><text>Other details</text></title-part></class-title></classification-item></classification-item></classification-item></class-scheme>