<?xml version="1.0" encoding="UTF-8"?>
<class-scheme publication-date="2021-05-01" scheme-type="cpc" publication-type="official">
<classification-item breakdown-code="false" not-allocatable="true" level="5" additional-only="false" sort-key="D06H" definition-exists="true" date-revised="2020-01-01" status="published"><classification-symbol>D06H</classification-symbol><class-title date-revised="2020-01-01"><title-part><text>MARKING, INSPECTING, SEAMING OR SEVERING TEXTILE MATERIALS </text><reference><text>seaming by sewing <class-ref scheme="cpc">D05B</class-ref></text></reference></title-part></class-title><notes-and-warnings><note type="warning"><note-paragraph><CPC-specific-note>In this subclass non-limiting references (in the sense of paragraph 39 of the Guide to the IPC) may still be displayed in the scheme.</CPC-specific-note></note-paragraph></note></notes-and-warnings>
<classification-item breakdown-code="false" not-allocatable="true" level="6" additional-only="false" sort-key="D06H1/00" date-revised="2013-01-01" status="published"><classification-symbol>D06H1/00</classification-symbol>
<classification-item breakdown-code="false" not-allocatable="false" level="7" additional-only="false" sort-key="D06H1/00" definition-exists="true" ipc-concordant="D06H1/00" c-set-base-allowed="false" c-set-subsequent-allowed="true" date-revised="2013-01-01" status="published"><classification-symbol>D06H1/00</classification-symbol><class-title date-revised="2013-01-01"><title-part><text>Marking textile materials</text></title-part><title-part><text>Marking in combination with metering or inspecting</text></title-part></class-title>
<classification-item breakdown-code="false" not-allocatable="false" level="8" additional-only="false" sort-key="D06H1/003" definition-exists="false" ipc-concordant="D06H1/00" c-set-base-allowed="false" c-set-subsequent-allowed="true" date-revised="2013-01-01" status="published"><classification-symbol>D06H1/003</classification-symbol><class-title date-revised="2013-01-01"><title-part><CPC-specific-text><text>by passing a needle through the layers, e.g. with a marking fluid flowing through the needle</text></CPC-specific-text></title-part></class-title></classification-item>
<classification-item breakdown-code="false" not-allocatable="false" level="8" additional-only="false" sort-key="D06H1/006" definition-exists="false" ipc-concordant="D06H1/00" c-set-base-allowed="false" c-set-subsequent-allowed="true" date-revised="2013-01-01" status="published"><classification-symbol>D06H1/006</classification-symbol><class-title date-revised="2013-01-01"><title-part><CPC-specific-text><text>Marking frames for large sized textiles, e.g. for drapery pleat or length marking</text></CPC-specific-text></title-part></class-title></classification-item>
<classification-item breakdown-code="false" not-allocatable="false" level="8" additional-only="false" sort-key="D06H1/02" definition-exists="false" ipc-concordant="D06H1/02" c-set-base-allowed="false" c-set-subsequent-allowed="true" date-revised="2013-01-01" status="published"><classification-symbol>D06H1/02</classification-symbol><class-title date-revised="2013-01-01"><title-part><text>Marking by printing or analogous processes</text></title-part></class-title></classification-item>
<classification-item breakdown-code="false" not-allocatable="false" level="8" additional-only="false" sort-key="D06H1/04" definition-exists="false" ipc-concordant="D06H1/04" c-set-base-allowed="false" c-set-subsequent-allowed="true" date-revised="2013-01-01" status="published"><classification-symbol>D06H1/04</classification-symbol><class-title date-revised="2013-01-01"><title-part><text>by attaching threads, tags, or the like</text></title-part></class-title>
<classification-item breakdown-code="false" not-allocatable="false" level="9" additional-only="false" sort-key="D06H1/043" definition-exists="false" ipc-concordant="D06H1/04" c-set-base-allowed="false" c-set-subsequent-allowed="true" date-revised="2013-01-01" status="published"><classification-symbol>D06H1/043</classification-symbol><class-title date-revised="2013-01-01"><title-part><CPC-specific-text><text>by attaching threads</text></CPC-specific-text></title-part></class-title></classification-item>
<classification-item breakdown-code="false" not-allocatable="false" level="9" additional-only="false" sort-key="D06H1/046" definition-exists="false" ipc-concordant="D06H1/04" c-set-base-allowed="false" c-set-subsequent-allowed="true" date-revised="2013-01-01" status="published"><classification-symbol>D06H1/046</classification-symbol><class-title date-revised="2013-01-01"><title-part><CPC-specific-text><text>by attaching tags</text></CPC-specific-text></title-part></class-title></classification-item></classification-item></classification-item>
<classification-item breakdown-code="false" not-allocatable="false" level="7" additional-only="false" sort-key="D06H3/00" definition-exists="true" ipc-concordant="D06H3/00" c-set-base-allowed="false" c-set-subsequent-allowed="true" date-revised="2020-08-01" status="published"><classification-symbol>D06H3/00</classification-symbol><class-title date-revised="2020-08-01"><title-part><text>Inspecting textile materials</text></title-part></class-title>
<classification-item breakdown-code="false" not-allocatable="false" level="8" additional-only="false" sort-key="D06H3/02" definition-exists="true" ipc-concordant="D06H3/02" c-set-base-allowed="false" c-set-subsequent-allowed="true" date-revised="2013-01-01" status="published"><classification-symbol>D06H3/02</classification-symbol><class-title date-revised="2013-01-01"><title-part><text>visually </text><reference><text><class-ref scheme="cpc">D06H3/12</class-ref>, <class-ref scheme="cpc">D06H3/14</class-ref>, <class-ref scheme="cpc">D06H3/16</class-ref> take precedence</text></reference></title-part></class-title>
<classification-item breakdown-code="false" not-allocatable="false" level="9" additional-only="false" sort-key="D06H3/04" definition-exists="false" ipc-concordant="D06H3/04" c-set-base-allowed="false" c-set-subsequent-allowed="true" date-revised="2013-01-01" status="published"><classification-symbol>D06H3/04</classification-symbol><class-title date-revised="2013-01-01"><title-part><text>wherein the material is supported on a table</text></title-part></class-title></classification-item>
<classification-item breakdown-code="false" not-allocatable="false" level="9" additional-only="false" sort-key="D06H3/06" definition-exists="false" ipc-concordant="D06H3/06" c-set-base-allowed="false" c-set-subsequent-allowed="true" date-revised="2013-01-01" status="published"><classification-symbol>D06H3/06</classification-symbol><class-title date-revised="2013-01-01"><title-part><text>wherein the material is supported on a drum</text></title-part></class-title></classification-item></classification-item>
<classification-item breakdown-code="false" not-allocatable="false" level="8" additional-only="false" sort-key="D06H3/08" definition-exists="false" ipc-concordant="D06H3/08" c-set-base-allowed="false" c-set-subsequent-allowed="true" date-revised="2013-01-01" status="published"><classification-symbol>D06H3/08</classification-symbol><class-title date-revised="2013-01-01"><title-part><text>by photo-electric or television means </text><reference><text><class-ref scheme="cpc">D06H3/12</class-ref>, <class-ref scheme="cpc">D06H3/14</class-ref>, <class-ref scheme="cpc">D06H3/16</class-ref> take precedence</text></reference></title-part></class-title></classification-item>
<classification-item breakdown-code="false" not-allocatable="false" level="8" additional-only="false" sort-key="D06H3/10" definition-exists="false" ipc-concordant="D06H3/10" c-set-base-allowed="false" c-set-subsequent-allowed="true" date-revised="2013-01-01" status="published"><classification-symbol>D06H3/10</classification-symbol><class-title date-revised="2013-01-01"><title-part><text>by non-optical apparatus </text><reference><text><class-ref scheme="cpc">D06H3/12</class-ref>, <class-ref scheme="cpc">D06H3/14</class-ref>, <class-ref scheme="cpc">D06H3/16</class-ref> take precedence</text></reference></title-part></class-title></classification-item>
<classification-item breakdown-code="false" not-allocatable="false" level="8" additional-only="false" sort-key="D06H3/12" definition-exists="false" ipc-concordant="D06H3/12" c-set-base-allowed="false" c-set-subsequent-allowed="true" date-revised="2013-01-01" status="published"><classification-symbol>D06H3/12</classification-symbol><class-title date-revised="2013-01-01"><title-part><text>Detecting or automatically correcting errors in the position of weft threads in woven fabrics</text></title-part></class-title>
<classification-item breakdown-code="false" not-allocatable="false" level="9" additional-only="false" sort-key="D06H3/125" definition-exists="true" ipc-concordant="D06H3/12" c-set-base-allowed="false" c-set-subsequent-allowed="true" date-revised="2013-01-01" status="published"><classification-symbol>D06H3/125</classification-symbol><class-title date-revised="2013-01-01"><title-part><CPC-specific-text><text>Detecting errors in the position of weft threads</text></CPC-specific-text></title-part></class-title></classification-item></classification-item>
<classification-item breakdown-code="false" not-allocatable="false" level="8" additional-only="false" sort-key="D06H3/14" definition-exists="false" ipc-concordant="D06H3/14" c-set-base-allowed="false" c-set-subsequent-allowed="true" date-revised="2013-01-01" status="published"><classification-symbol>D06H3/14</classification-symbol><class-title date-revised="2013-01-01"><title-part><text>Detecting and removing metal particles, e.g. broken needles, or card clothing, from fabrics</text></title-part></class-title></classification-item>
<classification-item breakdown-code="false" not-allocatable="false" level="8" additional-only="false" sort-key="D06H3/16" definition-exists="true" ipc-concordant="D06H3/16" c-set-base-allowed="false" c-set-subsequent-allowed="true" date-revised="2020-01-01" status="published"><classification-symbol>D06H3/16</classification-symbol><class-title date-revised="2020-01-01"><title-part><text>Inspecting hosiery or other tubular fabric</text></title-part><title-part><text>Inspecting in combination with turning inside-out, classifying, or other handling</text></title-part></class-title>
<classification-item breakdown-code="false" not-allocatable="false" level="9" additional-only="false" sort-key="D06H3/165" definition-exists="false" ipc-concordant="D06H3/16" c-set-base-allowed="false" c-set-subsequent-allowed="true" date-revised="2013-01-01" status="published"><classification-symbol>D06H3/165</classification-symbol><class-title date-revised="2013-01-01"><title-part><CPC-specific-text><text>Devices for supplying, removing or stacking the work</text></CPC-specific-text></title-part></class-title></classification-item></classification-item></classification-item>
<classification-item breakdown-code="false" not-allocatable="false" level="7" additional-only="false" sort-key="D06H5/00" definition-exists="true" ipc-concordant="D06H5/00" c-set-base-allowed="false" c-set-subsequent-allowed="true" date-revised="2013-01-01" status="published"><classification-symbol>D06H5/00</classification-symbol><class-title date-revised="2013-01-01"><title-part><text>Seaming textile materials </text><CPC-specific-text><reference><text>splicing webs <class-ref scheme="cpc">B65H21/00</class-ref>; seaming felts in paper-making machines <class-ref scheme="cpc">D21F7/10</class-ref></text></reference></CPC-specific-text></title-part></class-title>
<classification-item breakdown-code="false" not-allocatable="false" level="8" additional-only="false" sort-key="D06H5/001" definition-exists="false" ipc-concordant="D06H5/00" c-set-base-allowed="false" c-set-subsequent-allowed="true" date-revised="2013-01-01" status="published"><classification-symbol>D06H5/001</classification-symbol><class-title date-revised="2013-01-01"><title-part><CPC-specific-text><text>Devices or apparatus for connecting back and forward ends of fabrics, e.g. for continuous processing</text></CPC-specific-text></title-part></class-title>
<classification-item breakdown-code="false" not-allocatable="false" level="9" additional-only="false" sort-key="D06H5/002" definition-exists="false" ipc-concordant="D06H5/00" c-set-base-allowed="false" c-set-subsequent-allowed="true" date-revised="2013-01-01" status="published"><classification-symbol>D06H5/002</classification-symbol><class-title date-revised="2013-01-01"><title-part><CPC-specific-text><text>for tubular fabrics</text></CPC-specific-text></title-part></class-title></classification-item></classification-item>
<classification-item breakdown-code="false" not-allocatable="false" level="8" additional-only="false" sort-key="D06H5/003" definition-exists="false" ipc-concordant="D06H5/00" c-set-base-allowed="false" c-set-subsequent-allowed="true" date-revised="2013-01-01" status="published"><classification-symbol>D06H5/003</classification-symbol><class-title date-revised="2013-01-01"><title-part><CPC-specific-text><text>Devices or apparatus for joining the longitudinal edges of fabrics</text></CPC-specific-text></title-part></class-title>
<classification-item breakdown-code="false" not-allocatable="false" level="9" additional-only="false" sort-key="D06H5/005" definition-exists="false" ipc-concordant="D06H5/00" c-set-base-allowed="false" c-set-subsequent-allowed="true" date-revised="2013-01-01" status="published"><classification-symbol>D06H5/005</classification-symbol><class-title date-revised="2013-01-01"><title-part><CPC-specific-text><text>for making a tubular fabric</text></CPC-specific-text></title-part></class-title>
<classification-item breakdown-code="false" not-allocatable="false" level="10" additional-only="false" sort-key="D06H5/006" definition-exists="false" ipc-concordant="D06H5/00" c-set-base-allowed="false" c-set-subsequent-allowed="true" date-revised="2013-01-01" status="published"><classification-symbol>D06H5/006</classification-symbol><class-title date-revised="2013-01-01"><title-part><CPC-specific-text><text>by folding the fabric longitudinally</text></CPC-specific-text></title-part></class-title></classification-item>
<classification-item breakdown-code="false" not-allocatable="false" level="10" additional-only="false" sort-key="D06H5/007" definition-exists="false" ipc-concordant="D06H5/00" c-set-base-allowed="false" c-set-subsequent-allowed="true" date-revised="2013-01-01" status="published"><classification-symbol>D06H5/007</classification-symbol><class-title date-revised="2013-01-01"><title-part><CPC-specific-text><text>by helically winding the fabric</text></CPC-specific-text></title-part></class-title></classification-item></classification-item></classification-item>
<classification-item breakdown-code="false" not-allocatable="false" level="8" additional-only="false" sort-key="D06H5/008" definition-exists="false" ipc-concordant="D06H5/00" c-set-base-allowed="false" c-set-subsequent-allowed="true" date-revised="2013-01-01" status="published"><classification-symbol>D06H5/008</classification-symbol><class-title date-revised="2013-01-01"><title-part><CPC-specific-text><text>Making sacks from tubular fabrics</text></CPC-specific-text></title-part></class-title></classification-item></classification-item>
<classification-item breakdown-code="false" not-allocatable="false" level="7" additional-only="false" sort-key="D06H7/00" definition-exists="true" ipc-concordant="D06H7/00" c-set-base-allowed="false" c-set-subsequent-allowed="true" date-revised="2020-01-01" status="published"><classification-symbol>D06H7/00</classification-symbol><class-title date-revised="2020-01-01"><title-part><text>Apparatus or processes for cutting, or otherwise severing, specially adapted for the cutting, or otherwise severing, of textile materials </text><CPC-specific-text><reference><text>web delivery apparatus incorporating cutting devices <class-ref scheme="cpc">B65H35/0006</class-ref></text></reference></CPC-specific-text></title-part></class-title>
<classification-item breakdown-code="false" not-allocatable="false" level="8" additional-only="false" sort-key="D06H7/005" definition-exists="false" ipc-concordant="D06H7/00" c-set-base-allowed="false" c-set-subsequent-allowed="true" date-revised="2013-01-01" status="published"><classification-symbol>D06H7/005</classification-symbol><class-title date-revised="2013-01-01"><title-part><CPC-specific-text><text>characterized by means or processes to avoid or reduce fraying of the cut edge</text></CPC-specific-text></title-part></class-title></classification-item>
<classification-item breakdown-code="false" not-allocatable="false" level="8" additional-only="false" sort-key="D06H7/02" definition-exists="false" ipc-concordant="D06H7/02" c-set-base-allowed="false" c-set-subsequent-allowed="true" date-revised="2013-01-01" status="published"><classification-symbol>D06H7/02</classification-symbol><class-title date-revised="2013-01-01"><title-part><text>transversely </text><reference><text><class-ref scheme="cpc">D06H7/14</class-ref> takes precedence</text></reference></title-part></class-title>
<classification-item breakdown-code="false" not-allocatable="false" level="9" additional-only="false" sort-key="D06H7/025" definition-exists="false" ipc-concordant="D06H7/02" c-set-base-allowed="false" c-set-subsequent-allowed="true" date-revised="2013-01-01" status="published"><classification-symbol>D06H7/025</classification-symbol><class-title date-revised="2013-01-01"><title-part><CPC-specific-text><text>in line with an embossed or a raised pattern on the fabric; Cutting pile fabric along a loopless or napless zone, e.g. the plain woven portion of towel cloth</text></CPC-specific-text></title-part></class-title></classification-item></classification-item>
<classification-item breakdown-code="false" not-allocatable="false" level="8" additional-only="false" sort-key="D06H7/04" definition-exists="false" ipc-concordant="D06H7/04" c-set-base-allowed="false" c-set-subsequent-allowed="true" date-revised="2013-01-01" status="published"><classification-symbol>D06H7/04</classification-symbol><class-title date-revised="2013-01-01"><title-part><text>longitudinally </text><reference><text><class-ref scheme="cpc">D06H7/14</class-ref> takes precedence</text></reference></title-part></class-title>
<classification-item breakdown-code="false" not-allocatable="false" level="9" additional-only="false" sort-key="D06H7/045" definition-exists="false" ipc-concordant="D06H7/04" c-set-base-allowed="false" c-set-subsequent-allowed="true" date-revised="2013-01-01" status="published"><classification-symbol>D06H7/045</classification-symbol><class-title date-revised="2013-01-01"><title-part><CPC-specific-text><text>in line with an embossed or a raised pattern on the fabric; Cutting pile fabric along a loopless or napless zone </text><reference><text><class-ref scheme="cpc">D06H7/06</class-ref>, <class-ref scheme="cpc">D06H7/16</class-ref> take precedence</text></reference></CPC-specific-text></title-part></class-title></classification-item>
<classification-item breakdown-code="false" not-allocatable="false" level="9" additional-only="false" sort-key="D06H7/06" definition-exists="false" ipc-concordant="D06H7/06" c-set-base-allowed="false" c-set-subsequent-allowed="true" date-revised="2013-01-01" status="published"><classification-symbol>D06H7/06</classification-symbol><class-title date-revised="2013-01-01"><title-part><text>Removing selvedge edges</text></title-part></class-title></classification-item>
<classification-item breakdown-code="false" not-allocatable="false" level="9" additional-only="false" sort-key="D06H7/08" definition-exists="false" ipc-concordant="D06H7/08" c-set-base-allowed="false" c-set-subsequent-allowed="true" date-revised="2013-01-01" status="published"><classification-symbol>D06H7/08</classification-symbol><class-title date-revised="2013-01-01"><title-part><text>for cutting tubular fabric longitudinally</text></title-part></class-title></classification-item></classification-item>
<classification-item breakdown-code="false" not-allocatable="false" level="8" additional-only="false" sort-key="D06H7/10" definition-exists="false" ipc-concordant="D06H7/10" c-set-base-allowed="false" c-set-subsequent-allowed="true" date-revised="2013-01-01" status="published"><classification-symbol>D06H7/10</classification-symbol><class-title date-revised="2013-01-01"><title-part><text>obliquely</text></title-part></class-title>
<classification-item breakdown-code="false" not-allocatable="false" level="9" additional-only="false" sort-key="D06H7/12" definition-exists="false" ipc-concordant="D06H7/12" c-set-base-allowed="false" c-set-subsequent-allowed="true" date-revised="2013-01-01" status="published"><classification-symbol>D06H7/12</classification-symbol><class-title date-revised="2013-01-01"><title-part><text>cutting a tubular fabric helically</text></title-part></class-title></classification-item></classification-item>
<classification-item breakdown-code="false" not-allocatable="false" level="8" additional-only="false" sort-key="D06H7/14" definition-exists="false" ipc-concordant="D06H7/14" c-set-base-allowed="false" c-set-subsequent-allowed="true" date-revised="2013-01-01" status="published"><classification-symbol>D06H7/14</classification-symbol><class-title date-revised="2013-01-01"><title-part><text>Cutting fabrics by cutting the weft or warp threads while making special provision to avoid cutting warp or weft threads, respectively, adjacent to the cut</text></title-part></class-title></classification-item>
<classification-item breakdown-code="false" not-allocatable="false" level="8" additional-only="false" sort-key="D06H7/16" definition-exists="true" ipc-concordant="D06H7/16" c-set-base-allowed="false" c-set-subsequent-allowed="true" date-revised="2013-01-01" status="published"><classification-symbol>D06H7/16</classification-symbol><class-title date-revised="2013-01-01"><title-part><text>specially adapted for cutting lace or embroidery </text><reference><text>shearing, e.g. cutting loose threads, <class-ref scheme="cpc">D06C</class-ref></text></reference></title-part></class-title></classification-item>
<classification-item breakdown-code="false" not-allocatable="false" level="8" additional-only="false" sort-key="D06H7/18" definition-exists="true" ipc-concordant="D06H7/18" c-set-base-allowed="false" c-set-subsequent-allowed="true" date-revised="2013-01-01" status="published"><classification-symbol>D06H7/18</classification-symbol><class-title date-revised="2013-01-01"><title-part><text>Cutting rolls of material without unwinding</text></title-part></class-title></classification-item>
<classification-item breakdown-code="false" not-allocatable="false" level="8" additional-only="false" sort-key="D06H7/20" definition-exists="false" ipc-concordant="D06H7/20" c-set-base-allowed="false" c-set-subsequent-allowed="true" date-revised="2013-01-01" status="published"><classification-symbol>D06H7/20</classification-symbol><class-title date-revised="2013-01-01"><title-part><text>Tearing</text></title-part></class-title></classification-item>
<classification-item breakdown-code="false" not-allocatable="false" level="8" additional-only="false" sort-key="D06H7/22" definition-exists="true" ipc-concordant="D06H7/22" c-set-base-allowed="false" c-set-subsequent-allowed="true" date-revised="2015-10-01" status="published"><classification-symbol>D06H7/22</classification-symbol><class-title date-revised="2015-10-01"><title-part><text>Severing by heat or by chemical agents </text><CPC-specific-text><reference><text>by laser beam <class-ref scheme="cpc">B23K26/402</class-ref></text></reference></CPC-specific-text></title-part></class-title>
<classification-item breakdown-code="false" not-allocatable="false" level="9" additional-only="false" sort-key="D06H7/221" definition-exists="false" ipc-concordant="D06H7/22" c-set-base-allowed="false" c-set-subsequent-allowed="true" date-revised="2013-01-01" status="published"><classification-symbol>D06H7/221</classification-symbol><class-title date-revised="2013-01-01"><title-part><CPC-specific-text><text>by heat</text></CPC-specific-text></title-part></class-title>
<classification-item breakdown-code="false" not-allocatable="false" level="10" additional-only="false" sort-key="D06H7/223" definition-exists="true" ipc-concordant="D06H7/22" c-set-base-allowed="false" c-set-subsequent-allowed="true" date-revised="2013-01-01" status="published"><classification-symbol>D06H7/223</classification-symbol><class-title date-revised="2013-01-01"><title-part><CPC-specific-text><text>using ultrasonic vibration</text></CPC-specific-text></title-part></class-title></classification-item>
<classification-item breakdown-code="false" not-allocatable="false" level="10" additional-only="false" sort-key="D06H7/225" definition-exists="false" ipc-concordant="D06H7/22" c-set-base-allowed="false" c-set-subsequent-allowed="true" date-revised="2013-01-01" status="published"><classification-symbol>D06H7/225</classification-symbol><class-title date-revised="2013-01-01"><title-part><CPC-specific-text><text>using meltable yarns or interwoven metal wires heated by an electric current</text></CPC-specific-text></title-part></class-title></classification-item></classification-item>
<classification-item breakdown-code="false" not-allocatable="false" level="9" additional-only="false" sort-key="D06H7/226" definition-exists="false" ipc-concordant="D06H7/22" c-set-base-allowed="false" c-set-subsequent-allowed="true" date-revised="2013-01-01" status="published"><classification-symbol>D06H7/226</classification-symbol><class-title date-revised="2013-01-01"><title-part><CPC-specific-text><text>by chemical agents</text></CPC-specific-text></title-part></class-title>
<classification-item breakdown-code="false" not-allocatable="false" level="10" additional-only="false" sort-key="D06H7/228" definition-exists="false" ipc-concordant="D06H7/22" c-set-base-allowed="false" c-set-subsequent-allowed="true" date-revised="2013-01-01" status="published"><classification-symbol>D06H7/228</classification-symbol><class-title date-revised="2013-01-01"><title-part><CPC-specific-text><text>using dissolvable separator yarns</text></CPC-specific-text></title-part></class-title></classification-item></classification-item></classification-item>
<classification-item breakdown-code="false" not-allocatable="false" level="8" additional-only="false" sort-key="D06H7/24" definition-exists="false" ipc-concordant="D06H7/24" c-set-base-allowed="false" c-set-subsequent-allowed="true" date-revised="2013-01-01" status="published"><classification-symbol>D06H7/24</classification-symbol><class-title date-revised="2013-01-01"><title-part><text>Devices specially adapted for cutting-out samples</text></title-part></class-title></classification-item></classification-item></classification-item>
<classification-item breakdown-code="false" not-allocatable="true" level="6" additional-only="true" sort-key="D06H201/00" date-revised="2013-01-01" status="published"><classification-symbol>D06H2201/00</classification-symbol>
<classification-item breakdown-code="true" not-allocatable="false" level="7" additional-only="true" sort-key="D06H201/00" definition-exists="false" ipc-concordant="CPCONLY" c-set-base-allowed="false" c-set-subsequent-allowed="true" date-revised="2013-01-01" status="published"><classification-symbol>D06H2201/00</classification-symbol><class-title date-revised="2013-01-01"><title-part><text>Inspecting textile materials</text></title-part></class-title>
<classification-item breakdown-code="true" not-allocatable="false" level="8" additional-only="true" sort-key="D06H201/10" definition-exists="false" ipc-concordant="CPCONLY" c-set-base-allowed="false" c-set-subsequent-allowed="true" date-revised="2013-01-01" status="published"><classification-symbol>D06H2201/10</classification-symbol><class-title date-revised="2013-01-01"><title-part><text>by means of television equipment</text></title-part></class-title></classification-item></classification-item></classification-item></classification-item></class-scheme>