<?xml version="1.0" encoding="UTF-8"?>
<class-scheme publication-date="2021-05-01" scheme-type="cpc" publication-type="official">
<classification-item breakdown-code="false" not-allocatable="true" level="5" additional-only="false" sort-key="A61Q" definition-exists="true" date-revised="2018-08-01" status="published"><classification-symbol>A61Q</classification-symbol><class-title date-revised="2013-01-01"><title-part><text>SPECIFIC USE OF COSMETICS OR SIMILAR TOILET PREPARATIONS</text></title-part></class-title><notes-and-warnings date-revised="2013-01-01"><note type="note"><note-paragraph>This subclass <u>covers</u> the use of cosmetics or similar toilet preparations already classified as such in main group <class-ref scheme="cpc">A61K8/00</class-ref> or in addition thereto in subclasses <class-ref scheme="cpc">C11D</class-ref> and <class-ref scheme="cpc">C12N</class-ref> or in classes <class-ref scheme="cpc">C01</class-ref>, <class-ref scheme="cpc">C07</class-ref> and <class-ref scheme="cpc">C08</class-ref>. </note-paragraph><note-paragraph>When classifying this subclass, subclass <class-ref scheme="cpc">A61P</class-ref> <CPC-specific-note>is for secondary classification and</CPC-specific-note> covers therapeutic activity of chemical compounds or medicinal preparations.</note-paragraph></note><note type="warning"><note-paragraph>In this subclass non-limiting references (in the sense of paragraph 39 of the Guide to the IPC) may still be displayed in the scheme.</note-paragraph></note></notes-and-warnings>
<classification-item breakdown-code="false" not-allocatable="true" level="6" additional-only="false" sort-key="A61Q1/00" date-revised="2013-01-01" status="published"><classification-symbol>A61Q1/00</classification-symbol>
<classification-item breakdown-code="false" not-allocatable="false" level="7" additional-only="false" sort-key="A61Q1/00" definition-exists="true" ipc-concordant="A61Q1/00" c-set-base-allowed="false" c-set-subsequent-allowed="true" date-revised="2013-01-01" status="published"><classification-symbol>A61Q1/00</classification-symbol><class-title date-revised="2013-01-01"><title-part><text>Make-up preparations</text></title-part><title-part><text>Body powders</text></title-part><title-part><text>Preparations for removing make-up</text></title-part></class-title>
<classification-item breakdown-code="false" not-allocatable="false" level="8" additional-only="false" sort-key="A61Q1/02" definition-exists="true" ipc-concordant="A61Q1/02" c-set-base-allowed="false" c-set-subsequent-allowed="true" date-revised="2013-01-01" status="published"><classification-symbol>A61Q1/02</classification-symbol><class-title date-revised="2013-01-01"><title-part><text>Preparations containing skin colorants, e.g. pigments </text><reference><text>preparations in powder form <class-ref scheme="cpc">A61Q1/12</class-ref></text></reference></title-part></class-title>
<classification-item breakdown-code="false" not-allocatable="false" level="9" additional-only="false" sort-key="A61Q1/025" definition-exists="false" ipc-concordant="A61Q1/02" c-set-base-allowed="false" c-set-subsequent-allowed="true" date-revised="2013-01-01" status="published"><classification-symbol>A61Q1/025</classification-symbol><class-title date-revised="2013-01-01"><title-part><CPC-specific-text><text>Semi-permanent tattoos, stencils, e.g. &quot;permanent make-up&quot;</text></CPC-specific-text></title-part></class-title></classification-item>
<classification-item breakdown-code="false" not-allocatable="false" level="9" additional-only="false" sort-key="A61Q1/04" definition-exists="true" ipc-concordant="A61Q1/04" c-set-base-allowed="false" c-set-subsequent-allowed="true" date-revised="2013-01-01" status="published"><classification-symbol>A61Q1/04</classification-symbol><class-title date-revised="2013-01-01"><title-part><text>for lips</text></title-part></class-title>
<classification-item breakdown-code="false" not-allocatable="false" level="10" additional-only="false" sort-key="A61Q1/06" definition-exists="false" ipc-concordant="A61Q1/06" c-set-base-allowed="false" c-set-subsequent-allowed="true" date-revised="2013-01-01" status="published"><classification-symbol>A61Q1/06</classification-symbol><class-title date-revised="2013-01-01"><title-part><text>Lipsticks</text></title-part></class-title></classification-item></classification-item>
<classification-item breakdown-code="false" not-allocatable="false" level="9" additional-only="false" sort-key="A61Q1/08" definition-exists="true" ipc-concordant="A61Q1/08" c-set-base-allowed="false" c-set-subsequent-allowed="true" date-revised="2013-01-01" status="published"><classification-symbol>A61Q1/08</classification-symbol><class-title date-revised="2013-01-01"><title-part><text>for cheeks, e.g. rouge</text></title-part></class-title></classification-item>
<classification-item breakdown-code="false" not-allocatable="false" level="9" additional-only="false" sort-key="A61Q1/10" definition-exists="true" ipc-concordant="A61Q1/10" c-set-base-allowed="false" c-set-subsequent-allowed="true" date-revised="2013-01-01" status="published"><classification-symbol>A61Q1/10</classification-symbol><class-title date-revised="2013-01-01"><title-part><text>for eyes, e.g. eyeliner, mascara</text></title-part></class-title></classification-item></classification-item>
<classification-item breakdown-code="false" not-allocatable="false" level="8" additional-only="false" sort-key="A61Q1/12" definition-exists="true" ipc-concordant="A61Q1/12" c-set-base-allowed="false" c-set-subsequent-allowed="true" date-revised="2013-01-01" status="published"><classification-symbol>A61Q1/12</classification-symbol><class-title date-revised="2013-01-01"><title-part><text>Face or body powders for grooming, adorning or absorbing</text></title-part></class-title></classification-item>
<classification-item breakdown-code="false" not-allocatable="false" level="8" additional-only="false" sort-key="A61Q1/14" definition-exists="false" ipc-concordant="A61Q1/14" c-set-base-allowed="false" c-set-subsequent-allowed="true" date-revised="2013-01-01" status="published"><classification-symbol>A61Q1/14</classification-symbol><class-title date-revised="2013-01-01"><title-part><text>Preparations for removing make-up</text></title-part></class-title>
<classification-item breakdown-code="false" not-allocatable="false" level="9" additional-only="false" sort-key="A61Q1/145" definition-exists="false" ipc-concordant="A61Q1/14" c-set-base-allowed="false" c-set-subsequent-allowed="true" date-revised="2013-01-01" status="published"><classification-symbol>A61Q1/145</classification-symbol><class-title date-revised="2013-01-01"><title-part><CPC-specific-text><text>Tattoo removal</text></CPC-specific-text></title-part></class-title></classification-item></classification-item></classification-item>
<classification-item breakdown-code="false" not-allocatable="false" level="7" additional-only="false" sort-key="A61Q3/00" definition-exists="true" ipc-concordant="A61Q3/00" c-set-base-allowed="false" c-set-subsequent-allowed="true" date-revised="2013-01-01" status="published"><classification-symbol>A61Q3/00</classification-symbol><class-title date-revised="2013-01-01"><title-part><text>Manicure or pedicure preparations</text></title-part></class-title>
<classification-item breakdown-code="false" not-allocatable="false" level="8" additional-only="false" sort-key="A61Q3/02" definition-exists="true" ipc-concordant="A61Q3/02" c-set-base-allowed="false" c-set-subsequent-allowed="true" date-revised="2013-01-01" status="published"><classification-symbol>A61Q3/02</classification-symbol><class-title date-revised="2013-01-01"><title-part><text>Nail coatings</text></title-part></class-title></classification-item>
<classification-item breakdown-code="false" not-allocatable="false" level="8" additional-only="false" sort-key="A61Q3/04" definition-exists="false" ipc-concordant="A61Q3/04" c-set-base-allowed="false" c-set-subsequent-allowed="true" date-revised="2013-01-01" status="published"><classification-symbol>A61Q3/04</classification-symbol><class-title date-revised="2013-01-01"><title-part><text>Nail coating removers</text></title-part></class-title></classification-item></classification-item>
<classification-item breakdown-code="false" not-allocatable="false" level="7" additional-only="false" sort-key="A61Q5/00" definition-exists="true" ipc-concordant="A61Q5/00" c-set-base-allowed="false" c-set-subsequent-allowed="true" date-revised="2013-01-01" status="published"><classification-symbol>A61Q5/00</classification-symbol><class-title date-revised="2013-01-01"><title-part><text>Preparations for care of the hair</text></title-part></class-title>
<classification-item breakdown-code="false" not-allocatable="false" level="8" additional-only="false" sort-key="A61Q5/002" definition-exists="false" ipc-concordant="A61Q5/00" c-set-base-allowed="false" c-set-subsequent-allowed="true" date-revised="2013-01-01" status="published"><classification-symbol>A61Q5/002</classification-symbol><class-title date-revised="2013-01-01"><title-part><CPC-specific-text><text>Preparations for repairing the hair, e.g. hair cure</text></CPC-specific-text></title-part></class-title></classification-item>
<classification-item breakdown-code="false" not-allocatable="false" level="8" additional-only="false" sort-key="A61Q5/004" definition-exists="false" ipc-concordant="A61Q5/00" c-set-base-allowed="false" c-set-subsequent-allowed="true" date-revised="2013-01-01" status="published"><classification-symbol>A61Q5/004</classification-symbol><class-title date-revised="2013-01-01"><title-part><CPC-specific-text><text>Preparations used to protect coloured hair</text></CPC-specific-text></title-part></class-title></classification-item>
<classification-item breakdown-code="false" not-allocatable="false" level="8" additional-only="false" sort-key="A61Q5/006" definition-exists="false" ipc-concordant="A61Q5/00" c-set-base-allowed="false" c-set-subsequent-allowed="true" date-revised="2013-01-01" status="published"><classification-symbol>A61Q5/006</classification-symbol><class-title date-revised="2013-01-01"><title-part><CPC-specific-text><text>Antidandruff preparations</text></CPC-specific-text></title-part></class-title></classification-item>
<classification-item breakdown-code="false" not-allocatable="false" level="8" additional-only="false" sort-key="A61Q5/008" definition-exists="false" ipc-concordant="A61Q5/00" c-set-base-allowed="false" c-set-subsequent-allowed="true" date-revised="2013-01-01" status="published"><classification-symbol>A61Q5/008</classification-symbol><class-title date-revised="2013-01-01"><title-part><CPC-specific-text><text>Preparations for oily hair</text></CPC-specific-text></title-part></class-title></classification-item>
<classification-item breakdown-code="false" not-allocatable="false" level="8" additional-only="false" sort-key="A61Q5/02" definition-exists="true" ipc-concordant="A61Q5/02" c-set-base-allowed="false" c-set-subsequent-allowed="true" date-revised="2013-01-01" status="published"><classification-symbol>A61Q5/02</classification-symbol><class-title date-revised="2013-01-01"><title-part><text>Preparations for cleaning the hair</text></title-part></class-title></classification-item>
<classification-item breakdown-code="false" not-allocatable="false" level="8" additional-only="false" sort-key="A61Q5/04" definition-exists="true" ipc-concordant="A61Q5/04" c-set-base-allowed="false" c-set-subsequent-allowed="true" date-revised="2013-01-01" status="published"><classification-symbol>A61Q5/04</classification-symbol><class-title date-revised="2013-01-01"><title-part><text>Preparations for permanent waving or straightening the hair</text></title-part></class-title></classification-item>
<classification-item breakdown-code="false" not-allocatable="false" level="8" additional-only="false" sort-key="A61Q5/06" definition-exists="false" ipc-concordant="A61Q5/06" c-set-base-allowed="false" c-set-subsequent-allowed="true" date-revised="2013-01-01" status="published"><classification-symbol>A61Q5/06</classification-symbol><class-title date-revised="2013-01-01"><title-part><text>Preparations for styling the hair, e.g. by temporary shaping or colouring</text></title-part></class-title>
<classification-item breakdown-code="false" not-allocatable="false" level="9" additional-only="false" sort-key="A61Q5/065" definition-exists="true" ipc-concordant="A61Q5/06" c-set-base-allowed="false" c-set-subsequent-allowed="true" date-revised="2013-01-01" status="published"><classification-symbol>A61Q5/065</classification-symbol><class-title date-revised="2013-01-01"><title-part><CPC-specific-text><text>Preparations for temporary colouring the hair, e.g. direct dyes</text></CPC-specific-text></title-part></class-title></classification-item></classification-item>
<classification-item breakdown-code="false" not-allocatable="false" level="8" additional-only="false" sort-key="A61Q5/08" definition-exists="true" ipc-concordant="A61Q5/08" c-set-base-allowed="false" c-set-subsequent-allowed="true" date-revised="2013-01-01" status="published"><classification-symbol>A61Q5/08</classification-symbol><class-title date-revised="2013-01-01"><title-part><text>Preparations for bleaching the hair</text></title-part></class-title></classification-item>
<classification-item breakdown-code="false" not-allocatable="false" level="8" additional-only="false" sort-key="A61Q5/10" definition-exists="true" ipc-concordant="A61Q5/10" c-set-base-allowed="false" c-set-subsequent-allowed="true" date-revised="2013-01-01" status="published"><classification-symbol>A61Q5/10</classification-symbol><class-title date-revised="2013-01-01"><title-part><text>Preparations for permanently dyeing the hair</text></title-part></class-title></classification-item>
<classification-item breakdown-code="false" not-allocatable="false" level="8" additional-only="false" sort-key="A61Q5/12" definition-exists="true" ipc-concordant="A61Q5/12" c-set-base-allowed="false" c-set-subsequent-allowed="true" date-revised="2013-01-01" status="published"><classification-symbol>A61Q5/12</classification-symbol><class-title date-revised="2013-01-01"><title-part><text>Preparations containing hair conditioners</text></title-part></class-title></classification-item></classification-item>
<classification-item breakdown-code="false" not-allocatable="false" level="7" additional-only="false" sort-key="A61Q7/00" definition-exists="false" ipc-concordant="A61Q7/00" c-set-base-allowed="false" c-set-subsequent-allowed="true" date-revised="2019-01-01" status="published"><classification-symbol>A61Q7/00</classification-symbol><class-title date-revised="2019-01-01"><title-part><text>Preparations for affecting hair growth</text></title-part></class-title>
<classification-item breakdown-code="false" not-allocatable="false" level="8" additional-only="false" sort-key="A61Q7/02" definition-exists="true" ipc-concordant="A61Q7/02" c-set-base-allowed="false" c-set-subsequent-allowed="true" date-revised="2013-01-01" status="published"><classification-symbol>A61Q7/02</classification-symbol><class-title date-revised="2013-01-01"><title-part><text>Preparations for inhibiting or slowing hair growth</text></title-part></class-title></classification-item></classification-item>
<classification-item breakdown-code="false" not-allocatable="false" level="7" additional-only="false" sort-key="A61Q9/00" definition-exists="true" ipc-concordant="A61Q9/00" c-set-base-allowed="false" c-set-subsequent-allowed="true" date-revised="2013-01-01" status="published"><classification-symbol>A61Q9/00</classification-symbol><class-title date-revised="2013-01-01"><title-part><text>Preparations for removing hair or for aiding hair removal</text></title-part></class-title>
<classification-item breakdown-code="false" not-allocatable="false" level="8" additional-only="false" sort-key="A61Q9/02" definition-exists="true" ipc-concordant="A61Q9/02" c-set-base-allowed="false" c-set-subsequent-allowed="true" date-revised="2013-01-01" status="published"><classification-symbol>A61Q9/02</classification-symbol><class-title date-revised="2013-01-01"><title-part><text>Shaving preparations</text></title-part></class-title></classification-item>
<classification-item breakdown-code="false" not-allocatable="false" level="8" additional-only="false" sort-key="A61Q9/04" definition-exists="true" ipc-concordant="A61Q9/04" c-set-base-allowed="false" c-set-subsequent-allowed="true" date-revised="2013-01-01" status="published"><classification-symbol>A61Q9/04</classification-symbol><class-title date-revised="2013-01-01"><title-part><text>Depilatories</text></title-part></class-title></classification-item></classification-item>
<classification-item breakdown-code="false" not-allocatable="false" level="7" additional-only="false" sort-key="A61Q11/00" definition-exists="true" ipc-concordant="A61Q11/00" c-set-base-allowed="false" c-set-subsequent-allowed="true" date-revised="2013-01-01" status="published"><classification-symbol>A61Q11/00</classification-symbol><class-title date-revised="2013-01-01"><title-part><text>Preparations for care of the teeth, of the oral cavity or of dentures</text></title-part><title-part><text>Dentifrices, e.g. toothpastes</text></title-part><title-part><text>Mouth rinses</text></title-part></class-title>
<classification-item breakdown-code="false" not-allocatable="false" level="8" additional-only="false" sort-key="A61Q11/02" definition-exists="false" ipc-concordant="A61Q11/02" c-set-base-allowed="false" c-set-subsequent-allowed="true" date-revised="2013-11-05" status="published"><classification-symbol>A61Q11/02</classification-symbol><class-title date-revised="2013-01-01"><title-part><text>Preparations for deodorising, bleaching or disinfecting dentures</text></title-part></class-title></classification-item></classification-item>
<classification-item breakdown-code="false" not-allocatable="false" level="7" additional-only="false" sort-key="A61Q13/00" definition-exists="true" ipc-concordant="A61Q13/00" c-set-base-allowed="false" c-set-subsequent-allowed="true" date-revised="2013-01-01" status="published"><classification-symbol>A61Q13/00</classification-symbol><class-title date-revised="2013-01-01"><title-part><text>Formulations or additives for perfume preparations </text><reference><text>essential oils or perfumes <u>per se</u> <class-ref scheme="cpc">C11B9/00</class-ref></text></reference></title-part></class-title></classification-item>
<classification-item breakdown-code="false" not-allocatable="false" level="7" additional-only="false" sort-key="A61Q15/00" definition-exists="true" ipc-concordant="A61Q15/00" c-set-base-allowed="false" c-set-subsequent-allowed="true" date-revised="2013-01-01" status="published"><classification-symbol>A61Q15/00</classification-symbol><class-title date-revised="2013-01-01"><title-part><text>Anti-perspirants or body deodorants </text><reference><text>deodorisation of air <class-ref scheme="cpc">A61L9/00</class-ref></text></reference></title-part></class-title></classification-item>
<classification-item breakdown-code="false" not-allocatable="false" level="7" additional-only="false" sort-key="A61Q17/00" definition-exists="true" ipc-concordant="A61Q17/00" c-set-base-allowed="false" c-set-subsequent-allowed="true" date-revised="2021-05-01" status="published"><classification-symbol>A61Q17/00</classification-symbol><class-title date-revised="2021-05-01"><title-part><text>Barrier preparations</text></title-part><title-part><text>Preparations brought into direct contact with the skin for affording protection against external influences, e.g. sunlight, X-rays or other harmful rays, corrosive materials, bacteria or insect stings</text></title-part></class-title>
<classification-item breakdown-code="false" not-allocatable="false" level="8" additional-only="false" sort-key="A61Q17/005" definition-exists="true" ipc-concordant="A61Q17/00" c-set-base-allowed="false" c-set-subsequent-allowed="true" date-revised="2013-01-01" status="published"><classification-symbol>A61Q17/005</classification-symbol><class-title date-revised="2013-01-01"><title-part><CPC-specific-text><text>Antimicrobial preparations</text></CPC-specific-text></title-part></class-title></classification-item>
<classification-item breakdown-code="false" not-allocatable="false" level="8" additional-only="false" sort-key="A61Q17/02" definition-exists="true" ipc-concordant="A61Q17/02" c-set-base-allowed="false" c-set-subsequent-allowed="true" date-revised="2017-08-01" status="published"><classification-symbol>A61Q17/02</classification-symbol><class-title date-revised="2017-08-01"><title-part><text>containing insect repellants</text></title-part></class-title><notes-and-warnings date-revised="2013-01-01"><note type="note"><note-paragraph> References listed below indicate IPC places which could also be of interest when carrying out a search in respect of the subject-matter covered by the preceding group: Pest repellants <class-ref scheme="cpc">A01N</class-ref></note-paragraph></note></notes-and-warnings></classification-item>
<classification-item breakdown-code="false" not-allocatable="false" level="8" additional-only="false" sort-key="A61Q17/04" definition-exists="true" ipc-concordant="A61Q17/04" c-set-base-allowed="false" c-set-subsequent-allowed="true" date-revised="2013-01-01" status="published"><classification-symbol>A61Q17/04</classification-symbol><class-title date-revised="2013-01-01"><title-part><text>Topical preparations for affording protection against sunlight or other radiation</text></title-part><title-part><text>Topical sun tanning preparations</text></title-part></class-title></classification-item></classification-item>
<classification-item breakdown-code="false" not-allocatable="false" level="7" additional-only="false" sort-key="A61Q19/00" definition-exists="true" ipc-concordant="A61Q19/00" c-set-base-allowed="false" c-set-subsequent-allowed="true" date-revised="2013-01-01" status="published"><classification-symbol>A61Q19/00</classification-symbol><class-title date-revised="2013-01-01"><title-part><text>Preparations for care of the skin</text></title-part></class-title>
<classification-item breakdown-code="false" not-allocatable="false" level="8" additional-only="false" sort-key="A61Q19/001" definition-exists="true" ipc-concordant="A61Q19/00" c-set-base-allowed="false" c-set-subsequent-allowed="true" date-revised="2013-01-01" status="published"><classification-symbol>A61Q19/001</classification-symbol><class-title date-revised="2013-01-01"><title-part><CPC-specific-text><text>Preparations for care of the lips</text></CPC-specific-text></title-part></class-title></classification-item>
<classification-item breakdown-code="false" not-allocatable="false" level="8" additional-only="false" sort-key="A61Q19/002" definition-exists="false" ipc-concordant="A61Q19/00" c-set-base-allowed="false" c-set-subsequent-allowed="true" date-revised="2013-01-01" status="published"><classification-symbol>A61Q19/002</classification-symbol><class-title date-revised="2013-01-01"><title-part><CPC-specific-text><text>Aftershave preparations</text></CPC-specific-text></title-part></class-title></classification-item>
<classification-item breakdown-code="false" not-allocatable="false" level="8" additional-only="false" sort-key="A61Q19/004" definition-exists="true" ipc-concordant="A61Q19/00" c-set-base-allowed="false" c-set-subsequent-allowed="true" date-revised="2013-01-01" status="published"><classification-symbol>A61Q19/004</classification-symbol><class-title date-revised="2013-01-01"><title-part><CPC-specific-text><text>Aftersun preparations</text></CPC-specific-text></title-part></class-title></classification-item>
<classification-item breakdown-code="false" not-allocatable="false" level="8" additional-only="false" sort-key="A61Q19/005" definition-exists="true" ipc-concordant="A61Q19/00" c-set-base-allowed="false" c-set-subsequent-allowed="true" date-revised="2013-01-01" status="published"><classification-symbol>A61Q19/005</classification-symbol><class-title date-revised="2013-01-01"><title-part><CPC-specific-text><text>Preparations for sensitive skin</text></CPC-specific-text></title-part></class-title></classification-item>
<classification-item breakdown-code="false" not-allocatable="false" level="8" additional-only="false" sort-key="A61Q19/007" definition-exists="false" ipc-concordant="A61Q19/00" c-set-base-allowed="false" c-set-subsequent-allowed="true" date-revised="2013-01-01" status="published"><classification-symbol>A61Q19/007</classification-symbol><class-title date-revised="2013-01-01"><title-part><CPC-specific-text><text>Preparations for dry skin</text></CPC-specific-text></title-part></class-title></classification-item>
<classification-item breakdown-code="false" not-allocatable="false" level="8" additional-only="false" sort-key="A61Q19/008" definition-exists="false" ipc-concordant="A61Q19/00" c-set-base-allowed="false" c-set-subsequent-allowed="true" date-revised="2013-01-01" status="published"><classification-symbol>A61Q19/008</classification-symbol><class-title date-revised="2013-01-01"><title-part><CPC-specific-text><text>Preparations for oily skin</text></CPC-specific-text></title-part></class-title></classification-item>
<classification-item breakdown-code="false" not-allocatable="false" level="8" additional-only="false" sort-key="A61Q19/02" definition-exists="true" ipc-concordant="A61Q19/02" c-set-base-allowed="false" c-set-subsequent-allowed="true" date-revised="2013-01-01" status="published"><classification-symbol>A61Q19/02</classification-symbol><class-title date-revised="2013-01-01"><title-part><text>for chemically bleaching or whitening the skin</text></title-part></class-title></classification-item>
<classification-item breakdown-code="false" not-allocatable="false" level="8" additional-only="false" sort-key="A61Q19/04" definition-exists="true" ipc-concordant="A61Q19/04" c-set-base-allowed="false" c-set-subsequent-allowed="true" date-revised="2013-01-01" status="published"><classification-symbol>A61Q19/04</classification-symbol><class-title date-revised="2013-01-01"><title-part><text>for chemically tanning the skin </text><reference><text>topical sun or radiation screening or tanning preparations <class-ref scheme="cpc">A61Q17/04</class-ref></text></reference></title-part></class-title></classification-item>
<classification-item breakdown-code="false" not-allocatable="false" level="8" additional-only="false" sort-key="A61Q19/06" definition-exists="true" ipc-concordant="A61Q19/06" c-set-base-allowed="false" c-set-subsequent-allowed="true" date-revised="2013-01-01" status="published"><classification-symbol>A61Q19/06</classification-symbol><class-title date-revised="2013-01-01"><title-part><text>for countering cellulitis</text></title-part></class-title></classification-item>
<classification-item breakdown-code="false" not-allocatable="false" level="8" additional-only="false" sort-key="A61Q19/08" definition-exists="true" ipc-concordant="A61Q19/08" c-set-base-allowed="false" c-set-subsequent-allowed="true" date-revised="2013-01-01" status="published"><classification-symbol>A61Q19/08</classification-symbol><class-title date-revised="2013-01-01"><title-part><text>Anti-ageing preparations</text></title-part></class-title></classification-item>
<classification-item breakdown-code="false" not-allocatable="false" level="8" additional-only="false" sort-key="A61Q19/10" definition-exists="true" ipc-concordant="A61Q19/10" c-set-base-allowed="false" c-set-subsequent-allowed="true" date-revised="2013-01-01" status="published"><classification-symbol>A61Q19/10</classification-symbol><class-title date-revised="2013-01-01"><title-part><text>Washing or bathing preparations</text></title-part></class-title></classification-item></classification-item>
<classification-item breakdown-code="false" not-allocatable="false" level="7" additional-only="false" sort-key="A61Q90/00" definition-exists="true" ipc-concordant="A61Q90/00" c-set-base-allowed="false" c-set-subsequent-allowed="true" date-revised="2013-01-01" status="published"><classification-symbol>A61Q90/00</classification-symbol><class-title date-revised="2013-01-01"><title-part><text>Cosmetics or similar toilet preparations for specific uses not provided for in other groups of this subclass</text></title-part></class-title></classification-item></classification-item></classification-item></class-scheme>