<?xml version="1.0" encoding="UTF-8"?>
<class-scheme publication-date="2021-05-01" scheme-type="cpc" publication-type="official">
<classification-item breakdown-code="false" not-allocatable="true" level="5" additional-only="false" sort-key="A01M" definition-exists="true" date-revised="2018-08-01" status="published"><classification-symbol>A01M</classification-symbol><class-title date-revised="2018-05-01"><title-part><text>CATCHING, TRAPPING OR SCARING OF ANIMALS </text><reference><text>appliances for catching swarms or drone-catching <class-ref scheme="cpc">A01K57/00</class-ref>; fishing <class-ref scheme="cpc">A01K69/00</class-ref> - <class-ref scheme="cpc">A01K99/00</class-ref>; biocides, pest repellants or attractants <class-ref scheme="cpc">A01N</class-ref></text></reference></title-part><title-part><text>APPARATUS FOR THE DESTRUCTION OF NOXIOUS ANIMALS OR NOXIOUS PLANTS</text></title-part></class-title><notes-and-warnings date-revised="2013-01-01"><note type="note"><note-paragraph> in this subclass, terms &quot;killing&quot; and &quot;destruction&quot; cover &quot;non-chemical sterilisation&quot; of invertebrates</note-paragraph></note><note type="warning"><note-paragraph>In this subclass non-limiting references (in the sense of paragraph 39 of the Guide to the IPC) may still be displayed in the scheme.</note-paragraph></note></notes-and-warnings>
<classification-item breakdown-code="false" not-allocatable="true" level="6" additional-only="false" sort-key="A01M1/00" date-revised="2013-01-01" status="published"><classification-symbol>A01M1/00</classification-symbol>
<classification-item breakdown-code="false" not-allocatable="false" level="7" additional-only="false" sort-key="A01M1/00" definition-exists="true" ipc-concordant="A01M1/00" c-set-base-allowed="false" c-set-subsequent-allowed="true" date-revised="2018-05-01" status="published"><classification-symbol>A01M1/00</classification-symbol><class-title date-revised="2018-05-01"><title-part><text>Stationary means for catching or killing insects</text></title-part></class-title>
<classification-item breakdown-code="false" not-allocatable="false" level="8" additional-only="false" sort-key="A01M1/02" definition-exists="false" ipc-concordant="A01M1/02" c-set-base-allowed="false" c-set-subsequent-allowed="true" date-revised="2013-01-01" status="published"><classification-symbol>A01M1/02</classification-symbol><class-title date-revised="2013-01-01"><title-part><text>with devices </text><CPC-specific-text><text>or substances, e.g. food, pheronones</text></CPC-specific-text><text> attracting the insects</text></title-part></class-title>
<classification-item breakdown-code="false" not-allocatable="false" level="9" additional-only="false" sort-key="A01M1/023" definition-exists="false" ipc-concordant="A01M1/02" c-set-base-allowed="false" c-set-subsequent-allowed="true" date-revised="2013-01-01" status="published"><classification-symbol>A01M1/023</classification-symbol><class-title date-revised="2013-01-01"><title-part><CPC-specific-text><text>Attracting insects by the simulation of a living being, i.e. emission of carbon dioxide, heat, sound waves or vibrations</text></CPC-specific-text></title-part></class-title></classification-item>
<classification-item breakdown-code="false" not-allocatable="false" level="9" additional-only="false" sort-key="A01M1/026" definition-exists="false" ipc-concordant="A01M1/02" c-set-base-allowed="false" c-set-subsequent-allowed="true" date-revised="2013-01-01" status="published"><classification-symbol>A01M1/026</classification-symbol><class-title date-revised="2013-01-01"><title-part><CPC-specific-text><text>combined with devices for monitoring insect presence, e.g. termites </text><reference><text>bait stations <class-ref scheme="cpc">A01M1/2005</class-ref>; detecting other animals in a given area <class-ref scheme="cpc">A01M31/002</class-ref></text></reference></CPC-specific-text></title-part></class-title></classification-item>
<classification-item breakdown-code="false" not-allocatable="false" level="9" additional-only="false" sort-key="A01M1/04" definition-exists="false" ipc-concordant="A01M1/04" c-set-base-allowed="false" c-set-subsequent-allowed="true" date-revised="2013-01-01" status="published"><classification-symbol>A01M1/04</classification-symbol><class-title date-revised="2013-01-01"><title-part><CPC-specific-text><text>Attracting insects by</text></CPC-specific-text><text> using illumination </text><CPC-specific-text><text>or colours </text><reference><text><class-ref scheme="cpc">A01M1/08</class-ref> and <class-ref scheme="cpc">A01M1/145</class-ref> take precedence</text></reference></CPC-specific-text></title-part></class-title></classification-item></classification-item>
<classification-item breakdown-code="false" not-allocatable="false" level="8" additional-only="false" sort-key="A01M1/06" definition-exists="false" ipc-concordant="A01M1/06" c-set-base-allowed="false" c-set-subsequent-allowed="true" date-revised="2013-01-01" status="published"><classification-symbol>A01M1/06</classification-symbol><class-title date-revised="2013-01-01"><title-part><CPC-specific-text><text>Catching insects by</text></CPC-specific-text><text> using a suction effect </text><CPC-specific-text><reference><text><class-ref scheme="cpc">A01M3/00</class-ref> takes precedence</text></reference></CPC-specific-text></title-part></class-title></classification-item>
<classification-item breakdown-code="false" not-allocatable="false" level="8" additional-only="false" sort-key="A01M1/08" definition-exists="false" ipc-concordant="A01M1/08" c-set-base-allowed="false" c-set-subsequent-allowed="true" date-revised="2013-01-01" status="published"><classification-symbol>A01M1/08</classification-symbol><class-title date-revised="2013-01-01"><title-part><CPC-specific-text><text>Attracting and catching insects by</text></CPC-specific-text><text> using combined illumination </text><CPC-specific-text><text>or colours</text></CPC-specific-text><text> and suction effects</text></title-part></class-title></classification-item>
<classification-item breakdown-code="false" not-allocatable="false" level="8" additional-only="false" sort-key="A01M1/10" definition-exists="false" ipc-concordant="A01M1/10" c-set-base-allowed="false" c-set-subsequent-allowed="true" date-revised="2013-01-01" status="published"><classification-symbol>A01M1/10</classification-symbol><class-title date-revised="2013-01-01"><title-part><CPC-specific-text><text>Catching insects by using</text></CPC-specific-text><text> Traps </text><CPC-specific-text><reference><text>using suction effect <class-ref scheme="cpc">A01M1/06</class-ref></text></reference></CPC-specific-text></title-part></class-title>
<classification-item breakdown-code="false" not-allocatable="false" level="9" additional-only="false" sort-key="A01M1/103" definition-exists="false" ipc-concordant="A01M1/10" c-set-base-allowed="false" c-set-subsequent-allowed="true" date-revised="2013-01-01" status="published"><classification-symbol>A01M1/103</classification-symbol><class-title date-revised="2013-01-01"><title-part><CPC-specific-text><text>for crawling insects</text></CPC-specific-text></title-part></class-title></classification-item>
<classification-item breakdown-code="false" not-allocatable="false" level="9" additional-only="false" sort-key="A01M1/106" definition-exists="false" ipc-concordant="A01M1/10" c-set-base-allowed="false" c-set-subsequent-allowed="true" date-revised="2013-01-01" status="published"><classification-symbol>A01M1/106</classification-symbol><class-title date-revised="2013-01-01"><title-part><CPC-specific-text><text>for flying insects</text></CPC-specific-text></title-part></class-title></classification-item>
<classification-item breakdown-code="false" not-allocatable="false" level="9" additional-only="false" sort-key="A01M1/12" definition-exists="false" ipc-concordant="A01M1/12" c-set-base-allowed="false" c-set-subsequent-allowed="true" date-revised="2013-01-01" status="published"><classification-symbol>A01M1/12</classification-symbol><class-title date-revised="2013-01-01"><title-part><text>automatically reset</text></title-part></class-title></classification-item></classification-item>
<classification-item breakdown-code="false" not-allocatable="false" level="8" additional-only="false" sort-key="A01M1/14" definition-exists="false" ipc-concordant="A01M1/14" c-set-base-allowed="false" c-set-subsequent-allowed="true" date-revised="2013-01-01" status="published"><classification-symbol>A01M1/14</classification-symbol><class-title date-revised="2013-01-01"><title-part><text>Catching by adhesive surfaces</text></title-part></class-title>
<classification-item breakdown-code="false" not-allocatable="false" level="9" additional-only="false" sort-key="A01M1/145" definition-exists="false" ipc-concordant="A01M1/14" c-set-base-allowed="false" c-set-subsequent-allowed="true" date-revised="2013-01-01" status="published"><classification-symbol>A01M1/145</classification-symbol><class-title date-revised="2013-01-01"><title-part><CPC-specific-text><text>Attracting and catching insects using combined illumination or colours and adhesive surfaces</text></CPC-specific-text></title-part></class-title></classification-item>
<classification-item breakdown-code="false" not-allocatable="false" level="9" additional-only="false" sort-key="A01M1/16" definition-exists="false" ipc-concordant="A01M1/16" c-set-base-allowed="false" c-set-subsequent-allowed="true" date-revised="2013-01-01" status="published"><classification-symbol>A01M1/16</classification-symbol><class-title date-revised="2013-01-01"><title-part><text>Fly papers or ribbons</text></title-part></class-title>
<classification-item breakdown-code="false" not-allocatable="false" level="10" additional-only="false" sort-key="A01M1/165" definition-exists="false" ipc-concordant="A01M1/16" c-set-base-allowed="false" c-set-subsequent-allowed="true" date-revised="2013-01-01" status="published"><classification-symbol>A01M1/165</classification-symbol><class-title date-revised="2013-01-01"><title-part><CPC-specific-text><text>Hanging or fastening means</text></CPC-specific-text></title-part></class-title></classification-item></classification-item>
<classification-item breakdown-code="false" not-allocatable="false" level="9" additional-only="false" sort-key="A01M1/18" definition-exists="false" ipc-concordant="A01M1/18" c-set-base-allowed="false" c-set-subsequent-allowed="true" date-revised="2013-01-01" status="published"><classification-symbol>A01M1/18</classification-symbol><class-title date-revised="2013-01-01"><title-part><text>Adhesive bands or coatings for trees </text><CPC-specific-text><reference><text>protecting plants against climbing insects <class-ref scheme="cpc">A01G13/105</class-ref></text></reference></CPC-specific-text></title-part></class-title></classification-item></classification-item>
<classification-item breakdown-code="false" not-allocatable="false" level="8" additional-only="false" sort-key="A01M1/20" definition-exists="false" ipc-concordant="A01M1/20" c-set-base-allowed="false" c-set-subsequent-allowed="true" date-revised="2013-01-01" status="published"><classification-symbol>A01M1/20</classification-symbol><class-title date-revised="2013-01-01"><title-part><text>Poisoning, narcotising, or burning insects </text><CPC-specific-text><reference><text>fumigation apparatus <class-ref scheme="cpc">A01M13/00</class-ref></text></reference></CPC-specific-text></title-part></class-title>
<classification-item breakdown-code="false" not-allocatable="false" level="9" additional-only="false" sort-key="A01M1/2005" definition-exists="false" ipc-concordant="A01M1/20" c-set-base-allowed="false" c-set-subsequent-allowed="true" date-revised="2015-09-01" status="published"><classification-symbol>A01M1/2005</classification-symbol><class-title date-revised="2015-09-01"><title-part><CPC-specific-text><text>Poisoning insects using bait stations </text><reference><text><class-ref scheme="cpc">A01M1/10</class-ref> takes precedence</text></reference></CPC-specific-text></title-part></class-title>
<classification-item breakdown-code="false" not-allocatable="false" level="10" additional-only="false" sort-key="A01M1/2011" definition-exists="false" ipc-concordant="A01M1/20" c-set-base-allowed="false" c-set-subsequent-allowed="true" date-revised="2013-01-01" status="published"><classification-symbol>A01M1/2011</classification-symbol><class-title date-revised="2013-01-01"><title-part><CPC-specific-text><text>for crawling insects</text></CPC-specific-text></title-part></class-title></classification-item>
<classification-item breakdown-code="false" not-allocatable="false" level="10" additional-only="false" sort-key="A01M1/2016" definition-exists="false" ipc-concordant="A01M1/20" c-set-base-allowed="false" c-set-subsequent-allowed="true" date-revised="2013-01-01" status="published"><classification-symbol>A01M1/2016</classification-symbol><class-title date-revised="2013-01-01"><title-part><CPC-specific-text><text>for flying insects</text></CPC-specific-text></title-part></class-title></classification-item></classification-item>
<classification-item breakdown-code="false" not-allocatable="false" level="9" additional-only="false" sort-key="A01M1/2022" definition-exists="false" ipc-concordant="A01M1/20" c-set-base-allowed="false" c-set-subsequent-allowed="true" date-revised="2013-01-01" status="published"><classification-symbol>A01M1/2022</classification-symbol><class-title date-revised="2013-01-01"><title-part><CPC-specific-text><text>Poisoning or narcotising insects by vaporising an insecticide</text></CPC-specific-text></title-part></class-title>
<classification-item breakdown-code="false" not-allocatable="false" level="10" additional-only="false" sort-key="A01M1/2027" definition-exists="false" ipc-concordant="A01M1/20" c-set-base-allowed="false" c-set-subsequent-allowed="true" date-revised="2013-01-01" status="published"><classification-symbol>A01M1/2027</classification-symbol><class-title date-revised="2013-01-01"><title-part><CPC-specific-text><text>without heating</text></CPC-specific-text></title-part></class-title>
<classification-item breakdown-code="false" not-allocatable="false" level="11" additional-only="false" sort-key="A01M1/2033" definition-exists="false" ipc-concordant="A01M1/20" c-set-base-allowed="false" c-set-subsequent-allowed="true" date-revised="2013-01-01" status="published"><classification-symbol>A01M1/2033</classification-symbol><class-title date-revised="2013-01-01"><title-part><CPC-specific-text><text>using a fan</text></CPC-specific-text></title-part></class-title></classification-item>
<classification-item breakdown-code="false" not-allocatable="false" level="11" additional-only="false" sort-key="A01M1/2038" definition-exists="false" ipc-concordant="A01M1/20" c-set-base-allowed="false" c-set-subsequent-allowed="true" date-revised="2013-01-01" status="published"><classification-symbol>A01M1/2038</classification-symbol><class-title date-revised="2013-01-01"><title-part><CPC-specific-text><text>Holders or dispensers for pressurized insecticide, e.g. pressurized vessels, cans</text></CPC-specific-text></title-part></class-title></classification-item>
<classification-item breakdown-code="false" not-allocatable="false" level="11" additional-only="false" sort-key="A01M1/2044" definition-exists="false" ipc-concordant="A01M1/20" c-set-base-allowed="false" c-set-subsequent-allowed="true" date-revised="2013-01-01" status="published"><classification-symbol>A01M1/2044</classification-symbol><class-title date-revised="2013-01-01"><title-part><CPC-specific-text><text>Holders or dispensers for liquid insecticide, e.g. using wicks</text></CPC-specific-text></title-part></class-title>
<classification-item breakdown-code="false" not-allocatable="false" level="12" additional-only="false" sort-key="A01M1/205" definition-exists="false" ipc-concordant="A01M1/20" c-set-base-allowed="false" c-set-subsequent-allowed="true" date-revised="2013-01-01" status="published"><classification-symbol>A01M1/205</classification-symbol><class-title date-revised="2013-01-01"><title-part><CPC-specific-text><text>using vibrations, e.g. ultrasonic or piezoelectric atomizers</text></CPC-specific-text></title-part></class-title></classification-item></classification-item>
<classification-item breakdown-code="false" not-allocatable="false" level="11" additional-only="false" sort-key="A01M1/2055" definition-exists="false" ipc-concordant="A01M1/20" c-set-base-allowed="false" c-set-subsequent-allowed="true" date-revised="2013-01-01" status="published"><classification-symbol>A01M1/2055</classification-symbol><class-title date-revised="2013-01-01"><title-part><CPC-specific-text><text>Holders or dispensers for solid, gelified or impregnated insecticide, e.g. volatile blocks or impregnated pads</text></CPC-specific-text></title-part></class-title></classification-item></classification-item>
<classification-item breakdown-code="false" not-allocatable="false" level="10" additional-only="false" sort-key="A01M1/2061" definition-exists="false" ipc-concordant="A01M1/20" c-set-base-allowed="false" c-set-subsequent-allowed="true" date-revised="2013-01-01" status="published"><classification-symbol>A01M1/2061</classification-symbol><class-title date-revised="2013-01-01"><title-part><CPC-specific-text><text>using a heat source</text></CPC-specific-text></title-part></class-title>
<classification-item breakdown-code="false" not-allocatable="false" level="11" additional-only="false" sort-key="A01M1/2066" definition-exists="false" ipc-concordant="A01M1/20" c-set-base-allowed="false" c-set-subsequent-allowed="true" date-revised="2013-01-01" status="published"><classification-symbol>A01M1/2066</classification-symbol><class-title date-revised="2013-01-01"><title-part><CPC-specific-text><text>burning insecticide, e.g. impregnated candles, burning coils</text></CPC-specific-text></title-part></class-title></classification-item>
<classification-item breakdown-code="false" not-allocatable="false" level="11" additional-only="false" sort-key="A01M1/2072" definition-exists="false" ipc-concordant="A01M1/20" c-set-base-allowed="false" c-set-subsequent-allowed="true" date-revised="2013-01-01" status="published"><classification-symbol>A01M1/2072</classification-symbol><class-title date-revised="2013-01-01"><title-part><CPC-specific-text><text>combined with a fan</text></CPC-specific-text></title-part></class-title></classification-item>
<classification-item breakdown-code="false" not-allocatable="false" level="11" additional-only="false" sort-key="A01M1/2077" definition-exists="false" ipc-concordant="A01M1/20" c-set-base-allowed="false" c-set-subsequent-allowed="true" date-revised="2013-01-01" status="published"><classification-symbol>A01M1/2077</classification-symbol><class-title date-revised="2013-01-01"><title-part><CPC-specific-text><text>using an electrical resistance as heat source </text><reference><text><class-ref scheme="cpc">A01M1/2083</class-ref> takes precedence</text></reference></CPC-specific-text></title-part></class-title></classification-item>
<classification-item breakdown-code="false" not-allocatable="false" level="11" additional-only="false" sort-key="A01M1/2083" definition-exists="false" ipc-concordant="A01M1/20" c-set-base-allowed="false" c-set-subsequent-allowed="true" date-revised="2013-01-01" status="published"><classification-symbol>A01M1/2083</classification-symbol><class-title date-revised="2013-01-01"><title-part><CPC-specific-text><text>using a light bulb as heat source</text></CPC-specific-text></title-part></class-title></classification-item>
<classification-item breakdown-code="false" not-allocatable="false" level="11" additional-only="false" sort-key="A01M1/2088" definition-exists="false" ipc-concordant="A01M1/20" c-set-base-allowed="false" c-set-subsequent-allowed="true" date-revised="2013-01-01" status="published"><classification-symbol>A01M1/2088</classification-symbol><class-title date-revised="2013-01-01"><title-part><CPC-specific-text><text>using a burner or a flame as heat source</text></CPC-specific-text></title-part></class-title></classification-item></classification-item></classification-item>
<classification-item breakdown-code="false" not-allocatable="false" level="9" additional-only="false" sort-key="A01M1/2094" definition-exists="false" ipc-concordant="A01M1/20" c-set-base-allowed="false" c-set-subsequent-allowed="true" date-revised="2013-01-01" status="published"><classification-symbol>A01M1/2094</classification-symbol><class-title date-revised="2013-01-01"><title-part><CPC-specific-text><text>killing insects by using temperature, e.g. flames, steam or freezing </text><reference><text><class-ref scheme="cpc">A01M1/22</class-ref> takes precedence</text></reference></CPC-specific-text></title-part></class-title></classification-item></classification-item>
<classification-item breakdown-code="false" not-allocatable="false" level="8" additional-only="false" sort-key="A01M1/22" definition-exists="false" ipc-concordant="A01M1/22" c-set-base-allowed="false" c-set-subsequent-allowed="true" date-revised="2013-01-01" status="published"><classification-symbol>A01M1/22</classification-symbol><class-title date-revised="2013-01-01"><title-part><CPC-specific-text><text>Killing insects</text></CPC-specific-text><text> by electric means </text><reference><text>electric circuits therefor <class-ref scheme="cpc">H05C</class-ref></text></reference></title-part></class-title>
<classification-item breakdown-code="false" not-allocatable="false" level="9" additional-only="false" sort-key="A01M1/223" definition-exists="false" ipc-concordant="A01M1/22" c-set-base-allowed="false" c-set-subsequent-allowed="true" date-revised="2013-01-01" status="published"><classification-symbol>A01M1/223</classification-symbol><class-title date-revised="2013-01-01"><title-part><CPC-specific-text><text>by using electrocution</text></CPC-specific-text></title-part></class-title></classification-item>
<classification-item breakdown-code="false" not-allocatable="false" level="9" additional-only="false" sort-key="A01M1/226" definition-exists="false" ipc-concordant="A01M1/22" c-set-base-allowed="false" c-set-subsequent-allowed="true" date-revised="2013-01-01" status="published"><classification-symbol>A01M1/226</classification-symbol><class-title date-revised="2013-01-01"><title-part><CPC-specific-text><text>by using waves, fields or rays, e.g. sound waves, microwaves, electric waves, magnetic fields, light rays</text></CPC-specific-text></title-part></class-title></classification-item></classification-item>
<classification-item breakdown-code="false" not-allocatable="false" level="8" additional-only="false" sort-key="A01M1/24" definition-exists="false" ipc-concordant="A01M1/24" c-set-base-allowed="false" c-set-subsequent-allowed="true" date-revised="2013-01-01" status="published"><classification-symbol>A01M1/24</classification-symbol><class-title date-revised="2013-01-01"><title-part><text>Arrangements connected with buildings, doors, windows, or the like</text></title-part></class-title>
<classification-item breakdown-code="false" not-allocatable="false" level="9" additional-only="false" sort-key="A01M1/245" definition-exists="false" ipc-concordant="A01M1/24" c-set-base-allowed="false" c-set-subsequent-allowed="true" date-revised="2013-01-01" status="published"><classification-symbol>A01M1/245</classification-symbol><class-title date-revised="2013-01-01"><title-part><CPC-specific-text><text>for pesticide application or distribution, e.g. using a network of pipes</text></CPC-specific-text></title-part></class-title></classification-item></classification-item></classification-item>
<classification-item breakdown-code="false" not-allocatable="false" level="7" additional-only="false" sort-key="A01M3/00" definition-exists="true" ipc-concordant="A01M3/00" c-set-base-allowed="false" c-set-subsequent-allowed="true" date-revised="2013-01-01" status="published"><classification-symbol>A01M3/00</classification-symbol><class-title date-revised="2013-01-01"><title-part><text>Manual implements, other than sprayers or powder distributors, for catching or killing insects, e.g. butterfly nets</text></title-part></class-title>
<classification-item breakdown-code="false" not-allocatable="false" level="8" additional-only="false" sort-key="A01M3/002" definition-exists="false" ipc-concordant="A01M3/00" c-set-base-allowed="false" c-set-subsequent-allowed="true" date-revised="2013-01-01" status="published"><classification-symbol>A01M3/002</classification-symbol><class-title date-revised="2013-01-01"><title-part><CPC-specific-text><text>Insect nets</text></CPC-specific-text></title-part></class-title></classification-item>
<classification-item breakdown-code="false" not-allocatable="false" level="8" additional-only="false" sort-key="A01M3/005" definition-exists="false" ipc-concordant="A01M3/00" c-set-base-allowed="false" c-set-subsequent-allowed="true" date-revised="2018-01-01" status="published"><classification-symbol>A01M3/005</classification-symbol><class-title date-revised="2018-01-01"><title-part><CPC-specific-text><text>Manual suction tools for catching insects</text></CPC-specific-text></title-part></class-title></classification-item>
<classification-item breakdown-code="false" not-allocatable="false" level="8" additional-only="false" sort-key="A01M3/007" definition-exists="false" ipc-concordant="A01M3/00" c-set-base-allowed="false" c-set-subsequent-allowed="true" date-revised="2017-08-01" status="published"><classification-symbol>A01M3/007</classification-symbol><class-title date-revised="2017-08-01"><title-part><CPC-specific-text><text>Manual heating or burning apparatus, e.g. using steam, heated elements or waves </text><reference><text>flame-throwers <class-ref scheme="cpc">A01M15/00</class-ref></text></reference></CPC-specific-text></title-part></class-title></classification-item>
<classification-item breakdown-code="false" not-allocatable="false" level="8" additional-only="false" sort-key="A01M3/02" definition-exists="false" ipc-concordant="A01M3/02" c-set-base-allowed="false" c-set-subsequent-allowed="true" date-revised="2013-01-01" status="published"><classification-symbol>A01M3/02</classification-symbol><class-title date-revised="2013-01-01"><title-part><text>Fly-swatters</text></title-part></class-title>
<classification-item breakdown-code="false" not-allocatable="false" level="9" additional-only="false" sort-key="A01M3/022" definition-exists="false" ipc-concordant="A01M3/02" c-set-base-allowed="false" c-set-subsequent-allowed="true" date-revised="2013-01-01" status="published"><classification-symbol>A01M3/022</classification-symbol><class-title date-revised="2013-01-01"><title-part><CPC-specific-text><text>using adhesives</text></CPC-specific-text></title-part></class-title></classification-item>
<classification-item breakdown-code="false" not-allocatable="false" level="9" additional-only="false" sort-key="A01M3/025" definition-exists="false" ipc-concordant="A01M3/02" c-set-base-allowed="false" c-set-subsequent-allowed="true" date-revised="2013-01-01" status="published"><classification-symbol>A01M3/025</classification-symbol><class-title date-revised="2013-01-01"><title-part><CPC-specific-text><text>using electrocution</text></CPC-specific-text></title-part></class-title></classification-item>
<classification-item breakdown-code="false" not-allocatable="false" level="9" additional-only="false" sort-key="A01M3/027" definition-exists="false" ipc-concordant="A01M3/02" c-set-base-allowed="false" c-set-subsequent-allowed="true" date-revised="2013-01-01" status="published"><classification-symbol>A01M3/027</classification-symbol><class-title date-revised="2013-01-01"><title-part><CPC-specific-text><text>using resilient means or projectiles</text></CPC-specific-text></title-part></class-title></classification-item></classification-item>
<classification-item breakdown-code="false" not-allocatable="false" level="8" additional-only="false" sort-key="A01M3/04" definition-exists="false" ipc-concordant="A01M3/04" c-set-base-allowed="false" c-set-subsequent-allowed="true" date-revised="2013-01-01" status="published"><classification-symbol>A01M3/04</classification-symbol><class-title date-revised="2013-01-01"><title-part><text>with adhesive surfaces</text></title-part></class-title></classification-item></classification-item>
<classification-item breakdown-code="false" not-allocatable="false" level="7" additional-only="false" sort-key="A01M5/00" definition-exists="true" ipc-concordant="A01M5/00" c-set-base-allowed="false" c-set-subsequent-allowed="true" date-revised="2013-01-01" status="published"><classification-symbol>A01M5/00</classification-symbol><class-title date-revised="2013-01-01"><title-part><text>Catching insects in fields, gardens, or forests by movable appliances</text></title-part></class-title>
<classification-item breakdown-code="false" not-allocatable="false" level="8" additional-only="false" sort-key="A01M5/02" definition-exists="false" ipc-concordant="A01M5/02" c-set-base-allowed="false" c-set-subsequent-allowed="true" date-revised="2013-01-01" status="published"><classification-symbol>A01M5/02</classification-symbol><class-title date-revised="2013-01-01"><title-part><text>Portable appliances</text></title-part></class-title></classification-item>
<classification-item breakdown-code="false" not-allocatable="false" level="8" additional-only="false" sort-key="A01M5/04" definition-exists="false" ipc-concordant="A01M5/04" c-set-base-allowed="false" c-set-subsequent-allowed="true" date-revised="2013-01-01" status="published"><classification-symbol>A01M5/04</classification-symbol><class-title date-revised="2013-01-01"><title-part><text>Wheeled machines, with means for stripping-off or brushing-off insects</text></title-part></class-title>
<classification-item breakdown-code="false" not-allocatable="false" level="9" additional-only="false" sort-key="A01M5/06" definition-exists="false" ipc-concordant="A01M5/06" c-set-base-allowed="false" c-set-subsequent-allowed="true" date-revised="2013-01-01" status="published"><classification-symbol>A01M5/06</classification-symbol><class-title date-revised="2013-01-01"><title-part><text>with adhesive surfaces</text></title-part></class-title></classification-item>
<classification-item breakdown-code="false" not-allocatable="false" level="9" additional-only="false" sort-key="A01M5/08" definition-exists="false" ipc-concordant="A01M5/08" c-set-base-allowed="false" c-set-subsequent-allowed="true" date-revised="2013-01-01" status="published"><classification-symbol>A01M5/08</classification-symbol><class-title date-revised="2013-01-01"><title-part><text>with fans</text></title-part></class-title></classification-item></classification-item></classification-item>
<classification-item breakdown-code="false" not-allocatable="false" level="7" additional-only="false" sort-key="A01M7/00" definition-exists="true" ipc-concordant="A01M7/00" c-set-base-allowed="false" c-set-subsequent-allowed="true" date-revised="2018-05-01" status="published"><classification-symbol>A01M7/00</classification-symbol><class-title date-revised="2018-05-01"><title-part><text>Special adaptations or arrangements of liquid-spraying apparatus for purposes covered by this subclass</text></title-part></class-title>
<classification-item breakdown-code="false" not-allocatable="false" level="8" additional-only="false" sort-key="A01M7/0003" definition-exists="false" ipc-concordant="A01M7/00" c-set-base-allowed="false" c-set-subsequent-allowed="true" date-revised="2013-01-01" status="published"><classification-symbol>A01M7/0003</classification-symbol><class-title date-revised="2013-01-01"><title-part><CPC-specific-text><text>Atomisers or mist blowers </text><reference><text>single-unit, i.e. unitary, hand-held apparatus in which flow of liquid or other fluent material is produced by the operator at the moment of use <class-ref scheme="cpc">B05B11/00</class-ref></text></reference></CPC-specific-text></title-part></class-title>
<classification-item breakdown-code="false" not-allocatable="false" level="9" additional-only="false" sort-key="A01M7/0007" definition-exists="false" ipc-concordant="A01M7/00" c-set-base-allowed="false" c-set-subsequent-allowed="true" date-revised="2013-01-01" status="published"><classification-symbol>A01M7/0007</classification-symbol><class-title date-revised="2013-01-01"><title-part><CPC-specific-text><text>mounted on a frame and guided by hand; Atomiser barrow</text></CPC-specific-text></title-part></class-title>
<classification-item breakdown-code="false" not-allocatable="false" level="10" additional-only="false" sort-key="A01M7/001" definition-exists="false" ipc-concordant="A01M7/00" c-set-base-allowed="false" c-set-subsequent-allowed="true" date-revised="2013-01-01" status="published"><classification-symbol>A01M7/001</classification-symbol><class-title date-revised="2013-01-01"><title-part><CPC-specific-text><text>motor-driven</text></CPC-specific-text></title-part></class-title></classification-item></classification-item>
<classification-item breakdown-code="false" not-allocatable="false" level="9" additional-only="false" sort-key="A01M7/0014" definition-exists="false" ipc-concordant="A01M7/00" c-set-base-allowed="false" c-set-subsequent-allowed="true" date-revised="2013-01-01" status="published"><classification-symbol>A01M7/0014</classification-symbol><class-title date-revised="2013-01-01"><title-part><CPC-specific-text><text>Field atomisers, e.g. orchard atomisers, self-propelled, drawn or tractor-mounted</text></CPC-specific-text></title-part></class-title></classification-item>
<classification-item breakdown-code="false" not-allocatable="false" level="9" additional-only="false" sort-key="A01M7/0017" definition-exists="false" ipc-concordant="A01M7/00" c-set-base-allowed="false" c-set-subsequent-allowed="true" date-revised="2013-01-01" status="published"><classification-symbol>A01M7/0017</classification-symbol><class-title date-revised="2013-01-01"><title-part><CPC-specific-text><text>Portable atomisers, e.g. knapsack type </text><reference><text>apparatus to be carried on or by a person <class-ref scheme="cpc">B05B9/08</class-ref></text></reference></CPC-specific-text></title-part></class-title>
<classification-item breakdown-code="false" not-allocatable="false" level="10" additional-only="false" sort-key="A01M7/0021" definition-exists="false" ipc-concordant="A01M7/00" c-set-base-allowed="false" c-set-subsequent-allowed="true" date-revised="2013-01-01" status="published"><classification-symbol>A01M7/0021</classification-symbol><class-title date-revised="2013-01-01"><title-part><CPC-specific-text><text>motor-driven</text></CPC-specific-text></title-part></class-title></classification-item></classification-item></classification-item>
<classification-item breakdown-code="false" not-allocatable="false" level="8" additional-only="false" sort-key="A01M7/0025" definition-exists="false" ipc-concordant="A01M7/00" c-set-base-allowed="false" c-set-subsequent-allowed="true" date-revised="2013-01-01" status="published"><classification-symbol>A01M7/0025</classification-symbol><class-title date-revised="2013-01-01"><title-part><CPC-specific-text><text>Mechanical sprayers</text></CPC-specific-text></title-part></class-title>
<classification-item breakdown-code="false" not-allocatable="false" level="9" additional-only="false" sort-key="A01M7/0028" definition-exists="false" ipc-concordant="A01M7/00" c-set-base-allowed="false" c-set-subsequent-allowed="true" date-revised="2013-01-01" status="published"><classification-symbol>A01M7/0028</classification-symbol><class-title date-revised="2013-01-01"><title-part><CPC-specific-text><text>Centrifugal sprayers </text><reference><text>outlets discharging over substantially the whole periphery of the rotating member <class-ref scheme="cpc">B05B3/10</class-ref></text></reference></CPC-specific-text></title-part></class-title></classification-item>
<classification-item breakdown-code="false" not-allocatable="false" level="9" additional-only="false" sort-key="A01M7/0032" definition-exists="false" ipc-concordant="A01M7/00" c-set-base-allowed="false" c-set-subsequent-allowed="true" date-revised="2013-01-01" status="published"><classification-symbol>A01M7/0032</classification-symbol><class-title date-revised="2013-01-01"><title-part><CPC-specific-text><text>Pressure sprayers</text></CPC-specific-text></title-part></class-title>
<classification-item breakdown-code="false" not-allocatable="false" level="10" additional-only="false" sort-key="A01M7/0035" definition-exists="false" ipc-concordant="A01M7/00" c-set-base-allowed="false" c-set-subsequent-allowed="true" date-revised="2013-01-01" status="published"><classification-symbol>A01M7/0035</classification-symbol><class-title date-revised="2013-01-01"><title-part><CPC-specific-text><text>mounted on a frame and guided by hand; Spray barrow</text></CPC-specific-text></title-part></class-title>
<classification-item breakdown-code="false" not-allocatable="false" level="11" additional-only="false" sort-key="A01M7/0039" definition-exists="false" ipc-concordant="A01M7/00" c-set-base-allowed="false" c-set-subsequent-allowed="true" date-revised="2013-01-01" status="published"><classification-symbol>A01M7/0039</classification-symbol><class-title date-revised="2013-01-01"><title-part><CPC-specific-text><text>motor-driven</text></CPC-specific-text></title-part></class-title></classification-item></classification-item>
<classification-item breakdown-code="false" not-allocatable="false" level="10" additional-only="false" sort-key="A01M7/0042" definition-exists="false" ipc-concordant="A01M7/00" c-set-base-allowed="false" c-set-subsequent-allowed="true" date-revised="2013-01-01" status="published"><classification-symbol>A01M7/0042</classification-symbol><class-title date-revised="2013-01-01"><title-part><CPC-specific-text><text>Field sprayers, e.g. self-propelled, drawn or tractor-mounted</text></CPC-specific-text></title-part></class-title></classification-item>
<classification-item breakdown-code="false" not-allocatable="false" level="10" additional-only="false" sort-key="A01M7/0046" definition-exists="false" ipc-concordant="A01M7/00" c-set-base-allowed="false" c-set-subsequent-allowed="true" date-revised="2013-01-01" status="published"><classification-symbol>A01M7/0046</classification-symbol><class-title date-revised="2013-01-01"><title-part><CPC-specific-text><text>Hand-operated sprayers </text><reference><text>apparatus to be carried on or by a person <class-ref scheme="cpc">B05B9/08</class-ref></text></reference></CPC-specific-text></title-part></class-title></classification-item></classification-item></classification-item>
<classification-item breakdown-code="false" not-allocatable="false" level="8" additional-only="false" sort-key="A01M7/005" definition-exists="false" ipc-concordant="A01M7/00" c-set-base-allowed="false" c-set-subsequent-allowed="true" date-revised="2013-01-01" status="published"><classification-symbol>A01M7/005</classification-symbol><class-title date-revised="2013-01-01"><title-part><CPC-specific-text><text>Special arrangements or adaptations of the spraying or distributing parts, e.g. adaptations or mounting of the spray booms, mounting of the nozzles, protection shields </text><reference><text>nozzles <class-ref scheme="cpc">B05B1/00</class-ref>; spray pistols <class-ref scheme="cpc">B05B9/01</class-ref></text></reference></CPC-specific-text></title-part></class-title>
<classification-item breakdown-code="false" not-allocatable="false" level="9" additional-only="false" sort-key="A01M7/0053" definition-exists="false" ipc-concordant="A01M7/00" c-set-base-allowed="false" c-set-subsequent-allowed="true" date-revised="2013-01-01" status="published"><classification-symbol>A01M7/0053</classification-symbol><class-title date-revised="2013-01-01"><title-part><CPC-specific-text><text>Mounting of the spraybooms</text></CPC-specific-text></title-part></class-title>
<classification-item breakdown-code="false" not-allocatable="false" level="10" additional-only="false" sort-key="A01M7/0057" definition-exists="false" ipc-concordant="A01M7/00" c-set-base-allowed="false" c-set-subsequent-allowed="true" date-revised="2013-01-01" status="published"><classification-symbol>A01M7/0057</classification-symbol><class-title date-revised="2013-01-01"><title-part><CPC-specific-text><text>with active regulation of the boom position</text></CPC-specific-text></title-part></class-title></classification-item></classification-item>
<classification-item breakdown-code="false" not-allocatable="false" level="9" additional-only="false" sort-key="A01M7/006" definition-exists="false" ipc-concordant="A01M7/00" c-set-base-allowed="false" c-set-subsequent-allowed="true" date-revised="2013-01-01" status="published"><classification-symbol>A01M7/006</classification-symbol><class-title date-revised="2013-01-01"><title-part><CPC-specific-text><text>Mounting of the nozzles</text></CPC-specific-text></title-part></class-title></classification-item>
<classification-item breakdown-code="false" not-allocatable="false" level="9" additional-only="false" sort-key="A01M7/0064" definition-exists="false" ipc-concordant="A01M7/00" c-set-base-allowed="false" c-set-subsequent-allowed="true" date-revised="2013-01-01" status="published"><classification-symbol>A01M7/0064</classification-symbol><class-title date-revised="2013-01-01"><title-part><CPC-specific-text><text>Protection shields</text></CPC-specific-text></title-part></class-title>
<classification-item breakdown-code="false" not-allocatable="false" level="10" additional-only="false" sort-key="A01M7/0067" definition-exists="false" ipc-concordant="A01M7/00" c-set-base-allowed="false" c-set-subsequent-allowed="true" date-revised="2013-01-01" status="published"><classification-symbol>A01M7/0067</classification-symbol><class-title date-revised="2013-01-01"><title-part><CPC-specific-text><text>with recovering of liquids</text></CPC-specific-text></title-part></class-title></classification-item></classification-item>
<classification-item breakdown-code="false" not-allocatable="false" level="9" additional-only="false" sort-key="A01M7/0071" definition-exists="false" ipc-concordant="A01M7/00" c-set-base-allowed="false" c-set-subsequent-allowed="true" date-revised="2013-01-01" status="published"><classification-symbol>A01M7/0071</classification-symbol><class-title date-revised="2013-01-01"><title-part><CPC-specific-text><text>Construction of the spray booms</text></CPC-specific-text></title-part></class-title>
<classification-item breakdown-code="false" not-allocatable="false" level="10" additional-only="false" sort-key="A01M7/0075" definition-exists="false" ipc-concordant="A01M7/00" c-set-base-allowed="false" c-set-subsequent-allowed="true" date-revised="2013-01-01" status="published"><classification-symbol>A01M7/0075</classification-symbol><class-title date-revised="2013-01-01"><title-part><CPC-specific-text><text>including folding means</text></CPC-specific-text></title-part></class-title></classification-item>
<classification-item breakdown-code="false" not-allocatable="false" level="10" additional-only="false" sort-key="A01M7/0078" definition-exists="false" ipc-concordant="A01M7/00" c-set-base-allowed="false" c-set-subsequent-allowed="true" date-revised="2013-01-01" status="published"><classification-symbol>A01M7/0078</classification-symbol><class-title date-revised="2013-01-01"><title-part><CPC-specific-text><text>including break-away devices</text></CPC-specific-text></title-part></class-title></classification-item></classification-item></classification-item>
<classification-item breakdown-code="false" not-allocatable="false" level="8" additional-only="false" sort-key="A01M7/0082" definition-exists="false" ipc-concordant="A01M7/00" c-set-base-allowed="false" c-set-subsequent-allowed="true" date-revised="2013-01-01" status="published"><classification-symbol>A01M7/0082</classification-symbol><class-title date-revised="2013-01-01"><title-part><CPC-specific-text><text>Undercarriages, frames, mountings, couplings, tanks</text></CPC-specific-text></title-part></class-title>
<classification-item breakdown-code="false" not-allocatable="false" level="9" additional-only="false" sort-key="A01M7/0085" definition-exists="false" ipc-concordant="A01M7/00" c-set-base-allowed="false" c-set-subsequent-allowed="true" date-revised="2013-01-01" status="published"><classification-symbol>A01M7/0085</classification-symbol><class-title date-revised="2013-01-01"><title-part><CPC-specific-text><text>Tanks</text></CPC-specific-text></title-part></class-title></classification-item></classification-item>
<classification-item breakdown-code="false" not-allocatable="false" level="8" additional-only="false" sort-key="A01M7/0089" definition-exists="false" ipc-concordant="A01M7/00" c-set-base-allowed="false" c-set-subsequent-allowed="true" date-revised="2013-01-01" status="published"><classification-symbol>A01M7/0089</classification-symbol><class-title date-revised="2013-01-01"><title-part><CPC-specific-text><text>Regulating or controlling systems </text><reference><text>the delivery being related to the movement of a vehicle <class-ref scheme="cpc">B05B9/06</class-ref></text></reference></CPC-specific-text></title-part></class-title>
<classification-item breakdown-code="false" not-allocatable="false" level="9" additional-only="false" sort-key="A01M7/0092" definition-exists="false" ipc-concordant="A01M7/00" c-set-base-allowed="false" c-set-subsequent-allowed="true" date-revised="2013-01-01" status="published"><classification-symbol>A01M7/0092</classification-symbol><class-title date-revised="2013-01-01"><title-part><CPC-specific-text><text>Adding active material </text><reference><text>used as well for the introduction of fertilisers in water <class-ref scheme="cpc">A01C23/042</class-ref></text></reference></CPC-specific-text></title-part></class-title></classification-item>
<classification-item breakdown-code="false" not-allocatable="false" level="9" additional-only="false" sort-key="A01M7/0096" definition-exists="false" ipc-concordant="A01M7/00" c-set-base-allowed="false" c-set-subsequent-allowed="true" date-revised="2013-01-01" status="published"><classification-symbol>A01M7/0096</classification-symbol><class-title date-revised="2013-01-01"><title-part><CPC-specific-text><text>Testing of spray-patterns</text></CPC-specific-text></title-part></class-title></classification-item></classification-item></classification-item>
<classification-item breakdown-code="false" not-allocatable="false" level="7" additional-only="false" sort-key="A01M9/00" definition-exists="true" ipc-concordant="A01M9/00" c-set-base-allowed="false" c-set-subsequent-allowed="true" date-revised="2018-05-01" status="published"><classification-symbol>A01M9/00</classification-symbol><class-title date-revised="2018-05-01"><title-part><text>Special adaptations or arrangements of powder-spraying apparatus for purposes covered by this subclass</text></title-part></class-title>
<classification-item breakdown-code="false" not-allocatable="false" level="8" additional-only="false" sort-key="A01M9/0007" definition-exists="false" ipc-concordant="A01M9/00" c-set-base-allowed="false" c-set-subsequent-allowed="true" date-revised="2013-01-01" status="published"><classification-symbol>A01M9/0007</classification-symbol><class-title date-revised="2013-01-01"><title-part><CPC-specific-text><text>Pneumatic dusters </text><reference><text>electrostatic spraying apparatus <class-ref scheme="cpc">B05B5/00</class-ref>; single unit, i.e. unitary, hand-held apparatus, in which flow of fluent material is produced by the operator at the moment of use <class-ref scheme="cpc">B05B11/00</class-ref></text></reference></CPC-specific-text></title-part></class-title>
<classification-item breakdown-code="false" not-allocatable="false" level="9" additional-only="false" sort-key="A01M9/0015" definition-exists="false" ipc-concordant="A01M9/00" c-set-base-allowed="false" c-set-subsequent-allowed="true" date-revised="2013-01-01" status="published"><classification-symbol>A01M9/0015</classification-symbol><class-title date-revised="2013-01-01"><title-part><CPC-specific-text><text>mounted on a frame and guided by hand; Duster barrow </text><reference><text>designed for spraying particulate materials <class-ref scheme="cpc">B05B7/14</class-ref></text></reference></CPC-specific-text></title-part></class-title>
<classification-item breakdown-code="false" not-allocatable="false" level="10" additional-only="false" sort-key="A01M9/0023" definition-exists="false" ipc-concordant="A01M9/00" c-set-base-allowed="false" c-set-subsequent-allowed="true" date-revised="2013-01-01" status="published"><classification-symbol>A01M9/0023</classification-symbol><class-title date-revised="2013-01-01"><title-part><CPC-specific-text><text>motor-driven</text></CPC-specific-text></title-part></class-title></classification-item></classification-item>
<classification-item breakdown-code="false" not-allocatable="false" level="9" additional-only="false" sort-key="A01M9/003" definition-exists="false" ipc-concordant="A01M9/00" c-set-base-allowed="false" c-set-subsequent-allowed="true" date-revised="2013-01-01" status="published"><classification-symbol>A01M9/003</classification-symbol><class-title date-revised="2013-01-01"><title-part><CPC-specific-text><text>Pneumatic field dusters, e.g. self-propelled, drawn or tractor-mounted</text></CPC-specific-text></title-part></class-title></classification-item>
<classification-item breakdown-code="false" not-allocatable="false" level="9" additional-only="false" sort-key="A01M9/0038" definition-exists="false" ipc-concordant="A01M9/00" c-set-base-allowed="false" c-set-subsequent-allowed="true" date-revised="2013-01-01" status="published"><classification-symbol>A01M9/0038</classification-symbol><class-title date-revised="2013-01-01"><title-part><CPC-specific-text><text>Portable pneumatic dusters, e.g. knapsack type </text><reference><text>apparatus to be carried on or by a person <class-ref scheme="cpc">B05B9/08</class-ref></text></reference></CPC-specific-text></title-part></class-title>
<classification-item breakdown-code="false" not-allocatable="false" level="10" additional-only="false" sort-key="A01M9/0046" definition-exists="false" ipc-concordant="A01M9/00" c-set-base-allowed="false" c-set-subsequent-allowed="true" date-revised="2013-01-01" status="published"><classification-symbol>A01M9/0046</classification-symbol><class-title date-revised="2013-01-01"><title-part><CPC-specific-text><text>motor-driven</text></CPC-specific-text></title-part></class-title></classification-item></classification-item></classification-item>
<classification-item breakdown-code="false" not-allocatable="false" level="8" additional-only="false" sort-key="A01M9/0053" definition-exists="false" ipc-concordant="A01M9/00" c-set-base-allowed="false" c-set-subsequent-allowed="true" date-revised="2013-01-01" status="published"><classification-symbol>A01M9/0053</classification-symbol><class-title date-revised="2013-01-01"><title-part><CPC-specific-text><text>Mechanical dusters</text></CPC-specific-text></title-part></class-title>
<classification-item breakdown-code="false" not-allocatable="false" level="9" additional-only="false" sort-key="A01M9/0061" definition-exists="false" ipc-concordant="A01M9/00" c-set-base-allowed="false" c-set-subsequent-allowed="true" date-revised="2013-01-01" status="published"><classification-symbol>A01M9/0061</classification-symbol><class-title date-revised="2013-01-01"><title-part><CPC-specific-text><text>Centrifugal dusters </text><reference><text>used as well as fertilisers or seeders with centrifugal wheels <class-ref scheme="cpc">A01C17/00</class-ref>; outlets discharging over substantially the whole periphery of the rotating member <class-ref scheme="cpc">B05B3/10</class-ref></text></reference></CPC-specific-text></title-part></class-title></classification-item>
<classification-item breakdown-code="false" not-allocatable="false" level="9" additional-only="false" sort-key="A01M9/0069" definition-exists="false" ipc-concordant="A01M9/00" c-set-base-allowed="false" c-set-subsequent-allowed="true" date-revised="2013-01-01" status="published"><classification-symbol>A01M9/0069</classification-symbol><class-title date-revised="2013-01-01"><title-part><CPC-specific-text><text>Gravity dusters</text></CPC-specific-text></title-part></class-title></classification-item></classification-item>
<classification-item breakdown-code="false" not-allocatable="false" level="8" additional-only="false" sort-key="A01M9/0076" definition-exists="false" ipc-concordant="A01M9/00" c-set-base-allowed="false" c-set-subsequent-allowed="true" date-revised="2016-08-01" status="published"><classification-symbol>A01M9/0076</classification-symbol><class-title date-revised="2016-08-01"><title-part><CPC-specific-text><text>Special arrangements or adaptations of the dusting or distributing parts, e.g. mounting of the spray booms, the protection shields </text><reference><text>nozzles <class-ref scheme="cpc">B05B1/00</class-ref>; spray pistols <class-ref scheme="cpc">B05B9/01</class-ref></text></reference></CPC-specific-text></title-part></class-title></classification-item>
<classification-item breakdown-code="false" not-allocatable="false" level="8" additional-only="false" sort-key="A01M9/0084" definition-exists="false" ipc-concordant="A01M9/00" c-set-base-allowed="false" c-set-subsequent-allowed="true" date-revised="2013-01-01" status="published"><classification-symbol>A01M9/0084</classification-symbol><class-title date-revised="2013-01-01"><title-part><CPC-specific-text><text>Undercarriages, frames, couplings, tanks</text></CPC-specific-text></title-part></class-title></classification-item>
<classification-item breakdown-code="false" not-allocatable="false" level="8" additional-only="false" sort-key="A01M9/0092" definition-exists="false" ipc-concordant="A01M9/00" c-set-base-allowed="false" c-set-subsequent-allowed="true" date-revised="2013-01-01" status="published"><classification-symbol>A01M9/0092</classification-symbol><class-title date-revised="2013-01-01"><title-part><CPC-specific-text><text>Regulating or controlling systems </text><reference><text>the delivery being related to the movement of a vehicle <class-ref scheme="cpc">B05B9/06</class-ref></text></reference></CPC-specific-text></title-part></class-title></classification-item></classification-item>
<classification-item breakdown-code="false" not-allocatable="false" level="7" additional-only="false" sort-key="A01M11/00" definition-exists="true" ipc-concordant="A01M11/00" c-set-base-allowed="false" c-set-subsequent-allowed="true" date-revised="2018-05-01" status="published"><classification-symbol>A01M11/00</classification-symbol><class-title date-revised="2018-05-01"><title-part><text>Special adaptations or arrangements of combined liquid- and powder-spraying apparatus for purposes covered by this subclass</text></title-part></class-title></classification-item>
<classification-item breakdown-code="false" not-allocatable="false" level="7" additional-only="false" sort-key="A01M13/00" definition-exists="true" ipc-concordant="A01M13/00" c-set-base-allowed="false" c-set-subsequent-allowed="true" date-revised="2013-01-01" status="published"><classification-symbol>A01M13/00</classification-symbol><class-title date-revised="2013-01-01"><title-part><text>Fumigators</text></title-part><title-part><text>Apparatus for distributing gases </text><CPC-specific-text><reference><text>poisoning or narcotising insects by vaporising an insecticide <class-ref scheme="cpc">A01M1/2022</class-ref></text></reference></CPC-specific-text></title-part></class-title>
<classification-item breakdown-code="false" not-allocatable="false" level="8" additional-only="false" sort-key="A01M13/003" definition-exists="false" ipc-concordant="A01M13/00" c-set-base-allowed="false" c-set-subsequent-allowed="true" date-revised="2013-01-01" status="published"><classification-symbol>A01M13/003</classification-symbol><class-title date-revised="2013-01-01"><title-part><CPC-specific-text><text>Enclosures for fumigation, e.g. containers, bags or housings</text></CPC-specific-text></title-part></class-title></classification-item>
<classification-item breakdown-code="false" not-allocatable="false" level="8" additional-only="false" sort-key="A01M13/006" definition-exists="false" ipc-concordant="A01M13/00" c-set-base-allowed="false" c-set-subsequent-allowed="true" date-revised="2013-01-01" status="published"><classification-symbol>A01M13/006</classification-symbol><class-title date-revised="2013-01-01"><title-part><CPC-specific-text><text>Fumigators specially adapted for destruction of rats or similar animals in holes</text></CPC-specific-text></title-part></class-title></classification-item></classification-item>
<classification-item breakdown-code="false" not-allocatable="false" level="7" additional-only="false" sort-key="A01M15/00" definition-exists="true" ipc-concordant="A01M15/00" c-set-base-allowed="false" c-set-subsequent-allowed="true" date-revised="2018-05-01" status="published"><classification-symbol>A01M15/00</classification-symbol><class-title date-revised="2018-05-01"><title-part><text>Flame-throwers specially adapted for purposes covered by this subclass</text></title-part></class-title></classification-item>
<classification-item breakdown-code="false" not-allocatable="false" level="7" additional-only="false" sort-key="A01M17/00" definition-exists="true" ipc-concordant="A01M17/00" c-set-base-allowed="false" c-set-subsequent-allowed="true" date-revised="2013-01-01" status="published"><classification-symbol>A01M17/00</classification-symbol><class-title date-revised="2013-01-01"><title-part><text>Apparatus for the destruction of vermin in soil or in foodstuffs </text><CPC-specific-text><reference><text>injecting fertilisers into the roots of trees <class-ref scheme="cpc">A01G29/00</class-ref></text></reference></CPC-specific-text></title-part></class-title>
<classification-item breakdown-code="false" not-allocatable="false" level="8" additional-only="false" sort-key="A01M17/002" definition-exists="false" ipc-concordant="A01M17/00" c-set-base-allowed="false" c-set-subsequent-allowed="true" date-revised="2013-01-01" status="published"><classification-symbol>A01M17/002</classification-symbol><class-title date-revised="2013-01-01"><title-part><CPC-specific-text><text>Injection of toxic gases or fluids into the soil </text><reference><text>special arrangements for delivering fertilising liquids directly into the soil <class-ref scheme="cpc">A01C23/02</class-ref></text></reference></CPC-specific-text></title-part></class-title>
<classification-item breakdown-code="false" not-allocatable="false" level="9" additional-only="false" sort-key="A01M17/004" definition-exists="false" ipc-concordant="A01M17/00" c-set-base-allowed="false" c-set-subsequent-allowed="true" date-revised="2013-01-01" status="published"><classification-symbol>A01M17/004</classification-symbol><class-title date-revised="2013-01-01"><title-part><CPC-specific-text><text>Apparatus for gassing rats or similar animals in holes</text></CPC-specific-text></title-part></class-title></classification-item></classification-item>
<classification-item breakdown-code="false" not-allocatable="false" level="8" additional-only="false" sort-key="A01M17/006" definition-exists="false" ipc-concordant="A01M17/00" c-set-base-allowed="false" c-set-subsequent-allowed="true" date-revised="2013-01-01" status="published"><classification-symbol>A01M17/006</classification-symbol><class-title date-revised="2013-01-01"><title-part><CPC-specific-text><text>Destruction of vermin in clothes</text></CPC-specific-text></title-part></class-title></classification-item>
<classification-item breakdown-code="false" not-allocatable="false" level="8" additional-only="false" sort-key="A01M17/008" definition-exists="false" ipc-concordant="A01M17/00" c-set-base-allowed="false" c-set-subsequent-allowed="true" date-revised="2013-01-01" status="published"><classification-symbol>A01M17/008</classification-symbol><class-title date-revised="2013-01-01"><title-part><CPC-specific-text><text>Destruction of vermin in foodstuffs</text></CPC-specific-text></title-part></class-title></classification-item></classification-item>
<classification-item breakdown-code="false" not-allocatable="false" level="7" additional-only="false" sort-key="A01M19/00" definition-exists="true" ipc-concordant="A01M19/00" c-set-base-allowed="false" c-set-subsequent-allowed="true" date-revised="2013-01-01" status="published"><classification-symbol>A01M19/00</classification-symbol><class-title date-revised="2013-01-01"><title-part><text>Apparatus for the destruction of noxious animals, other than insects, by hot water, steam, hot air, or electricity </text><CPC-specific-text><reference><text>electric traps <class-ref scheme="cpc">A01M23/38</class-ref></text></reference></CPC-specific-text></title-part></class-title></classification-item>
<classification-item breakdown-code="false" not-allocatable="false" level="7" additional-only="false" sort-key="A01M21/00" definition-exists="true" ipc-concordant="A01M21/00" c-set-base-allowed="false" c-set-subsequent-allowed="true" date-revised="2018-05-01" status="published"><classification-symbol>A01M21/00</classification-symbol><class-title date-revised="2018-05-01"><title-part><text>Apparatus for the destruction of unwanted vegetation, e.g. weeds </text><reference><text>control of undesirable vegetation on roads or permanent ways of railways <class-ref scheme="cpc">E01H11/00</class-ref></text></reference></title-part></class-title>
<classification-item breakdown-code="false" not-allocatable="false" level="8" additional-only="false" sort-key="A01M21/02" definition-exists="false" ipc-concordant="A01M21/02" c-set-base-allowed="false" c-set-subsequent-allowed="true" date-revised="2013-01-01" status="published"><classification-symbol>A01M21/02</classification-symbol><class-title date-revised="2013-01-01"><title-part><text>Apparatus for mechanical destruction </text><CPC-specific-text><reference><text>hand-tools for uprooting weeds <class-ref scheme="cpc">A01B1/16</class-ref>; machines for working soil and for weeding <class-ref scheme="cpc">A01B39/18</class-ref>; harvesting machines <class-ref scheme="cpc">A01D</class-ref>; cutting implements <class-ref scheme="cpc">A01G3/00</class-ref></text></reference></CPC-specific-text></title-part></class-title></classification-item>
<classification-item breakdown-code="false" not-allocatable="false" level="8" additional-only="false" sort-key="A01M21/04" definition-exists="false" ipc-concordant="A01M21/04" c-set-base-allowed="false" c-set-subsequent-allowed="true" date-revised="2013-01-01" status="published"><classification-symbol>A01M21/04</classification-symbol><class-title date-revised="2013-01-01"><title-part><text>Apparatus for destruction by steam, chemicals, burning, or electricity </text><CPC-specific-text><reference><text>apparatus for burning <class-ref scheme="cpc">A01M15/00</class-ref></text></reference></CPC-specific-text></title-part></class-title>
<classification-item breakdown-code="false" not-allocatable="false" level="9" additional-only="false" sort-key="A01M21/043" definition-exists="false" ipc-concordant="A01M21/04" c-set-base-allowed="false" c-set-subsequent-allowed="true" date-revised="2013-01-01" status="published"><classification-symbol>A01M21/043</classification-symbol><class-title date-revised="2013-01-01"><title-part><CPC-specific-text><text>by chemicals</text></CPC-specific-text></title-part></class-title></classification-item>
<classification-item breakdown-code="false" not-allocatable="false" level="9" additional-only="false" sort-key="A01M21/046" definition-exists="false" ipc-concordant="A01M21/04" c-set-base-allowed="false" c-set-subsequent-allowed="true" date-revised="2013-01-01" status="published"><classification-symbol>A01M21/046</classification-symbol><class-title date-revised="2013-01-01"><title-part><CPC-specific-text><text>by electricity</text></CPC-specific-text></title-part></class-title></classification-item></classification-item></classification-item>
<classification-item breakdown-code="false" not-allocatable="false" level="7" additional-only="false" sort-key="A01M23/00" definition-exists="true" ipc-concordant="A01M23/00" c-set-base-allowed="false" c-set-subsequent-allowed="true" date-revised="2013-01-01" status="published"><classification-symbol>A01M23/00</classification-symbol><class-title date-revised="2013-01-01"><title-part><text>Traps for animals</text></title-part></class-title>
<classification-item breakdown-code="false" not-allocatable="false" level="8" additional-only="false" sort-key="A01M23/005" definition-exists="false" ipc-concordant="A01M23/00" c-set-base-allowed="false" c-set-subsequent-allowed="true" date-revised="2013-01-01" status="published"><classification-symbol>A01M23/005</classification-symbol><class-title date-revised="2013-01-01"><title-part><CPC-specific-text><text>with sticky surfaces </text><reference><text>for insects <class-ref scheme="cpc">A01M1/14</class-ref></text></reference></CPC-specific-text></title-part></class-title></classification-item>
<classification-item breakdown-code="false" not-allocatable="false" level="8" additional-only="false" sort-key="A01M23/02" definition-exists="false" ipc-concordant="A01M23/02" c-set-base-allowed="false" c-set-subsequent-allowed="true" date-revised="2013-01-01" status="published"><classification-symbol>A01M23/02</classification-symbol><class-title date-revised="2013-01-01"><title-part><text>Collecting-traps</text></title-part></class-title>
<classification-item breakdown-code="false" not-allocatable="false" level="9" additional-only="false" sort-key="A01M23/04" definition-exists="false" ipc-concordant="A01M23/04" c-set-base-allowed="false" c-set-subsequent-allowed="true" date-revised="2013-01-01" status="published"><classification-symbol>A01M23/04</classification-symbol><class-title date-revised="2013-01-01"><title-part><text>with tipping platforms</text></title-part></class-title>
<classification-item breakdown-code="false" not-allocatable="false" level="10" additional-only="false" sort-key="A01M23/06" definition-exists="false" ipc-concordant="A01M23/06" c-set-base-allowed="false" c-set-subsequent-allowed="true" date-revised="2013-01-01" status="published"><classification-symbol>A01M23/06</classification-symbol><class-title date-revised="2013-01-01"><title-part><text>with locking mechanism for the tipping platform</text></title-part></class-title></classification-item></classification-item>
<classification-item breakdown-code="false" not-allocatable="false" level="9" additional-only="false" sort-key="A01M23/08" definition-exists="false" ipc-concordant="A01M23/08" c-set-base-allowed="false" c-set-subsequent-allowed="true" date-revised="2013-01-01" status="published"><classification-symbol>A01M23/08</classification-symbol><class-title date-revised="2013-01-01"><title-part><text>with approaches permitting entry only</text></title-part></class-title></classification-item>
<classification-item breakdown-code="false" not-allocatable="false" level="9" additional-only="false" sort-key="A01M23/10" definition-exists="false" ipc-concordant="A01M23/10" c-set-base-allowed="false" c-set-subsequent-allowed="true" date-revised="2013-01-01" status="published"><classification-symbol>A01M23/10</classification-symbol><class-title date-revised="2013-01-01"><title-part><text>with rotating cylinders or turnstiles</text></title-part></class-title></classification-item>
<classification-item breakdown-code="false" not-allocatable="false" level="9" additional-only="false" sort-key="A01M23/12" definition-exists="false" ipc-concordant="A01M23/12" c-set-base-allowed="false" c-set-subsequent-allowed="true" date-revised="2013-01-01" status="published"><classification-symbol>A01M23/12</classification-symbol><class-title date-revised="2013-01-01"><title-part><text>with devices for throwing the animal to a collecting chamber</text></title-part></class-title></classification-item>
<classification-item breakdown-code="false" not-allocatable="false" level="9" additional-only="false" sort-key="A01M23/14" definition-exists="false" ipc-concordant="A01M23/14" c-set-base-allowed="false" c-set-subsequent-allowed="true" date-revised="2013-01-01" status="published"><classification-symbol>A01M23/14</classification-symbol><class-title date-revised="2013-01-01"><title-part><text>Other traps automatically reset</text></title-part></class-title></classification-item></classification-item>
<classification-item breakdown-code="false" not-allocatable="false" level="8" additional-only="false" sort-key="A01M23/16" definition-exists="false" ipc-concordant="A01M23/16" c-set-base-allowed="false" c-set-subsequent-allowed="true" date-revised="2013-01-01" status="published"><classification-symbol>A01M23/16</classification-symbol><class-title date-revised="2013-01-01"><title-part><text>Box traps</text></title-part></class-title>
<classification-item breakdown-code="false" not-allocatable="false" level="9" additional-only="false" sort-key="A01M23/18" definition-exists="false" ipc-concordant="A01M23/18" c-set-base-allowed="false" c-set-subsequent-allowed="true" date-revised="2013-01-01" status="published"><classification-symbol>A01M23/18</classification-symbol><class-title date-revised="2013-01-01"><title-part><text>with pivoted closure flaps</text></title-part></class-title></classification-item>
<classification-item breakdown-code="false" not-allocatable="false" level="9" additional-only="false" sort-key="A01M23/20" definition-exists="false" ipc-concordant="A01M23/20" c-set-base-allowed="false" c-set-subsequent-allowed="true" date-revised="2013-01-01" status="published"><classification-symbol>A01M23/20</classification-symbol><class-title date-revised="2013-01-01"><title-part><text>with dropping doors or slides</text></title-part></class-title></classification-item>
<classification-item breakdown-code="false" not-allocatable="false" level="9" additional-only="false" sort-key="A01M23/22" definition-exists="false" ipc-concordant="A01M23/22" c-set-base-allowed="false" c-set-subsequent-allowed="true" date-revised="2013-01-01" status="published"><classification-symbol>A01M23/22</classification-symbol><class-title date-revised="2013-01-01"><title-part><text>with dropping covers</text></title-part></class-title></classification-item></classification-item>
<classification-item breakdown-code="false" not-allocatable="false" level="8" additional-only="false" sort-key="A01M23/24" definition-exists="false" ipc-concordant="A01M23/24" c-set-base-allowed="false" c-set-subsequent-allowed="true" date-revised="2013-01-01" status="published"><classification-symbol>A01M23/24</classification-symbol><class-title date-revised="2013-01-01"><title-part><CPC-specific-text><text>Spring traps, e.g.</text></CPC-specific-text><text> jaw or like spring traps</text></title-part></class-title>
<classification-item breakdown-code="false" not-allocatable="false" level="9" additional-only="false" sort-key="A01M23/245" definition-exists="false" ipc-concordant="A01M23/24" c-set-base-allowed="false" c-set-subsequent-allowed="true" date-revised="2013-01-01" status="published"><classification-symbol>A01M23/245</classification-symbol><class-title date-revised="2013-01-01"><title-part><CPC-specific-text><text>Auxiliary devices for spring traps, e.g. attaching systems</text></CPC-specific-text></title-part></class-title></classification-item>
<classification-item breakdown-code="false" not-allocatable="false" level="9" additional-only="false" sort-key="A01M23/26" definition-exists="false" ipc-concordant="A01M23/26" c-set-base-allowed="false" c-set-subsequent-allowed="true" date-revised="2013-01-01" status="published"><classification-symbol>A01M23/26</classification-symbol><class-title date-revised="2013-01-01"><title-part><text>of the double-jaw or pincer type</text></title-part></class-title>
<classification-item breakdown-code="false" not-allocatable="false" level="10" additional-only="false" sort-key="A01M23/265" definition-exists="false" ipc-concordant="A01M23/26" c-set-base-allowed="false" c-set-subsequent-allowed="true" date-revised="2013-01-01" status="published"><classification-symbol>A01M23/265</classification-symbol><class-title date-revised="2013-01-01"><title-part><CPC-specific-text><text>of the pincer type</text></CPC-specific-text></title-part></class-title></classification-item>
<classification-item breakdown-code="false" not-allocatable="false" level="10" additional-only="false" sort-key="A01M23/28" definition-exists="false" ipc-concordant="A01M23/28" c-set-base-allowed="false" c-set-subsequent-allowed="true" date-revised="2013-01-01" status="published"><classification-symbol>A01M23/28</classification-symbol><class-title date-revised="2013-01-01"><title-part><text>Jaw trap setting-devices</text></title-part></class-title></classification-item></classification-item>
<classification-item breakdown-code="false" not-allocatable="false" level="9" additional-only="false" sort-key="A01M23/30" definition-exists="false" ipc-concordant="A01M23/30" c-set-base-allowed="false" c-set-subsequent-allowed="true" date-revised="2017-08-01" status="published"><classification-symbol>A01M23/30</classification-symbol><class-title date-revised="2017-08-01"><title-part><text>Break-back traps </text><CPC-specific-text><text>, i.e. mouse-trap type</text></CPC-specific-text></title-part></class-title></classification-item>
<classification-item breakdown-code="false" not-allocatable="false" level="9" additional-only="false" sort-key="A01M23/32" definition-exists="false" ipc-concordant="A01M23/32" c-set-base-allowed="false" c-set-subsequent-allowed="true" date-revised="2013-01-01" status="published"><classification-symbol>A01M23/32</classification-symbol><class-title date-revised="2013-01-01"><title-part><text>Racket net traps</text></title-part></class-title></classification-item>
<classification-item breakdown-code="false" not-allocatable="false" level="9" additional-only="false" sort-key="A01M23/34" definition-exists="false" ipc-concordant="A01M23/34" c-set-base-allowed="false" c-set-subsequent-allowed="true" date-revised="2013-01-01" status="published"><classification-symbol>A01M23/34</classification-symbol><class-title date-revised="2013-01-01"><title-part><text>with snares</text></title-part></class-title></classification-item>
<classification-item breakdown-code="false" not-allocatable="false" level="9" additional-only="false" sort-key="A01M23/36" definition-exists="false" ipc-concordant="A01M23/36" c-set-base-allowed="false" c-set-subsequent-allowed="true" date-revised="2013-01-01" status="published"><classification-symbol>A01M23/36</classification-symbol><class-title date-revised="2013-01-01"><title-part><text>with arrangements for piercing the victim</text></title-part></class-title></classification-item></classification-item>
<classification-item breakdown-code="false" not-allocatable="false" level="8" additional-only="false" sort-key="A01M23/38" definition-exists="false" ipc-concordant="A01M23/38" c-set-base-allowed="false" c-set-subsequent-allowed="true" date-revised="2013-01-01" status="published"><classification-symbol>A01M23/38</classification-symbol><class-title date-revised="2013-01-01"><title-part><text>Electric traps</text></title-part></class-title></classification-item></classification-item>
<classification-item breakdown-code="false" not-allocatable="false" level="7" additional-only="false" sort-key="A01M25/00" definition-exists="true" ipc-concordant="A01M25/00" c-set-base-allowed="false" c-set-subsequent-allowed="true" date-revised="2013-01-01" status="published"><classification-symbol>A01M25/00</classification-symbol><class-title date-revised="2013-01-01"><title-part><text>Devices for dispensing poison for animals </text><reference><text><class-ref scheme="cpc">A01M27/00</class-ref> takes precedence; for insects <class-ref scheme="cpc">A01M1/20</class-ref></text></reference></title-part></class-title>
<classification-item breakdown-code="false" not-allocatable="false" level="8" additional-only="false" sort-key="A01M25/002" definition-exists="false" ipc-concordant="A01M25/00" c-set-base-allowed="false" c-set-subsequent-allowed="true" date-revised="2013-01-01" status="published"><classification-symbol>A01M25/002</classification-symbol><class-title date-revised="2013-01-01"><title-part><CPC-specific-text><text>Bait holders, i.e. stationary devices for holding poisonous bait at the disposal of the animal</text></CPC-specific-text></title-part></class-title>
<classification-item breakdown-code="false" not-allocatable="false" level="9" additional-only="false" sort-key="A01M25/004" definition-exists="false" ipc-concordant="A01M25/00" c-set-base-allowed="false" c-set-subsequent-allowed="true" date-revised="2013-01-01" status="published"><classification-symbol>A01M25/004</classification-symbol><class-title date-revised="2013-01-01"><title-part><CPC-specific-text><text>Bait stations, i.e. boxes completely enclosing the bait and provided with animal entrances</text></CPC-specific-text></title-part></class-title></classification-item></classification-item>
<classification-item breakdown-code="false" not-allocatable="false" level="8" additional-only="false" sort-key="A01M25/006" definition-exists="false" ipc-concordant="A01M25/00" c-set-base-allowed="false" c-set-subsequent-allowed="true" date-revised="2013-01-01" status="published"><classification-symbol>A01M25/006</classification-symbol><class-title date-revised="2013-01-01"><title-part><CPC-specific-text><text>Poison applicators, i.e. mobile devices for disposing poison wherever required, e.g. into holes, burrows, walls or ground</text></CPC-specific-text></title-part></class-title></classification-item>
<classification-item breakdown-code="false" not-allocatable="false" level="8" additional-only="false" sort-key="A01M25/008" definition-exists="false" ipc-concordant="A01M25/00" c-set-base-allowed="false" c-set-subsequent-allowed="true" date-revised="2013-01-01" status="published"><classification-symbol>A01M25/008</classification-symbol><class-title date-revised="2013-01-01"><title-part><CPC-specific-text><text>Devices specially adapted for snails, e.g. bait stations therefor </text><reference><text>protective devices against snails <class-ref scheme="cpc">A01G13/105</class-ref></text></reference></CPC-specific-text></title-part></class-title></classification-item></classification-item>
<classification-item breakdown-code="false" not-allocatable="false" level="7" additional-only="false" sort-key="A01M27/00" definition-exists="true" ipc-concordant="A01M27/00" c-set-base-allowed="false" c-set-subsequent-allowed="true" date-revised="2013-01-01" status="published"><classification-symbol>A01M27/00</classification-symbol><class-title date-revised="2013-01-01"><title-part><text>Apparatus having projectiles or killing implements projected to kill the animal, e.g. pierce or shoot, and triggered thereby</text></title-part></class-title></classification-item>
<classification-item breakdown-code="false" not-allocatable="false" level="7" additional-only="false" sort-key="A01M29/00" definition-exists="true" ipc-concordant="A01M29/00" c-set-base-allowed="false" c-set-subsequent-allowed="true" date-revised="2013-01-01" status="published"><classification-symbol>A01M29/00</classification-symbol><class-title date-revised="2013-01-01"><title-part><text>Scaring or repelling devices, e.g. bird-scaring apparatus</text></title-part></class-title>
<classification-item breakdown-code="false" not-allocatable="false" level="8" additional-only="false" sort-key="A01M29/06" definition-exists="false" ipc-concordant="A01M29/06" c-set-base-allowed="false" c-set-subsequent-allowed="true" date-revised="2013-01-01" status="published"><classification-symbol>A01M29/06</classification-symbol><class-title date-revised="2013-01-01"><title-part><text>using visual means, e.g. scarecrows, moving elements, specific shapes, patterns or the like</text></title-part></class-title>
<classification-item breakdown-code="false" not-allocatable="false" level="9" additional-only="false" sort-key="A01M29/08" definition-exists="false" ipc-concordant="A01M29/08" c-set-base-allowed="false" c-set-subsequent-allowed="true" date-revised="2013-01-01" status="published"><classification-symbol>A01M29/08</classification-symbol><class-title date-revised="2013-01-01"><title-part><text>using reflection, colours or films with specific transparency or reflectivity</text></title-part></class-title></classification-item>
<classification-item breakdown-code="false" not-allocatable="false" level="9" additional-only="false" sort-key="A01M29/10" definition-exists="false" ipc-concordant="A01M29/10" c-set-base-allowed="false" c-set-subsequent-allowed="true" date-revised="2013-01-01" status="published"><classification-symbol>A01M29/10</classification-symbol><class-title date-revised="2013-01-01"><title-part><text>using light sources, e.g. lasers or flashing lights</text></title-part></class-title></classification-item></classification-item>
<classification-item breakdown-code="false" not-allocatable="false" level="8" additional-only="false" sort-key="A01M29/12" definition-exists="false" ipc-concordant="A01M29/12" c-set-base-allowed="false" c-set-subsequent-allowed="true" date-revised="2013-01-01" status="published"><classification-symbol>A01M29/12</classification-symbol><class-title date-revised="2013-01-01"><title-part><text>using odoriferous substances, e.g. aromas, pheromones or chemical agents</text></title-part></class-title></classification-item>
<classification-item breakdown-code="false" not-allocatable="false" level="8" additional-only="false" sort-key="A01M29/14" definition-exists="false" ipc-concordant="A01M29/14" c-set-base-allowed="false" c-set-subsequent-allowed="true" date-revised="2013-01-01" status="published"><classification-symbol>A01M29/14</classification-symbol><class-title date-revised="2013-01-01"><title-part><text>using thermal effects</text></title-part></class-title></classification-item>
<classification-item breakdown-code="false" not-allocatable="false" level="8" additional-only="false" sort-key="A01M29/16" definition-exists="false" ipc-concordant="A01M29/16" c-set-base-allowed="false" c-set-subsequent-allowed="true" date-revised="2013-01-01" status="published"><classification-symbol>A01M29/16</classification-symbol><class-title date-revised="2013-01-01"><title-part><text>using sound waves</text></title-part></class-title>
<classification-item breakdown-code="false" not-allocatable="false" level="9" additional-only="false" sort-key="A01M29/18" definition-exists="false" ipc-concordant="A01M29/18" c-set-base-allowed="false" c-set-subsequent-allowed="true" date-revised="2013-01-01" status="published"><classification-symbol>A01M29/18</classification-symbol><class-title date-revised="2013-01-01"><title-part><text>using ultrasonic signals</text></title-part></class-title></classification-item>
<classification-item breakdown-code="false" not-allocatable="false" level="9" additional-only="false" sort-key="A01M29/20" definition-exists="false" ipc-concordant="A01M29/20" c-set-base-allowed="false" c-set-subsequent-allowed="true" date-revised="2013-01-01" status="published"><classification-symbol>A01M29/20</classification-symbol><class-title date-revised="2013-01-01"><title-part><text>with generation of periodically explosive reports</text></title-part></class-title></classification-item></classification-item>
<classification-item breakdown-code="false" not-allocatable="false" level="8" additional-only="false" sort-key="A01M29/22" definition-exists="false" ipc-concordant="A01M29/22" c-set-base-allowed="false" c-set-subsequent-allowed="true" date-revised="2013-01-01" status="published"><classification-symbol>A01M29/22</classification-symbol><class-title date-revised="2013-01-01"><title-part><text>using vibrations </text><reference><text><class-ref scheme="cpc">A01M29/16</class-ref> takes precedence</text></reference></title-part></class-title></classification-item>
<classification-item breakdown-code="false" not-allocatable="false" level="8" additional-only="false" sort-key="A01M29/24" definition-exists="false" ipc-concordant="A01M29/24" c-set-base-allowed="false" c-set-subsequent-allowed="true" date-revised="2013-01-01" status="published"><classification-symbol>A01M29/24</classification-symbol><class-title date-revised="2013-01-01"><title-part><text>using electric or magnetic effects, e.g. electric shocks, magnetic fields or microwaves</text></title-part></class-title>
<classification-item breakdown-code="false" not-allocatable="false" level="9" additional-only="false" sort-key="A01M29/26" definition-exists="false" ipc-concordant="A01M29/26" c-set-base-allowed="false" c-set-subsequent-allowed="true" date-revised="2013-01-01" status="published"><classification-symbol>A01M29/26</classification-symbol><class-title date-revised="2013-01-01"><title-part><text>specially adapted for birds, e.g. electrified rods, cords or strips</text></title-part></class-title></classification-item>
<classification-item breakdown-code="false" not-allocatable="false" level="9" additional-only="false" sort-key="A01M29/28" definition-exists="false" ipc-concordant="A01M29/28" c-set-base-allowed="false" c-set-subsequent-allowed="true" date-revised="2013-01-01" status="published"><classification-symbol>A01M29/28</classification-symbol><class-title date-revised="2013-01-01"><title-part><text>specially adapted for insects</text></title-part></class-title></classification-item></classification-item>
<classification-item breakdown-code="false" not-allocatable="false" level="8" additional-only="false" sort-key="A01M29/30" definition-exists="false" ipc-concordant="A01M29/30" c-set-base-allowed="false" c-set-subsequent-allowed="true" date-revised="2013-01-01" status="published"><classification-symbol>A01M29/30</classification-symbol><class-title date-revised="2013-01-01"><title-part><text>preventing or obstructing access or passage, e.g. by means of barriers, spikes, cords, obstacles or sprinkled water</text></title-part></class-title>
<classification-item breakdown-code="false" not-allocatable="false" level="9" additional-only="false" sort-key="A01M29/32" definition-exists="false" ipc-concordant="A01M29/32" c-set-base-allowed="false" c-set-subsequent-allowed="true" date-revised="2013-01-01" status="published"><classification-symbol>A01M29/32</classification-symbol><class-title date-revised="2013-01-01"><title-part><text>specially adapted for birds, e.g. spikes</text></title-part></class-title></classification-item>
<classification-item breakdown-code="false" not-allocatable="false" level="9" additional-only="false" sort-key="A01M29/34" definition-exists="false" ipc-concordant="A01M29/34" c-set-base-allowed="false" c-set-subsequent-allowed="true" date-revised="2013-01-01" status="published"><classification-symbol>A01M29/34</classification-symbol><class-title date-revised="2013-01-01"><title-part><text>specially adapted for insects</text></title-part></class-title></classification-item></classification-item></classification-item>
<classification-item breakdown-code="false" not-allocatable="false" level="7" additional-only="false" sort-key="A01M31/00" definition-exists="true" ipc-concordant="A01M31/00" c-set-base-allowed="false" c-set-subsequent-allowed="true" date-revised="2013-01-01" status="published"><classification-symbol>A01M31/00</classification-symbol><class-title date-revised="2013-01-01"><title-part><text>Hunting appliances</text></title-part></class-title>
<classification-item breakdown-code="false" not-allocatable="false" level="8" additional-only="false" sort-key="A01M31/002" definition-exists="false" ipc-concordant="A01M31/00" c-set-base-allowed="false" c-set-subsequent-allowed="true" date-revised="2013-01-01" status="published"><classification-symbol>A01M31/002</classification-symbol><class-title date-revised="2013-01-01"><title-part><CPC-specific-text><text>Detecting animals in a given area</text></CPC-specific-text></title-part></class-title></classification-item>
<classification-item breakdown-code="false" not-allocatable="false" level="8" additional-only="false" sort-key="A01M31/004" definition-exists="false" ipc-concordant="A01M31/00" c-set-base-allowed="false" c-set-subsequent-allowed="true" date-revised="2013-01-01" status="published"><classification-symbol>A01M31/004</classification-symbol><class-title date-revised="2013-01-01"><title-part><CPC-specific-text><text>Game callers</text></CPC-specific-text></title-part></class-title></classification-item>
<classification-item breakdown-code="false" not-allocatable="false" level="8" additional-only="false" sort-key="A01M31/006" definition-exists="false" ipc-concordant="A01M31/00" c-set-base-allowed="false" c-set-subsequent-allowed="true" date-revised="2013-01-01" status="published"><classification-symbol>A01M31/006</classification-symbol><class-title date-revised="2013-01-01"><title-part><CPC-specific-text><text>Game carriers</text></CPC-specific-text></title-part></class-title></classification-item>
<classification-item breakdown-code="false" not-allocatable="false" level="8" additional-only="false" sort-key="A01M31/008" definition-exists="false" ipc-concordant="A01M31/00" c-set-base-allowed="false" c-set-subsequent-allowed="true" date-revised="2013-01-01" status="published"><classification-symbol>A01M31/008</classification-symbol><class-title date-revised="2013-01-01"><title-part><CPC-specific-text><text>Lure dispensing devices</text></CPC-specific-text></title-part></class-title></classification-item>
<classification-item breakdown-code="false" not-allocatable="false" level="8" additional-only="false" sort-key="A01M31/02" definition-exists="true" ipc-concordant="A01M31/02" c-set-base-allowed="false" c-set-subsequent-allowed="true" date-revised="2018-05-01" status="published"><classification-symbol>A01M31/02</classification-symbol><class-title date-revised="2018-05-01"><title-part><text>Shooting stands</text></title-part></class-title>
<classification-item breakdown-code="false" not-allocatable="false" level="9" additional-only="false" sort-key="A01M31/025" definition-exists="false" ipc-concordant="A01M31/02" c-set-base-allowed="false" c-set-subsequent-allowed="true" date-revised="2013-01-01" status="published"><classification-symbol>A01M31/025</classification-symbol><class-title date-revised="2013-01-01"><title-part><CPC-specific-text><text>Hunting blinds, i.e. camouflage</text></CPC-specific-text></title-part></class-title></classification-item></classification-item>
<classification-item breakdown-code="false" not-allocatable="false" level="8" additional-only="false" sort-key="A01M31/04" definition-exists="false" ipc-concordant="A01M31/04" c-set-base-allowed="false" c-set-subsequent-allowed="true" date-revised="2013-01-01" status="published"><classification-symbol>A01M31/04</classification-symbol><class-title date-revised="2013-01-01"><title-part><text>Beater rattles</text></title-part></class-title></classification-item>
<classification-item breakdown-code="false" not-allocatable="false" level="8" additional-only="false" sort-key="A01M31/06" definition-exists="false" ipc-concordant="A01M31/06" c-set-base-allowed="false" c-set-subsequent-allowed="true" date-revised="2013-01-01" status="published"><classification-symbol>A01M31/06</classification-symbol><class-title date-revised="2013-01-01"><title-part><text>Decoys</text></title-part></class-title></classification-item></classification-item>
<classification-item breakdown-code="false" not-allocatable="false" level="7" additional-only="false" sort-key="A01M99/00" definition-exists="false" ipc-concordant="A01M99/00" c-set-base-allowed="false" c-set-subsequent-allowed="true" date-revised="2013-01-01" status="published"><classification-symbol>A01M99/00</classification-symbol><class-title date-revised="2013-01-01"><title-part><text>Subject matter not provided for in other groups of this subclass</text></title-part></class-title></classification-item></classification-item>
<classification-item breakdown-code="false" not-allocatable="true" level="6" additional-only="true" sort-key="A01M200/00" date-revised="2013-01-01" status="published"><classification-symbol>A01M2200/00</classification-symbol>
<classification-item breakdown-code="true" not-allocatable="false" level="7" additional-only="true" sort-key="A01M200/00" definition-exists="false" ipc-concordant="CPCONLY" c-set-base-allowed="false" c-set-subsequent-allowed="true" date-revised="2013-01-01" status="published"><classification-symbol>A01M2200/00</classification-symbol><class-title date-revised="2013-01-01"><title-part><text>Kind of animal</text></title-part></class-title>
<classification-item breakdown-code="true" not-allocatable="false" level="8" additional-only="true" sort-key="A01M200/01" definition-exists="false" ipc-concordant="CPCONLY" c-set-base-allowed="false" c-set-subsequent-allowed="true" date-revised="2013-01-01" status="published"><classification-symbol>A01M2200/01</classification-symbol><class-title date-revised="2013-01-01"><title-part><text>Insects</text></title-part></class-title>
<classification-item breakdown-code="true" not-allocatable="false" level="9" additional-only="true" sort-key="A01M200/011" definition-exists="false" ipc-concordant="CPCONLY" c-set-base-allowed="false" c-set-subsequent-allowed="true" date-revised="2013-01-01" status="published"><classification-symbol>A01M2200/011</classification-symbol><class-title date-revised="2013-01-01"><title-part><text>Crawling insects</text></title-part></class-title></classification-item>
<classification-item breakdown-code="true" not-allocatable="false" level="9" additional-only="true" sort-key="A01M200/012" definition-exists="false" ipc-concordant="CPCONLY" c-set-base-allowed="false" c-set-subsequent-allowed="true" date-revised="2013-01-01" status="published"><classification-symbol>A01M2200/012</classification-symbol><class-title date-revised="2013-01-01"><title-part><text>Flying insects</text></title-part></class-title></classification-item></classification-item></classification-item></classification-item></classification-item></class-scheme>