<?xml version="1.0" encoding="UTF-8"?>
<class-scheme publication-date="2021-05-01" scheme-type="cpc" publication-type="official">
<classification-item breakdown-code="false" not-allocatable="true" level="5" additional-only="false" sort-key="A41F" definition-exists="true" date-revised="2018-08-01" status="published"><classification-symbol>A41F</classification-symbol><class-title date-revised="2013-01-01"><title-part><text>GARMENT FASTENINGS</text></title-part><title-part><text>SUSPENDERS</text></title-part></class-title><notes-and-warnings><note type="warning"><note-paragraph>In this subclass non-limiting references (in the sense of paragraph 39 of the Guide to the IPC) may still be displayed in the scheme.</note-paragraph></note></notes-and-warnings>
<classification-item breakdown-code="false" not-allocatable="true" level="6" additional-only="false" sort-key="A41F1/00" date-revised="2013-01-01" status="published"><classification-symbol>A41F1/00</classification-symbol>
<classification-item breakdown-code="false" not-allocatable="false" level="7" additional-only="false" sort-key="A41F1/00" definition-exists="true" ipc-concordant="A41F1/00" c-set-base-allowed="false" c-set-subsequent-allowed="true" date-revised="2017-08-01" status="published"><classification-symbol>A41F1/00</classification-symbol><class-title date-revised="2017-08-01"><title-part><text>Fastening devices specially adapted for garments </text><reference><CPC-specific-text><text>for pairing socks <class-ref scheme="cpc">A41B11/002</class-ref>; for fur garments <class-ref scheme="cpc">A41D5/006</class-ref></text></CPC-specific-text><text>; fastening devices in general <class-ref scheme="cpc">A44B</class-ref>  </text><CPC-specific-text><text>; for babies&apos; napkins <class-ref scheme="cpc">A61F13/56</class-ref></text></CPC-specific-text></reference></title-part></class-title>
<classification-item breakdown-code="false" not-allocatable="false" level="8" additional-only="false" sort-key="A41F1/002" definition-exists="true" ipc-concordant="A41F1/00" c-set-base-allowed="false" c-set-subsequent-allowed="true" date-revised="2013-01-01" status="published"><classification-symbol>A41F1/002</classification-symbol><class-title date-revised="2013-01-01"><title-part><CPC-specific-text><text>Magnetic fastening devices</text></CPC-specific-text></title-part></class-title></classification-item>
<classification-item breakdown-code="false" not-allocatable="false" level="8" additional-only="false" sort-key="A41F1/004" definition-exists="true" ipc-concordant="A41F1/00" c-set-base-allowed="false" c-set-subsequent-allowed="true" date-revised="2013-01-01" status="published"><classification-symbol>A41F1/004</classification-symbol><class-title date-revised="2013-01-01"><title-part><CPC-specific-text><text>Strips of buttons</text></CPC-specific-text></title-part></class-title></classification-item>
<classification-item breakdown-code="false" not-allocatable="false" level="8" additional-only="false" sort-key="A41F1/006" definition-exists="true" ipc-concordant="A41F1/00" c-set-base-allowed="false" c-set-subsequent-allowed="true" date-revised="2013-01-01" status="published"><classification-symbol>A41F1/006</classification-symbol><class-title date-revised="2013-01-01"><title-part><CPC-specific-text><text>Brassi&#233;re fasteners</text></CPC-specific-text></title-part></class-title></classification-item>
<classification-item breakdown-code="false" not-allocatable="false" level="8" additional-only="false" sort-key="A41F1/008" definition-exists="true" ipc-concordant="A41F1/00" c-set-base-allowed="false" c-set-subsequent-allowed="true" date-revised="2013-01-01" status="published"><classification-symbol>A41F1/008</classification-symbol><class-title date-revised="2013-01-01"><title-part><CPC-specific-text><text>Adjustable fasteners comprising a track and a slide member </text><reference><text>expansible or adjustable belts or girdles <class-ref scheme="cpc">A41F9/02</class-ref></text></reference></CPC-specific-text></title-part></class-title></classification-item>
<classification-item breakdown-code="false" not-allocatable="false" level="8" additional-only="false" sort-key="A41F1/02" definition-exists="true" ipc-concordant="A41F1/02" c-set-base-allowed="false" c-set-subsequent-allowed="true" date-revised="2013-01-01" status="published"><classification-symbol>A41F1/02</classification-symbol><class-title date-revised="2013-01-01"><title-part><text>Buttonholes</text></title-part><title-part><text>Eyelets for buttonholes</text></title-part></class-title></classification-item>
<classification-item breakdown-code="false" not-allocatable="false" level="8" additional-only="false" sort-key="A41F1/04" definition-exists="true" ipc-concordant="A41F1/04" c-set-base-allowed="false" c-set-subsequent-allowed="true" date-revised="2013-01-01" status="published"><classification-symbol>A41F1/04</classification-symbol><class-title date-revised="2013-01-01"><title-part><text>Corset fasteners</text></title-part></class-title></classification-item>
<classification-item breakdown-code="false" not-allocatable="false" level="8" additional-only="false" sort-key="A41F1/06" definition-exists="true" ipc-concordant="A41F1/06" c-set-base-allowed="false" c-set-subsequent-allowed="true" date-revised="2013-01-01" status="published"><classification-symbol>A41F1/06</classification-symbol><class-title date-revised="2013-01-01"><title-part><text>Glove fasteners</text></title-part></class-title></classification-item>
<classification-item breakdown-code="false" not-allocatable="false" level="8" additional-only="false" sort-key="A41F1/08" definition-exists="true" ipc-concordant="A41F1/08" c-set-base-allowed="false" c-set-subsequent-allowed="true" date-revised="2013-01-01" status="published"><classification-symbol>A41F1/08</classification-symbol><class-title date-revised="2013-01-01"><title-part><text>Garter fasteners</text></title-part></class-title></classification-item></classification-item></classification-item>
<classification-item breakdown-code="false" not-allocatable="true" level="6" additional-only="false" sort-key="A41F3/00" date-revised="2013-01-01" status="published"><classification-symbol>A41F3/00</classification-symbol><class-title date-revised="2013-01-01"><title-part><text>Garment suspenders</text></title-part></class-title>
<classification-item breakdown-code="false" not-allocatable="false" level="7" additional-only="false" sort-key="A41F3/00" definition-exists="true" ipc-concordant="A41F3/00" c-set-base-allowed="false" c-set-subsequent-allowed="true" date-revised="2013-01-01" status="published"><classification-symbol>A41F3/00</classification-symbol><class-title date-revised="2013-01-01"><title-part><text>Braces</text></title-part></class-title>
<classification-item breakdown-code="false" not-allocatable="false" level="8" additional-only="false" sort-key="A41F3/02" definition-exists="true" ipc-concordant="A41F3/02" c-set-base-allowed="false" c-set-subsequent-allowed="true" date-revised="2013-01-01" status="published"><classification-symbol>A41F3/02</classification-symbol><class-title date-revised="2013-01-01"><title-part><text>Strips, tongues, or the like, for attaching to the trousers</text></title-part></class-title></classification-item>
<classification-item breakdown-code="false" not-allocatable="false" level="8" additional-only="false" sort-key="A41F3/04" definition-exists="true" ipc-concordant="A41F3/04" c-set-base-allowed="false" c-set-subsequent-allowed="true" date-revised="2013-01-01" status="published"><classification-symbol>A41F3/04</classification-symbol><class-title date-revised="2013-01-01"><title-part><text>Means for joining the strips, tongues, or the like, to the body of the braces</text></title-part></class-title>
<classification-item breakdown-code="false" not-allocatable="false" level="9" additional-only="false" sort-key="A41F3/045" definition-exists="true" ipc-concordant="A41F3/04" c-set-base-allowed="false" c-set-subsequent-allowed="true" date-revised="2013-01-01" status="published"><classification-symbol>A41F3/045</classification-symbol><class-title date-revised="2013-01-01"><title-part><CPC-specific-text><text>using springs</text></CPC-specific-text></title-part></class-title></classification-item></classification-item>
<classification-item breakdown-code="false" not-allocatable="false" level="8" additional-only="false" sort-key="A41F3/06" definition-exists="true" ipc-concordant="A41F3/06" c-set-base-allowed="false" c-set-subsequent-allowed="true" date-revised="2013-01-01" status="published"><classification-symbol>A41F3/06</classification-symbol><class-title date-revised="2013-01-01"><title-part><text>Means for rendering braces pliable</text></title-part><title-part><text>Elastic elements for braces</text></title-part><title-part><text>Braces completely made of rubber</text></title-part></class-title></classification-item></classification-item>
<classification-item breakdown-code="false" not-allocatable="false" level="7" additional-only="false" sort-key="A41F5/00" definition-exists="true" ipc-concordant="A41F5/00" c-set-base-allowed="false" c-set-subsequent-allowed="true" date-revised="2013-01-01" status="published"><classification-symbol>A41F5/00</classification-symbol><class-title date-revised="2013-01-01"><title-part><text>Trouser supports attached to the shirt, waistcoat, or the like</text></title-part></class-title></classification-item>
<classification-item breakdown-code="false" not-allocatable="false" level="7" additional-only="false" sort-key="A41F7/00" definition-exists="true" ipc-concordant="A41F7/00" c-set-base-allowed="false" c-set-subsequent-allowed="true" date-revised="2013-01-01" status="published"><classification-symbol>A41F7/00</classification-symbol><class-title date-revised="2013-01-01"><title-part><text>Devices for connecting underpants to trousers</text></title-part></class-title></classification-item>
<classification-item breakdown-code="false" not-allocatable="false" level="7" additional-only="false" sort-key="A41F9/00" definition-exists="true" ipc-concordant="A41F9/00" c-set-base-allowed="false" c-set-subsequent-allowed="true" date-revised="2013-01-01" status="published"><classification-symbol>A41F9/00</classification-symbol><class-title date-revised="2013-01-01"><title-part><text>Belts, girdles, or waistbands for trousers or skirts</text></title-part></class-title>
<classification-item breakdown-code="false" not-allocatable="false" level="8" additional-only="false" sort-key="A41F9/002" definition-exists="true" ipc-concordant="A41F9/00" c-set-base-allowed="false" c-set-subsequent-allowed="true" date-revised="2013-01-01" status="published"><classification-symbol>A41F9/002</classification-symbol><class-title date-revised="2013-01-01"><title-part><CPC-specific-text><text>Free belts</text></CPC-specific-text></title-part></class-title>
<classification-item breakdown-code="false" not-allocatable="false" level="9" additional-only="false" sort-key="A41F9/005" definition-exists="false" ipc-concordant="A41F9/00" c-set-base-allowed="false" c-set-subsequent-allowed="true" date-revised="2013-01-01" status="published"><classification-symbol>A41F9/005</classification-symbol><class-title date-revised="2013-01-01"><title-part><CPC-specific-text><text>with handles</text></CPC-specific-text></title-part></class-title></classification-item></classification-item>
<classification-item breakdown-code="false" not-allocatable="false" level="8" additional-only="false" sort-key="A41F9/007" definition-exists="true" ipc-concordant="A41F9/00" c-set-base-allowed="false" c-set-subsequent-allowed="true" date-revised="2013-01-01" status="published"><classification-symbol>A41F9/007</classification-symbol><class-title date-revised="2013-01-01"><title-part><CPC-specific-text><text>Belt loops</text></CPC-specific-text></title-part></class-title></classification-item>
<classification-item breakdown-code="false" not-allocatable="false" level="8" additional-only="false" sort-key="A41F9/02" definition-exists="true" ipc-concordant="A41F9/02" c-set-base-allowed="false" c-set-subsequent-allowed="true" date-revised="2017-08-01" status="published"><classification-symbol>A41F9/02</classification-symbol><class-title date-revised="2017-08-01"><title-part><text>Expansible or adjustable belts or girdles </text><CPC-specific-text><text>; Adjustable fasteners comprising a track and a slide member </text><reference><text><class-ref scheme="cpc">A41F1/008</class-ref>, <class-ref scheme="cpc">A41F9/002</class-ref> take precedence</text></reference></CPC-specific-text></title-part></class-title>
<classification-item breakdown-code="false" not-allocatable="false" level="9" additional-only="false" sort-key="A41F9/025" definition-exists="true" ipc-concordant="A41F9/02" c-set-base-allowed="false" c-set-subsequent-allowed="true" date-revised="2013-01-01" status="published"><classification-symbol>A41F9/025</classification-symbol><class-title date-revised="2013-01-01"><title-part><CPC-specific-text><text>Adjustable belts or girdles</text></CPC-specific-text></title-part></class-title></classification-item></classification-item></classification-item>
<classification-item breakdown-code="false" not-allocatable="false" level="7" additional-only="false" sort-key="A41F11/00" definition-exists="true" ipc-concordant="A41F11/00" c-set-base-allowed="false" c-set-subsequent-allowed="true" date-revised="2013-01-01" status="published"><classification-symbol>A41F11/00</classification-symbol><class-title date-revised="2013-01-01"><title-part><text>Stocking or sock suspenders</text></title-part></class-title>
<classification-item breakdown-code="false" not-allocatable="false" level="8" additional-only="false" sort-key="A41F11/02" definition-exists="true" ipc-concordant="A41F11/02" c-set-base-allowed="false" c-set-subsequent-allowed="true" date-revised="2013-01-01" status="published"><classification-symbol>A41F11/02</classification-symbol><class-title date-revised="2013-01-01"><title-part><text>Devices for attaching the stocking or sock to the suspender</text></title-part></class-title>
<classification-item breakdown-code="false" not-allocatable="false" level="9" additional-only="false" sort-key="A41F11/04" definition-exists="true" ipc-concordant="A41F11/04" c-set-base-allowed="false" c-set-subsequent-allowed="true" date-revised="2013-01-01" status="published"><classification-symbol>A41F11/04</classification-symbol><class-title date-revised="2013-01-01"><title-part><text>of the stud-and-loop type</text></title-part></class-title></classification-item>
<classification-item breakdown-code="false" not-allocatable="false" level="9" additional-only="false" sort-key="A41F11/06" definition-exists="true" ipc-concordant="A41F11/06" c-set-base-allowed="false" c-set-subsequent-allowed="true" date-revised="2013-01-01" status="published"><classification-symbol>A41F11/06</classification-symbol><class-title date-revised="2013-01-01"><title-part><text>Pivoted-jaw clips</text></title-part></class-title></classification-item>
<classification-item breakdown-code="false" not-allocatable="false" level="9" additional-only="false" sort-key="A41F11/08" definition-exists="true" ipc-concordant="A41F11/08" c-set-base-allowed="false" c-set-subsequent-allowed="true" date-revised="2013-01-01" status="published"><classification-symbol>A41F11/08</classification-symbol><class-title date-revised="2013-01-01"><title-part><text>consisting of one part</text></title-part></class-title></classification-item></classification-item>
<classification-item breakdown-code="false" not-allocatable="false" level="8" additional-only="false" sort-key="A41F11/10" definition-exists="true" ipc-concordant="A41F11/10" c-set-base-allowed="false" c-set-subsequent-allowed="true" date-revised="2013-01-01" status="published"><classification-symbol>A41F11/10</classification-symbol><class-title date-revised="2013-01-01"><title-part><text>Shields or like intermediate members</text></title-part></class-title></classification-item>
<classification-item breakdown-code="false" not-allocatable="false" level="8" additional-only="false" sort-key="A41F11/12" definition-exists="true" ipc-concordant="A41F11/12" c-set-base-allowed="false" c-set-subsequent-allowed="true" date-revised="2013-01-01" status="published"><classification-symbol>A41F11/12</classification-symbol><class-title date-revised="2013-01-01"><title-part><text>with devices for adjusting the length</text></title-part></class-title></classification-item>
<classification-item breakdown-code="false" not-allocatable="false" level="8" additional-only="false" sort-key="A41F11/14" definition-exists="true" ipc-concordant="A41F11/14" c-set-base-allowed="false" c-set-subsequent-allowed="true" date-revised="2013-01-01" status="published"><classification-symbol>A41F11/14</classification-symbol><class-title date-revised="2013-01-01"><title-part><text>Means for fastening the suspender to the garment, e.g. trousers, underpants</text></title-part></class-title></classification-item>
<classification-item breakdown-code="false" not-allocatable="false" level="8" additional-only="false" sort-key="A41F11/16" definition-exists="true" ipc-concordant="A41F11/16" c-set-base-allowed="false" c-set-subsequent-allowed="true" date-revised="2013-01-01" status="published"><classification-symbol>A41F11/16</classification-symbol><class-title date-revised="2013-01-01"><title-part><text>Garters</text></title-part></class-title></classification-item>
<classification-item breakdown-code="false" not-allocatable="false" level="8" additional-only="false" sort-key="A41F11/18" definition-exists="true" ipc-concordant="A41F11/18" c-set-base-allowed="false" c-set-subsequent-allowed="true" date-revised="2013-01-01" status="published"><classification-symbol>A41F11/18</classification-symbol><class-title date-revised="2013-01-01"><title-part><text>Means for fastening the stocking directly to the undergarment</text></title-part></class-title></classification-item></classification-item>
<classification-item breakdown-code="false" not-allocatable="false" level="7" additional-only="false" sort-key="A41F13/00" definition-exists="true" ipc-concordant="A41F13/00" c-set-base-allowed="false" c-set-subsequent-allowed="true" date-revised="2013-01-01" status="published"><classification-symbol>A41F13/00</classification-symbol><class-title date-revised="2013-01-01"><title-part><text>Other devices for supporting or holding stockings or socks during wear</text></title-part></class-title></classification-item>
<classification-item breakdown-code="false" not-allocatable="false" level="7" additional-only="false" sort-key="A41F15/00" definition-exists="true" ipc-concordant="A41F15/00" c-set-base-allowed="false" c-set-subsequent-allowed="true" date-revised="2013-01-01" status="published"><classification-symbol>A41F15/00</classification-symbol><class-title date-revised="2013-01-01"><title-part><text>Shoulder or like straps</text></title-part></class-title>
<classification-item breakdown-code="false" not-allocatable="false" level="8" additional-only="false" sort-key="A41F15/002" definition-exists="true" ipc-concordant="A41F15/00" c-set-base-allowed="false" c-set-subsequent-allowed="true" date-revised="2013-01-01" status="published"><classification-symbol>A41F15/002</classification-symbol><class-title date-revised="2013-01-01"><title-part><CPC-specific-text><text>separable or adjustable</text></CPC-specific-text></title-part></class-title></classification-item>
<classification-item breakdown-code="false" not-allocatable="false" level="8" additional-only="false" sort-key="A41F15/005" definition-exists="true" ipc-concordant="A41F15/00" c-set-base-allowed="false" c-set-subsequent-allowed="true" date-revised="2013-01-01" status="published"><classification-symbol>A41F15/005</classification-symbol><class-title date-revised="2013-01-01"><title-part><CPC-specific-text><text>Tapes for shoulder straps</text></CPC-specific-text></title-part></class-title></classification-item>
<classification-item breakdown-code="false" not-allocatable="false" level="8" additional-only="false" sort-key="A41F15/007" definition-exists="true" ipc-concordant="A41F15/00" c-set-base-allowed="false" c-set-subsequent-allowed="true" date-revised="2013-01-01" status="published"><classification-symbol>A41F15/007</classification-symbol><class-title date-revised="2013-01-01"><title-part><CPC-specific-text><text>Shoulder cushioning attachments</text></CPC-specific-text></title-part></class-title></classification-item>
<classification-item breakdown-code="false" not-allocatable="false" level="8" additional-only="false" sort-key="A41F15/02" definition-exists="true" ipc-concordant="A41F15/02" c-set-base-allowed="false" c-set-subsequent-allowed="true" date-revised="2013-01-01" status="published"><classification-symbol>A41F15/02</classification-symbol><class-title date-revised="2013-01-01"><title-part><text>Means for retaining the straps in position</text></title-part></class-title></classification-item></classification-item>
<classification-item breakdown-code="false" not-allocatable="false" level="7" additional-only="false" sort-key="A41F17/00" definition-exists="true" ipc-concordant="A41F17/00" c-set-base-allowed="false" c-set-subsequent-allowed="true" date-revised="2013-01-01" status="published"><classification-symbol>A41F17/00</classification-symbol><class-title date-revised="2013-01-01"><title-part><text>Means for holding-down garments</text></title-part></class-title>
<classification-item breakdown-code="false" not-allocatable="false" level="8" additional-only="false" sort-key="A41F17/02" definition-exists="true" ipc-concordant="A41F17/02" c-set-base-allowed="false" c-set-subsequent-allowed="true" date-revised="2013-01-01" status="published"><classification-symbol>A41F17/02</classification-symbol><class-title date-revised="2013-01-01"><title-part><text>Clips or the like for trousers or skirts, e.g. for cyclists</text></title-part></class-title></classification-item>
<classification-item breakdown-code="false" not-allocatable="false" level="8" additional-only="false" sort-key="A41F17/04" definition-exists="true" ipc-concordant="A41F17/04" c-set-base-allowed="false" c-set-subsequent-allowed="true" date-revised="2013-01-01" status="published"><classification-symbol>A41F17/04</classification-symbol><class-title date-revised="2013-01-01"><title-part><text>Straps on the lower end of legs of trousers</text></title-part></class-title></classification-item></classification-item>
<classification-item breakdown-code="false" not-allocatable="false" level="7" additional-only="false" sort-key="A41F18/00" definition-exists="false" ipc-concordant="A41F18/00" c-set-base-allowed="false" c-set-subsequent-allowed="true" date-revised="2016-05-01" status="published"><classification-symbol>A41F18/00</classification-symbol><class-title date-revised="2016-05-01"><title-part><text>Garment suspenders covered by two or more of groups <class-ref scheme="cpc">A41F3/00</class-ref>&#160;-&#160;<class-ref scheme="cpc">A41F17/00</class-ref></text></title-part></class-title></classification-item>
<classification-item breakdown-code="false" not-allocatable="false" level="7" additional-only="false" sort-key="A41F19/00" definition-exists="true" ipc-concordant="A41F19/00" c-set-base-allowed="false" c-set-subsequent-allowed="true" date-revised="2013-01-01" status="published"><classification-symbol>A41F19/00</classification-symbol><class-title date-revised="2013-01-01"><title-part><text>Garment suspenders not otherwise provided for</text></title-part></class-title>
<classification-item breakdown-code="false" not-allocatable="false" level="8" additional-only="false" sort-key="A41F19/005" definition-exists="true" ipc-concordant="A41F19/00" c-set-base-allowed="false" c-set-subsequent-allowed="true" date-revised="2013-01-01" status="published"><classification-symbol>A41F19/005</classification-symbol><class-title date-revised="2013-01-01"><title-part><CPC-specific-text><text>Means for adjusting the length of sleeves</text></CPC-specific-text></title-part></class-title></classification-item></classification-item></classification-item></classification-item></class-scheme>