<?xml version="1.0" encoding="UTF-8"?>
<class-scheme publication-date="2021-05-01" scheme-type="cpc" publication-type="official">
<classification-item breakdown-code="false" not-allocatable="true" level="5" additional-only="false" sort-key="C12R" definition-exists="true" date-revised="2021-05-01" status="published"><classification-symbol>C12R</classification-symbol><class-title date-revised="2021-05-01"><title-part><text>INDEXING SCHEME ASSOCIATED WITH SUBCLASSES <class-ref scheme="cpc">C12C</class-ref> - <class-ref scheme="cpc">C12Q</class-ref>, RELATING TO MICROORGANISMS</text></title-part></class-title><notes-and-warnings date-revised="2013-01-01"> <note type="note"><note-paragraph>The basis for the bacteria terminology is &quot;Bergey&apos;s Manual of Determinative Bacteriology&quot;, Eighth Edition, 19/75.</note-paragraph></note><note type="warning"><note-paragraph warning-type="ipc-not-used"> The following IPC indexing groups are not in the CPC scheme. The subject matter for these IPC groups is classified in the following CPC groups: <table><row><entry><class-ref scheme="ipc">C12R1/92</class-ref> - <class-ref scheme="ipc">C12R1/94</class-ref></entry><entry> covered by </entry><entry>  <class-ref scheme="cpc">C12N2710/00</class-ref> - <class-ref scheme="cpc">C12N2795/18188</class-ref></entry></row></table></note-paragraph></note></notes-and-warnings>
<classification-item breakdown-code="false" not-allocatable="true" level="6" additional-only="true" sort-key="C12R1/00" date-revised="2013-01-01" status="published"><classification-symbol>C12R2001/00</classification-symbol>
<classification-item breakdown-code="true" not-allocatable="false" level="7" additional-only="true" sort-key="C12R1/00" definition-exists="false" ipc-concordant="C12R1/00" c-set-base-allowed="false" c-set-subsequent-allowed="true" date-revised="2021-05-01" status="published"><classification-symbol>C12R2001/00</classification-symbol><class-title date-revised="2021-05-01"><title-part><text>Microorganisms </text><CPC-specific-text><text>; Processes using microorganisms</text></CPC-specific-text></title-part></class-title>
<classification-item breakdown-code="true" not-allocatable="false" level="8" additional-only="true" sort-key="C12R1/01" definition-exists="false" ipc-concordant="C12R1/01" c-set-base-allowed="false" c-set-subsequent-allowed="true" date-revised="2021-05-01" status="published"><classification-symbol>C12R2001/01</classification-symbol><class-title date-revised="2021-05-01"><title-part><text>Bacteria or Actinomycetales </text><CPC-specific-text><text>; using bacteria or Actinomycetales</text></CPC-specific-text></title-part></class-title>
<classification-item breakdown-code="true" not-allocatable="false" level="9" additional-only="true" sort-key="C12R1/02" definition-exists="false" ipc-concordant="C12R1/02" c-set-base-allowed="false" c-set-subsequent-allowed="true" date-revised="2021-05-01" status="published"><classification-symbol>C12R2001/02</classification-symbol><class-title date-revised="2021-05-01"><title-part><text>Acetobacter</text></title-part></class-title></classification-item>
<classification-item breakdown-code="true" not-allocatable="false" level="9" additional-only="true" sort-key="C12R1/025" definition-exists="false" ipc-concordant="C12R1/025" c-set-base-allowed="false" c-set-subsequent-allowed="true" date-revised="2021-05-01" status="published"><classification-symbol>C12R2001/025</classification-symbol><class-title date-revised="2021-05-01"><title-part><text>Achromobacter</text></title-part></class-title></classification-item>
<classification-item breakdown-code="true" not-allocatable="false" level="9" additional-only="true" sort-key="C12R1/03" definition-exists="false" ipc-concordant="C12R1/03" c-set-base-allowed="false" c-set-subsequent-allowed="true" date-revised="2021-05-01" status="published"><classification-symbol>C12R2001/03</classification-symbol><class-title date-revised="2021-05-01"><title-part><text>Actinomadura</text></title-part></class-title></classification-item>
<classification-item breakdown-code="true" not-allocatable="false" level="9" additional-only="true" sort-key="C12R1/04" definition-exists="false" ipc-concordant="C12R1/04" c-set-base-allowed="false" c-set-subsequent-allowed="true" date-revised="2021-05-01" status="published"><classification-symbol>C12R2001/04</classification-symbol><class-title date-revised="2021-05-01"><title-part><text>Actinomyces</text></title-part></class-title></classification-item>
<classification-item breakdown-code="true" not-allocatable="false" level="9" additional-only="true" sort-key="C12R1/045" definition-exists="false" ipc-concordant="C12R1/045" c-set-base-allowed="false" c-set-subsequent-allowed="true" date-revised="2021-05-01" status="published"><classification-symbol>C12R2001/045</classification-symbol><class-title date-revised="2021-05-01"><title-part><text>Actinoplanes</text></title-part></class-title></classification-item>
<classification-item breakdown-code="true" not-allocatable="false" level="9" additional-only="true" sort-key="C12R1/05" definition-exists="false" ipc-concordant="C12R1/05" c-set-base-allowed="false" c-set-subsequent-allowed="true" date-revised="2021-05-01" status="published"><classification-symbol>C12R2001/05</classification-symbol><class-title date-revised="2021-05-01"><title-part><text>Alcaligenes</text></title-part></class-title></classification-item>
<classification-item breakdown-code="true" not-allocatable="false" level="9" additional-only="true" sort-key="C12R1/06" definition-exists="false" ipc-concordant="C12R1/06" c-set-base-allowed="false" c-set-subsequent-allowed="true" date-revised="2021-05-01" status="published"><classification-symbol>C12R2001/06</classification-symbol><class-title date-revised="2021-05-01"><title-part><text>Arthrobacter</text></title-part></class-title></classification-item>
<classification-item breakdown-code="true" not-allocatable="false" level="9" additional-only="true" sort-key="C12R1/065" definition-exists="false" ipc-concordant="C12R1/065" c-set-base-allowed="false" c-set-subsequent-allowed="true" date-revised="2021-05-01" status="published"><classification-symbol>C12R2001/065</classification-symbol><class-title date-revised="2021-05-01"><title-part><text>Azotobacter</text></title-part></class-title></classification-item>
<classification-item breakdown-code="true" not-allocatable="false" level="9" additional-only="true" sort-key="C12R1/07" definition-exists="false" ipc-concordant="C12R1/07" c-set-base-allowed="false" c-set-subsequent-allowed="true" date-revised="2021-05-01" status="published"><classification-symbol>C12R2001/07</classification-symbol><class-title date-revised="2021-05-01"><title-part><text>Bacillus</text></title-part></class-title>
<classification-item breakdown-code="true" not-allocatable="false" level="10" additional-only="true" sort-key="C12R1/075" definition-exists="false" ipc-concordant="C12R1/07" c-set-base-allowed="false" c-set-subsequent-allowed="true" date-revised="2021-05-01" status="published"><classification-symbol>C12R2001/075</classification-symbol><class-title date-revised="2021-05-01"><title-part><CPC-specific-text><text>Bacillus thuringiensis</text></CPC-specific-text></title-part></class-title></classification-item>
<classification-item breakdown-code="true" not-allocatable="false" level="10" additional-only="true" sort-key="C12R1/08" definition-exists="false" ipc-concordant="C12R1/08" c-set-base-allowed="false" c-set-subsequent-allowed="true" date-revised="2021-05-01" status="published"><classification-symbol>C12R2001/08</classification-symbol><class-title date-revised="2021-05-01"><title-part><text>Bacillus brevis</text></title-part></class-title></classification-item>
<classification-item breakdown-code="true" not-allocatable="false" level="10" additional-only="true" sort-key="C12R1/085" definition-exists="false" ipc-concordant="C12R1/085" c-set-base-allowed="false" c-set-subsequent-allowed="true" date-revised="2021-05-01" status="published"><classification-symbol>C12R2001/085</classification-symbol><class-title date-revised="2021-05-01"><title-part><text>Bacillus cereus</text></title-part></class-title></classification-item>
<classification-item breakdown-code="true" not-allocatable="false" level="10" additional-only="true" sort-key="C12R1/09" definition-exists="false" ipc-concordant="C12R1/09" c-set-base-allowed="false" c-set-subsequent-allowed="true" date-revised="2021-05-01" status="published"><classification-symbol>C12R2001/09</classification-symbol><class-title date-revised="2021-05-01"><title-part><text>Bacillus circulans</text></title-part></class-title></classification-item>
<classification-item breakdown-code="true" not-allocatable="false" level="10" additional-only="true" sort-key="C12R1/10" definition-exists="false" ipc-concordant="C12R1/10" c-set-base-allowed="false" c-set-subsequent-allowed="true" date-revised="2021-05-01" status="published"><classification-symbol>C12R2001/10</classification-symbol><class-title date-revised="2021-05-01"><title-part><text>Bacillus licheniformis</text></title-part></class-title></classification-item>
<classification-item breakdown-code="true" not-allocatable="false" level="10" additional-only="true" sort-key="C12R1/11" definition-exists="false" ipc-concordant="C12R1/11" c-set-base-allowed="false" c-set-subsequent-allowed="true" date-revised="2021-05-01" status="published"><classification-symbol>C12R2001/11</classification-symbol><class-title date-revised="2021-05-01"><title-part><text>Bacillus megaterium</text></title-part></class-title></classification-item>
<classification-item breakdown-code="true" not-allocatable="false" level="10" additional-only="true" sort-key="C12R1/12" definition-exists="false" ipc-concordant="C12R1/12" c-set-base-allowed="false" c-set-subsequent-allowed="true" date-revised="2021-05-01" status="published"><classification-symbol>C12R2001/12</classification-symbol><class-title date-revised="2021-05-01"><title-part><text>Bacillus polymyxa </text><CPC-specific-text><text>; Paenibacillus polymyxa</text></CPC-specific-text></title-part></class-title></classification-item>
<classification-item breakdown-code="true" not-allocatable="false" level="10" additional-only="true" sort-key="C12R1/125" definition-exists="false" ipc-concordant="C12R1/125" c-set-base-allowed="false" c-set-subsequent-allowed="true" date-revised="2021-05-01" status="published"><classification-symbol>C12R2001/125</classification-symbol><class-title date-revised="2021-05-01"><title-part><text>Bacillus subtilis </text><CPC-specific-text><text>; Hay bacillus; Grass bacillus</text></CPC-specific-text></title-part></class-title></classification-item></classification-item>
<classification-item breakdown-code="true" not-allocatable="false" level="9" additional-only="true" sort-key="C12R1/13" definition-exists="false" ipc-concordant="C12R1/13" c-set-base-allowed="false" c-set-subsequent-allowed="true" date-revised="2021-05-01" status="published"><classification-symbol>C12R2001/13</classification-symbol><class-title date-revised="2021-05-01"><title-part><text>Brevibacterium</text></title-part></class-title></classification-item>
<classification-item breakdown-code="true" not-allocatable="false" level="9" additional-only="true" sort-key="C12R1/14" definition-exists="false" ipc-concordant="C12R1/14" c-set-base-allowed="false" c-set-subsequent-allowed="true" date-revised="2021-05-01" status="published"><classification-symbol>C12R2001/14</classification-symbol><class-title date-revised="2021-05-01"><title-part><text>Chainia</text></title-part></class-title></classification-item>
<classification-item breakdown-code="true" not-allocatable="false" level="9" additional-only="true" sort-key="C12R1/145" definition-exists="false" ipc-concordant="C12R1/145" c-set-base-allowed="false" c-set-subsequent-allowed="true" date-revised="2021-05-01" status="published"><classification-symbol>C12R2001/145</classification-symbol><class-title date-revised="2021-05-01"><title-part><text>Clostridium</text></title-part></class-title></classification-item>
<classification-item breakdown-code="true" not-allocatable="false" level="9" additional-only="true" sort-key="C12R1/15" definition-exists="false" ipc-concordant="C12R1/15" c-set-base-allowed="false" c-set-subsequent-allowed="true" date-revised="2021-05-01" status="published"><classification-symbol>C12R2001/15</classification-symbol><class-title date-revised="2021-05-01"><title-part><text>Corynebacterium</text></title-part></class-title>
<classification-item breakdown-code="true" not-allocatable="false" level="10" additional-only="true" sort-key="C12R1/16" definition-exists="false" ipc-concordant="C12R1/16" c-set-base-allowed="false" c-set-subsequent-allowed="true" date-revised="2021-05-01" status="published"><classification-symbol>C12R2001/16</classification-symbol><class-title date-revised="2021-05-01"><title-part><text>Corynebacterium diphtheriae</text></title-part></class-title></classification-item>
<classification-item breakdown-code="true" not-allocatable="false" level="10" additional-only="true" sort-key="C12R1/165" definition-exists="false" ipc-concordant="C12R1/165" c-set-base-allowed="false" c-set-subsequent-allowed="true" date-revised="2021-05-01" status="published"><classification-symbol>C12R2001/165</classification-symbol><class-title date-revised="2021-05-01"><title-part><text>Corynebacterium poinsettiae</text></title-part></class-title></classification-item>
<classification-item breakdown-code="true" not-allocatable="false" level="10" additional-only="true" sort-key="C12R1/17" definition-exists="false" ipc-concordant="C12R1/17" c-set-base-allowed="false" c-set-subsequent-allowed="true" date-revised="2021-05-01" status="published"><classification-symbol>C12R2001/17</classification-symbol><class-title date-revised="2021-05-01"><title-part><text>Corynebacterium pyogenes </text><CPC-specific-text><text>; Trueperella pyogenes</text></CPC-specific-text></title-part></class-title></classification-item></classification-item>
<classification-item breakdown-code="true" not-allocatable="false" level="9" additional-only="true" sort-key="C12R1/18" definition-exists="false" ipc-concordant="C12R1/18" c-set-base-allowed="false" c-set-subsequent-allowed="true" date-revised="2021-05-01" status="published"><classification-symbol>C12R2001/18</classification-symbol><class-title date-revised="2021-05-01"><title-part><text>Erwinia</text></title-part></class-title></classification-item>
<classification-item breakdown-code="true" not-allocatable="false" level="9" additional-only="true" sort-key="C12R1/185" definition-exists="false" ipc-concordant="C12R1/185" c-set-base-allowed="false" c-set-subsequent-allowed="true" date-revised="2021-05-01" status="published"><classification-symbol>C12R2001/185</classification-symbol><class-title date-revised="2021-05-01"><title-part><text>Escherichia</text></title-part></class-title>
<classification-item breakdown-code="true" not-allocatable="false" level="10" additional-only="true" sort-key="C12R1/19" definition-exists="false" ipc-concordant="C12R1/19" c-set-base-allowed="false" c-set-subsequent-allowed="true" date-revised="2021-05-01" status="published"><classification-symbol>C12R2001/19</classification-symbol><class-title date-revised="2021-05-01"><title-part><text>Escherichia coli</text></title-part></class-title></classification-item></classification-item>
<classification-item breakdown-code="true" not-allocatable="false" level="9" additional-only="true" sort-key="C12R1/20" definition-exists="false" ipc-concordant="C12R1/20" c-set-base-allowed="false" c-set-subsequent-allowed="true" date-revised="2021-05-01" status="published"><classification-symbol>C12R2001/20</classification-symbol><class-title date-revised="2021-05-01"><title-part><text>Flavobacterium</text></title-part></class-title></classification-item>
<classification-item breakdown-code="true" not-allocatable="false" level="9" additional-only="true" sort-key="C12R1/21" definition-exists="false" ipc-concordant="C12R1/21" c-set-base-allowed="false" c-set-subsequent-allowed="true" date-revised="2021-05-01" status="published"><classification-symbol>C12R2001/21</classification-symbol><class-title date-revised="2021-05-01"><title-part><text>Haemophilus</text></title-part></class-title></classification-item>
<classification-item breakdown-code="true" not-allocatable="false" level="9" additional-only="true" sort-key="C12R1/22" definition-exists="false" ipc-concordant="C12R1/22" c-set-base-allowed="false" c-set-subsequent-allowed="true" date-revised="2021-05-01" status="published"><classification-symbol>C12R2001/22</classification-symbol><class-title date-revised="2021-05-01"><title-part><text>Klebsiella</text></title-part></class-title></classification-item>
<classification-item breakdown-code="true" not-allocatable="false" level="9" additional-only="true" sort-key="C12R1/225" definition-exists="false" ipc-concordant="C12R1/225" c-set-base-allowed="false" c-set-subsequent-allowed="true" date-revised="2021-05-01" status="published"><classification-symbol>C12R2001/225</classification-symbol><class-title date-revised="2021-05-01"><title-part><text>Lactobacillus</text></title-part></class-title>
<classification-item breakdown-code="true" not-allocatable="false" level="10" additional-only="true" sort-key="C12R1/23" definition-exists="false" ipc-concordant="C12R1/23" c-set-base-allowed="false" c-set-subsequent-allowed="true" date-revised="2021-05-01" status="published"><classification-symbol>C12R2001/23</classification-symbol><class-title date-revised="2021-05-01"><title-part><text>Lactobacillus acidophilus</text></title-part></class-title></classification-item>
<classification-item breakdown-code="true" not-allocatable="false" level="10" additional-only="true" sort-key="C12R1/24" definition-exists="false" ipc-concordant="C12R1/24" c-set-base-allowed="false" c-set-subsequent-allowed="true" date-revised="2021-05-01" status="published"><classification-symbol>C12R2001/24</classification-symbol><class-title date-revised="2021-05-01"><title-part><text>Lactobacillus brevis</text></title-part></class-title></classification-item>
<classification-item breakdown-code="true" not-allocatable="false" level="10" additional-only="true" sort-key="C12R1/245" definition-exists="false" ipc-concordant="C12R1/245" c-set-base-allowed="false" c-set-subsequent-allowed="true" date-revised="2021-05-01" status="published"><classification-symbol>C12R2001/245</classification-symbol><class-title date-revised="2021-05-01"><title-part><text>Lactobacillus casei</text></title-part></class-title></classification-item>
<classification-item breakdown-code="true" not-allocatable="false" level="10" additional-only="true" sort-key="C12R1/25" definition-exists="false" ipc-concordant="C12R1/25" c-set-base-allowed="false" c-set-subsequent-allowed="true" date-revised="2021-05-01" status="published"><classification-symbol>C12R2001/25</classification-symbol><class-title date-revised="2021-05-01"><title-part><text>Lactobacillus plantarum</text></title-part></class-title></classification-item></classification-item>
<classification-item breakdown-code="true" not-allocatable="false" level="9" additional-only="true" sort-key="C12R1/26" definition-exists="false" ipc-concordant="C12R1/26" c-set-base-allowed="false" c-set-subsequent-allowed="true" date-revised="2021-05-01" status="published"><classification-symbol>C12R2001/26</classification-symbol><class-title date-revised="2021-05-01"><title-part><text>Methylomonas</text></title-part></class-title></classification-item>
<classification-item breakdown-code="true" not-allocatable="false" level="9" additional-only="true" sort-key="C12R1/265" definition-exists="false" ipc-concordant="C12R1/265" c-set-base-allowed="false" c-set-subsequent-allowed="true" date-revised="2021-05-01" status="published"><classification-symbol>C12R2001/265</classification-symbol><class-title date-revised="2021-05-01"><title-part><text>Micrococcus</text></title-part></class-title>
<classification-item breakdown-code="true" not-allocatable="false" level="10" additional-only="true" sort-key="C12R1/27" definition-exists="false" ipc-concordant="C12R1/27" c-set-base-allowed="false" c-set-subsequent-allowed="true" date-revised="2021-05-01" status="published"><classification-symbol>C12R2001/27</classification-symbol><class-title date-revised="2021-05-01"><title-part><text>Micrococcus flavus</text></title-part></class-title></classification-item>
<classification-item breakdown-code="true" not-allocatable="false" level="10" additional-only="true" sort-key="C12R1/28" definition-exists="false" ipc-concordant="C12R1/28" c-set-base-allowed="false" c-set-subsequent-allowed="true" date-revised="2021-05-01" status="published"><classification-symbol>C12R2001/28</classification-symbol><class-title date-revised="2021-05-01"><title-part><text>Micrococcus glutamicus </text><CPC-specific-text><text>; Corynebacterium glutamicum</text></CPC-specific-text></title-part></class-title></classification-item>
<classification-item breakdown-code="true" not-allocatable="false" level="10" additional-only="true" sort-key="C12R1/285" definition-exists="false" ipc-concordant="C12R1/285" c-set-base-allowed="false" c-set-subsequent-allowed="true" date-revised="2021-05-01" status="published"><classification-symbol>C12R2001/285</classification-symbol><class-title date-revised="2021-05-01"><title-part><text>Micrococcus lysodeikticus</text></title-part></class-title></classification-item></classification-item>
<classification-item breakdown-code="true" not-allocatable="false" level="9" additional-only="true" sort-key="C12R1/29" definition-exists="false" ipc-concordant="C12R1/29" c-set-base-allowed="false" c-set-subsequent-allowed="true" date-revised="2021-05-01" status="published"><classification-symbol>C12R2001/29</classification-symbol><class-title date-revised="2021-05-01"><title-part><text>Micromonospora</text></title-part></class-title>
<classification-item breakdown-code="true" not-allocatable="false" level="10" additional-only="true" sort-key="C12R1/30" definition-exists="false" ipc-concordant="C12R1/30" c-set-base-allowed="false" c-set-subsequent-allowed="true" date-revised="2021-05-01" status="published"><classification-symbol>C12R2001/30</classification-symbol><class-title date-revised="2021-05-01"><title-part><text>Micromonospora chalcea</text></title-part></class-title></classification-item>
<classification-item breakdown-code="true" not-allocatable="false" level="10" additional-only="true" sort-key="C12R1/31" definition-exists="false" ipc-concordant="C12R1/31" c-set-base-allowed="false" c-set-subsequent-allowed="true" date-revised="2021-05-01" status="published"><classification-symbol>C12R2001/31</classification-symbol><class-title date-revised="2021-05-01"><title-part><text>Micromonospora purpurea </text><CPC-specific-text><text>; Micromonospora echinospora; Micromonospora rhodorangea</text></CPC-specific-text></title-part></class-title></classification-item></classification-item>
<classification-item breakdown-code="true" not-allocatable="false" level="9" additional-only="true" sort-key="C12R1/32" definition-exists="false" ipc-concordant="C12R1/32" c-set-base-allowed="false" c-set-subsequent-allowed="true" date-revised="2021-05-01" status="published"><classification-symbol>C12R2001/32</classification-symbol><class-title date-revised="2021-05-01"><title-part><text>Mycobacterium</text></title-part></class-title>
<classification-item breakdown-code="true" not-allocatable="false" level="10" additional-only="true" sort-key="C12R1/325" definition-exists="false" ipc-concordant="C12R1/325" c-set-base-allowed="false" c-set-subsequent-allowed="true" date-revised="2021-05-01" status="published"><classification-symbol>C12R2001/325</classification-symbol><class-title date-revised="2021-05-01"><title-part><text>Mycobacterium avium</text></title-part></class-title></classification-item>
<classification-item breakdown-code="true" not-allocatable="false" level="10" additional-only="true" sort-key="C12R1/33" definition-exists="false" ipc-concordant="C12R1/33" c-set-base-allowed="false" c-set-subsequent-allowed="true" date-revised="2021-05-01" status="published"><classification-symbol>C12R2001/33</classification-symbol><class-title date-revised="2021-05-01"><title-part><text>Mycobacterium fortuitum</text></title-part></class-title></classification-item>
<classification-item breakdown-code="true" not-allocatable="false" level="10" additional-only="true" sort-key="C12R1/34" definition-exists="false" ipc-concordant="C12R1/34" c-set-base-allowed="false" c-set-subsequent-allowed="true" date-revised="2021-05-01" status="published"><classification-symbol>C12R2001/34</classification-symbol><class-title date-revised="2021-05-01"><title-part><text>Mycobacterium smegmatis</text></title-part></class-title></classification-item></classification-item>
<classification-item breakdown-code="true" not-allocatable="false" level="9" additional-only="true" sort-key="C12R1/35" definition-exists="false" ipc-concordant="C12R1/35" c-set-base-allowed="false" c-set-subsequent-allowed="true" date-revised="2021-05-01" status="published"><classification-symbol>C12R2001/35</classification-symbol><class-title date-revised="2021-05-01"><title-part><text>Mycoplasma</text></title-part></class-title></classification-item>
<classification-item breakdown-code="true" not-allocatable="false" level="9" additional-only="true" sort-key="C12R1/36" definition-exists="false" ipc-concordant="C12R1/36" c-set-base-allowed="false" c-set-subsequent-allowed="true" date-revised="2021-05-01" status="published"><classification-symbol>C12R2001/36</classification-symbol><class-title date-revised="2021-05-01"><title-part><text>Neisseria</text></title-part></class-title></classification-item>
<classification-item breakdown-code="true" not-allocatable="false" level="9" additional-only="true" sort-key="C12R1/365" definition-exists="false" ipc-concordant="C12R1/365" c-set-base-allowed="false" c-set-subsequent-allowed="true" date-revised="2021-05-01" status="published"><classification-symbol>C12R2001/365</classification-symbol><class-title date-revised="2021-05-01"><title-part><text>Nocardia</text></title-part></class-title></classification-item>
<classification-item breakdown-code="true" not-allocatable="false" level="9" additional-only="true" sort-key="C12R1/37" definition-exists="false" ipc-concordant="C12R1/37" c-set-base-allowed="false" c-set-subsequent-allowed="true" date-revised="2021-05-01" status="published"><classification-symbol>C12R2001/37</classification-symbol><class-title date-revised="2021-05-01"><title-part><text>Proteus</text></title-part></class-title></classification-item>
<classification-item breakdown-code="true" not-allocatable="false" level="9" additional-only="true" sort-key="C12R1/38" definition-exists="false" ipc-concordant="C12R1/38" c-set-base-allowed="false" c-set-subsequent-allowed="true" date-revised="2021-05-01" status="published"><classification-symbol>C12R2001/38</classification-symbol><class-title date-revised="2021-05-01"><title-part><text>Pseudomonas</text></title-part></class-title>
<classification-item breakdown-code="true" not-allocatable="false" level="10" additional-only="true" sort-key="C12R1/385" definition-exists="false" ipc-concordant="C12R1/385" c-set-base-allowed="false" c-set-subsequent-allowed="true" date-revised="2021-05-01" status="published"><classification-symbol>C12R2001/385</classification-symbol><class-title date-revised="2021-05-01"><title-part><text>Pseudomonas aeruginosa</text></title-part></class-title></classification-item>
<classification-item breakdown-code="true" not-allocatable="false" level="10" additional-only="true" sort-key="C12R1/39" definition-exists="false" ipc-concordant="C12R1/39" c-set-base-allowed="false" c-set-subsequent-allowed="true" date-revised="2021-05-01" status="published"><classification-symbol>C12R2001/39</classification-symbol><class-title date-revised="2021-05-01"><title-part><text>Pseudomonas fluorescens</text></title-part></class-title></classification-item>
<classification-item breakdown-code="true" not-allocatable="false" level="10" additional-only="true" sort-key="C12R1/40" definition-exists="false" ipc-concordant="C12R1/40" c-set-base-allowed="false" c-set-subsequent-allowed="true" date-revised="2021-05-01" status="published"><classification-symbol>C12R2001/40</classification-symbol><class-title date-revised="2021-05-01"><title-part><text>Pseudomonas putida</text></title-part></class-title></classification-item></classification-item>
<classification-item breakdown-code="true" not-allocatable="false" level="9" additional-only="true" sort-key="C12R1/41" definition-exists="false" ipc-concordant="C12R1/41" c-set-base-allowed="false" c-set-subsequent-allowed="true" date-revised="2021-05-01" status="published"><classification-symbol>C12R2001/41</classification-symbol><class-title date-revised="2021-05-01"><title-part><text>Rhizobium</text></title-part></class-title></classification-item>
<classification-item breakdown-code="true" not-allocatable="false" level="9" additional-only="true" sort-key="C12R1/42" definition-exists="false" ipc-concordant="C12R1/42" c-set-base-allowed="false" c-set-subsequent-allowed="true" date-revised="2021-05-01" status="published"><classification-symbol>C12R2001/42</classification-symbol><class-title date-revised="2021-05-01"><title-part><text>Salmonella</text></title-part></class-title></classification-item>
<classification-item breakdown-code="true" not-allocatable="false" level="9" additional-only="true" sort-key="C12R1/425" definition-exists="false" ipc-concordant="C12R1/425" c-set-base-allowed="false" c-set-subsequent-allowed="true" date-revised="2021-05-01" status="published"><classification-symbol>C12R2001/425</classification-symbol><class-title date-revised="2021-05-01"><title-part><text>Serratia</text></title-part></class-title>
<classification-item breakdown-code="true" not-allocatable="false" level="10" additional-only="true" sort-key="C12R1/43" definition-exists="false" ipc-concordant="C12R1/43" c-set-base-allowed="false" c-set-subsequent-allowed="true" date-revised="2021-05-01" status="published"><classification-symbol>C12R2001/43</classification-symbol><class-title date-revised="2021-05-01"><title-part><text>Serratia marcescens</text></title-part></class-title></classification-item></classification-item>
<classification-item breakdown-code="true" not-allocatable="false" level="9" additional-only="true" sort-key="C12R1/44" definition-exists="false" ipc-concordant="C12R1/44" c-set-base-allowed="false" c-set-subsequent-allowed="true" date-revised="2021-05-01" status="published"><classification-symbol>C12R2001/44</classification-symbol><class-title date-revised="2021-05-01"><title-part><text>Staphylococcus</text></title-part></class-title>
<classification-item breakdown-code="true" not-allocatable="false" level="10" additional-only="true" sort-key="C12R1/445" definition-exists="false" ipc-concordant="C12R1/445" c-set-base-allowed="false" c-set-subsequent-allowed="true" date-revised="2021-05-01" status="published"><classification-symbol>C12R2001/445</classification-symbol><class-title date-revised="2021-05-01"><title-part><text>Staphylococcus aureus</text></title-part></class-title></classification-item>
<classification-item breakdown-code="true" not-allocatable="false" level="10" additional-only="true" sort-key="C12R1/45" definition-exists="false" ipc-concordant="C12R1/45" c-set-base-allowed="false" c-set-subsequent-allowed="true" date-revised="2021-05-01" status="published"><classification-symbol>C12R2001/45</classification-symbol><class-title date-revised="2021-05-01"><title-part><text>Staphylococcus epidermidis</text></title-part></class-title></classification-item></classification-item>
<classification-item breakdown-code="true" not-allocatable="false" level="9" additional-only="true" sort-key="C12R1/46" definition-exists="false" ipc-concordant="C12R1/46" c-set-base-allowed="false" c-set-subsequent-allowed="true" date-revised="2021-05-01" status="published"><classification-symbol>C12R2001/46</classification-symbol><class-title date-revised="2021-05-01"><title-part><text>Streptococcus </text><CPC-specific-text><text>; Enterococcus; Lactococcus</text></CPC-specific-text></title-part></class-title></classification-item>
<classification-item breakdown-code="true" not-allocatable="false" level="9" additional-only="true" sort-key="C12R1/465" definition-exists="false" ipc-concordant="C12R1/465" c-set-base-allowed="false" c-set-subsequent-allowed="true" date-revised="2021-05-01" status="published"><classification-symbol>C12R2001/465</classification-symbol><class-title date-revised="2021-05-01"><title-part><text>Streptomyces</text></title-part></class-title>
<classification-item breakdown-code="true" not-allocatable="false" level="10" additional-only="true" sort-key="C12R1/47" definition-exists="false" ipc-concordant="C12R1/47" c-set-base-allowed="false" c-set-subsequent-allowed="true" date-revised="2021-05-01" status="published"><classification-symbol>C12R2001/47</classification-symbol><class-title date-revised="2021-05-01"><title-part><text>Streptomyces albus</text></title-part></class-title></classification-item>
<classification-item breakdown-code="true" not-allocatable="false" level="10" additional-only="true" sort-key="C12R1/48" definition-exists="false" ipc-concordant="C12R1/48" c-set-base-allowed="false" c-set-subsequent-allowed="true" date-revised="2021-05-01" status="published"><classification-symbol>C12R2001/48</classification-symbol><class-title date-revised="2021-05-01"><title-part><text>Streptomyces antibioticus </text><CPC-specific-text><text>; Actinomyces antibioticus</text></CPC-specific-text></title-part></class-title></classification-item>
<classification-item breakdown-code="true" not-allocatable="false" level="10" additional-only="true" sort-key="C12R1/485" definition-exists="false" ipc-concordant="C12R1/485" c-set-base-allowed="false" c-set-subsequent-allowed="true" date-revised="2021-05-01" status="published"><classification-symbol>C12R2001/485</classification-symbol><class-title date-revised="2021-05-01"><title-part><text>Streptomyces aureofaciens</text></title-part></class-title></classification-item>
<classification-item breakdown-code="true" not-allocatable="false" level="10" additional-only="true" sort-key="C12R1/49" definition-exists="false" ipc-concordant="C12R1/49" c-set-base-allowed="false" c-set-subsequent-allowed="true" date-revised="2021-05-01" status="published"><classification-symbol>C12R2001/49</classification-symbol><class-title date-revised="2021-05-01"><title-part><text>Streptomyces aureus</text></title-part></class-title></classification-item>
<classification-item breakdown-code="true" not-allocatable="false" level="10" additional-only="true" sort-key="C12R1/50" definition-exists="false" ipc-concordant="C12R1/50" c-set-base-allowed="false" c-set-subsequent-allowed="true" date-revised="2021-05-01" status="published"><classification-symbol>C12R2001/50</classification-symbol><class-title date-revised="2021-05-01"><title-part><text>Streptomyces bikiniensis</text></title-part></class-title></classification-item>
<classification-item breakdown-code="true" not-allocatable="false" level="10" additional-only="true" sort-key="C12R1/51" definition-exists="false" ipc-concordant="C12R1/51" c-set-base-allowed="false" c-set-subsequent-allowed="true" date-revised="2021-05-01" status="published"><classification-symbol>C12R2001/51</classification-symbol><class-title date-revised="2021-05-01"><title-part><text>Streptomyces candidus</text></title-part></class-title></classification-item>
<classification-item breakdown-code="true" not-allocatable="false" level="10" additional-only="true" sort-key="C12R1/52" definition-exists="false" ipc-concordant="C12R1/52" c-set-base-allowed="false" c-set-subsequent-allowed="true" date-revised="2021-05-01" status="published"><classification-symbol>C12R2001/52</classification-symbol><class-title date-revised="2021-05-01"><title-part><text>Streptomyces chartreusis</text></title-part></class-title></classification-item>
<classification-item breakdown-code="true" not-allocatable="false" level="10" additional-only="true" sort-key="C12R1/525" definition-exists="false" ipc-concordant="C12R1/525" c-set-base-allowed="false" c-set-subsequent-allowed="true" date-revised="2021-05-01" status="published"><classification-symbol>C12R2001/525</classification-symbol><class-title date-revised="2021-05-01"><title-part><text>Streptomyces diastatochromogenes</text></title-part></class-title></classification-item>
<classification-item breakdown-code="true" not-allocatable="false" level="10" additional-only="true" sort-key="C12R1/53" definition-exists="false" ipc-concordant="C12R1/53" c-set-base-allowed="false" c-set-subsequent-allowed="true" date-revised="2021-05-01" status="published"><classification-symbol>C12R2001/53</classification-symbol><class-title date-revised="2021-05-01"><title-part><text>Streptomyces filipinensis</text></title-part></class-title></classification-item>
<classification-item breakdown-code="true" not-allocatable="false" level="10" additional-only="true" sort-key="C12R1/54" definition-exists="false" ipc-concordant="C12R1/54" c-set-base-allowed="false" c-set-subsequent-allowed="true" date-revised="2021-05-01" status="published"><classification-symbol>C12R2001/54</classification-symbol><class-title date-revised="2021-05-01"><title-part><text>Streptomyces fradiae</text></title-part></class-title></classification-item>
<classification-item breakdown-code="true" not-allocatable="false" level="10" additional-only="true" sort-key="C12R1/545" definition-exists="false" ipc-concordant="C12R1/545" c-set-base-allowed="false" c-set-subsequent-allowed="true" date-revised="2021-05-01" status="published"><classification-symbol>C12R2001/545</classification-symbol><class-title date-revised="2021-05-01"><title-part><text>Streptomyces griseus</text></title-part></class-title></classification-item>
<classification-item breakdown-code="true" not-allocatable="false" level="10" additional-only="true" sort-key="C12R1/55" definition-exists="false" ipc-concordant="C12R1/55" c-set-base-allowed="false" c-set-subsequent-allowed="true" date-revised="2021-05-01" status="published"><classification-symbol>C12R2001/55</classification-symbol><class-title date-revised="2021-05-01"><title-part><text>Streptomyces hygroscopicus</text></title-part></class-title></classification-item>
<classification-item breakdown-code="true" not-allocatable="false" level="10" additional-only="true" sort-key="C12R1/56" definition-exists="false" ipc-concordant="C12R1/56" c-set-base-allowed="false" c-set-subsequent-allowed="true" date-revised="2021-05-01" status="published"><classification-symbol>C12R2001/56</classification-symbol><class-title date-revised="2021-05-01"><title-part><text>Streptomyces lavendulae</text></title-part></class-title></classification-item>
<classification-item breakdown-code="true" not-allocatable="false" level="10" additional-only="true" sort-key="C12R1/565" definition-exists="false" ipc-concordant="C12R1/565" c-set-base-allowed="false" c-set-subsequent-allowed="true" date-revised="2021-05-01" status="published"><classification-symbol>C12R2001/565</classification-symbol><class-title date-revised="2021-05-01"><title-part><text>Streptomyces lincolnensis</text></title-part></class-title></classification-item>
<classification-item breakdown-code="true" not-allocatable="false" level="10" additional-only="true" sort-key="C12R1/57" definition-exists="false" ipc-concordant="C12R1/57" c-set-base-allowed="false" c-set-subsequent-allowed="true" date-revised="2021-05-01" status="published"><classification-symbol>C12R2001/57</classification-symbol><class-title date-revised="2021-05-01"><title-part><text>Streptomyces noursei</text></title-part></class-title></classification-item>
<classification-item breakdown-code="true" not-allocatable="false" level="10" additional-only="true" sort-key="C12R1/58" definition-exists="false" ipc-concordant="C12R1/58" c-set-base-allowed="false" c-set-subsequent-allowed="true" date-revised="2021-05-01" status="published"><classification-symbol>C12R2001/58</classification-symbol><class-title date-revised="2021-05-01"><title-part><text>Streptomyces olivaceus</text></title-part></class-title></classification-item>
<classification-item breakdown-code="true" not-allocatable="false" level="10" additional-only="true" sort-key="C12R1/585" definition-exists="false" ipc-concordant="C12R1/585" c-set-base-allowed="false" c-set-subsequent-allowed="true" date-revised="2021-05-01" status="published"><classification-symbol>C12R2001/585</classification-symbol><class-title date-revised="2021-05-01"><title-part><text>Streptomyces platensis</text></title-part></class-title></classification-item>
<classification-item breakdown-code="true" not-allocatable="false" level="10" additional-only="true" sort-key="C12R1/59" definition-exists="false" ipc-concordant="C12R1/59" c-set-base-allowed="false" c-set-subsequent-allowed="true" date-revised="2021-05-01" status="published"><classification-symbol>C12R2001/59</classification-symbol><class-title date-revised="2021-05-01"><title-part><text>Streptomyces rimosus</text></title-part></class-title></classification-item>
<classification-item breakdown-code="true" not-allocatable="false" level="10" additional-only="true" sort-key="C12R1/60" definition-exists="false" ipc-concordant="C12R1/60" c-set-base-allowed="false" c-set-subsequent-allowed="true" date-revised="2021-05-01" status="published"><classification-symbol>C12R2001/60</classification-symbol><class-title date-revised="2021-05-01"><title-part><text>Streptomyces sparsogenes</text></title-part></class-title></classification-item>
<classification-item breakdown-code="true" not-allocatable="false" level="10" additional-only="true" sort-key="C12R1/61" definition-exists="false" ipc-concordant="C12R1/61" c-set-base-allowed="false" c-set-subsequent-allowed="true" date-revised="2021-05-01" status="published"><classification-symbol>C12R2001/61</classification-symbol><class-title date-revised="2021-05-01"><title-part><text>Streptomyces venezuelae</text></title-part></class-title></classification-item></classification-item>
<classification-item breakdown-code="true" not-allocatable="false" level="9" additional-only="true" sort-key="C12R1/62" definition-exists="false" ipc-concordant="C12R1/62" c-set-base-allowed="false" c-set-subsequent-allowed="true" date-revised="2021-05-01" status="published"><classification-symbol>C12R2001/62</classification-symbol><class-title date-revised="2021-05-01"><title-part><text>Streptosporangium</text></title-part></class-title></classification-item>
<classification-item breakdown-code="true" not-allocatable="false" level="9" additional-only="true" sort-key="C12R1/625" definition-exists="false" ipc-concordant="C12R1/625" c-set-base-allowed="false" c-set-subsequent-allowed="true" date-revised="2021-05-01" status="published"><classification-symbol>C12R2001/625</classification-symbol><class-title date-revised="2021-05-01"><title-part><text>Streptoverticillium</text></title-part></class-title></classification-item>
<classification-item breakdown-code="true" not-allocatable="false" level="9" additional-only="true" sort-key="C12R1/63" definition-exists="false" ipc-concordant="C12R1/63" c-set-base-allowed="false" c-set-subsequent-allowed="true" date-revised="2021-05-01" status="published"><classification-symbol>C12R2001/63</classification-symbol><class-title date-revised="2021-05-01"><title-part><text>Vibrio</text></title-part></class-title></classification-item>
<classification-item breakdown-code="true" not-allocatable="false" level="9" additional-only="true" sort-key="C12R1/64" definition-exists="false" ipc-concordant="C12R1/64" c-set-base-allowed="false" c-set-subsequent-allowed="true" date-revised="2021-05-01" status="published"><classification-symbol>C12R2001/64</classification-symbol><class-title date-revised="2021-05-01"><title-part><text>Xanthomonas</text></title-part></class-title></classification-item></classification-item>
<classification-item breakdown-code="true" not-allocatable="false" level="8" additional-only="true" sort-key="C12R1/645" definition-exists="false" ipc-concordant="C12R1/645" c-set-base-allowed="false" c-set-subsequent-allowed="true" date-revised="2021-05-01" status="published"><classification-symbol>C12R2001/645</classification-symbol><class-title date-revised="2021-05-01"><title-part><text>Fungi </text><CPC-specific-text><text>; Processes using fungi</text></CPC-specific-text></title-part></class-title>
<classification-item breakdown-code="true" not-allocatable="false" level="9" additional-only="true" sort-key="C12R1/65" definition-exists="false" ipc-concordant="C12R1/65" c-set-base-allowed="false" c-set-subsequent-allowed="true" date-revised="2021-05-01" status="published"><classification-symbol>C12R2001/65</classification-symbol><class-title date-revised="2021-05-01"><title-part><text>Absidia</text></title-part></class-title></classification-item>
<classification-item breakdown-code="true" not-allocatable="false" level="9" additional-only="true" sort-key="C12R1/66" definition-exists="false" ipc-concordant="C12R1/66" c-set-base-allowed="false" c-set-subsequent-allowed="true" date-revised="2021-05-01" status="published"><classification-symbol>C12R2001/66</classification-symbol><class-title date-revised="2021-05-01"><title-part><text>Aspergillus</text></title-part></class-title>
<classification-item breakdown-code="true" not-allocatable="false" level="10" additional-only="true" sort-key="C12R1/665" definition-exists="false" ipc-concordant="C12R1/665" c-set-base-allowed="false" c-set-subsequent-allowed="true" date-revised="2021-05-01" status="published"><classification-symbol>C12R2001/665</classification-symbol><class-title date-revised="2021-05-01"><title-part><text>Aspergillus awamori</text></title-part></class-title></classification-item>
<classification-item breakdown-code="true" not-allocatable="false" level="10" additional-only="true" sort-key="C12R1/67" definition-exists="false" ipc-concordant="C12R1/67" c-set-base-allowed="false" c-set-subsequent-allowed="true" date-revised="2021-05-01" status="published"><classification-symbol>C12R2001/67</classification-symbol><class-title date-revised="2021-05-01"><title-part><text>Aspergillus flavus</text></title-part></class-title></classification-item>
<classification-item breakdown-code="true" not-allocatable="false" level="10" additional-only="true" sort-key="C12R1/68" definition-exists="false" ipc-concordant="C12R1/68" c-set-base-allowed="false" c-set-subsequent-allowed="true" date-revised="2021-05-01" status="published"><classification-symbol>C12R2001/68</classification-symbol><class-title date-revised="2021-05-01"><title-part><text>Aspergillus fumigatus</text></title-part></class-title></classification-item>
<classification-item breakdown-code="true" not-allocatable="false" level="10" additional-only="true" sort-key="C12R1/685" definition-exists="false" ipc-concordant="C12R1/685" c-set-base-allowed="false" c-set-subsequent-allowed="true" date-revised="2021-05-01" status="published"><classification-symbol>C12R2001/685</classification-symbol><class-title date-revised="2021-05-01"><title-part><text>Aspergillus niger</text></title-part></class-title></classification-item>
<classification-item breakdown-code="true" not-allocatable="false" level="10" additional-only="true" sort-key="C12R1/69" definition-exists="false" ipc-concordant="C12R1/69" c-set-base-allowed="false" c-set-subsequent-allowed="true" date-revised="2021-05-01" status="published"><classification-symbol>C12R2001/69</classification-symbol><class-title date-revised="2021-05-01"><title-part><text>Aspergillus oryzae</text></title-part></class-title></classification-item>
<classification-item breakdown-code="true" not-allocatable="false" level="10" additional-only="true" sort-key="C12R1/70" definition-exists="false" ipc-concordant="C12R1/70" c-set-base-allowed="false" c-set-subsequent-allowed="true" date-revised="2021-05-01" status="published"><classification-symbol>C12R2001/70</classification-symbol><class-title date-revised="2021-05-01"><title-part><text>Aspergillus ustus</text></title-part></class-title></classification-item>
<classification-item breakdown-code="true" not-allocatable="false" level="10" additional-only="true" sort-key="C12R1/71" definition-exists="false" ipc-concordant="C12R1/71" c-set-base-allowed="false" c-set-subsequent-allowed="true" date-revised="2021-05-01" status="published"><classification-symbol>C12R2001/71</classification-symbol><class-title date-revised="2021-05-01"><title-part><text>Aspergillus wentii</text></title-part></class-title></classification-item></classification-item>
<classification-item breakdown-code="true" not-allocatable="false" level="9" additional-only="true" sort-key="C12R1/72" definition-exists="false" ipc-concordant="C12R1/72" c-set-base-allowed="false" c-set-subsequent-allowed="true" date-revised="2021-05-01" status="published"><classification-symbol>C12R2001/72</classification-symbol><class-title date-revised="2021-05-01"><title-part><text>Candida</text></title-part></class-title>
<classification-item breakdown-code="true" not-allocatable="false" level="10" additional-only="true" sort-key="C12R1/725" definition-exists="false" ipc-concordant="C12R1/725" c-set-base-allowed="false" c-set-subsequent-allowed="true" date-revised="2021-05-01" status="published"><classification-symbol>C12R2001/725</classification-symbol><class-title date-revised="2021-05-01"><title-part><text>Candida albicans</text></title-part></class-title></classification-item>
<classification-item breakdown-code="true" not-allocatable="false" level="10" additional-only="true" sort-key="C12R1/73" definition-exists="false" ipc-concordant="C12R1/73" c-set-base-allowed="false" c-set-subsequent-allowed="true" date-revised="2021-05-01" status="published"><classification-symbol>C12R2001/73</classification-symbol><class-title date-revised="2021-05-01"><title-part><text>Candida lipolytica</text></title-part></class-title></classification-item>
<classification-item breakdown-code="true" not-allocatable="false" level="10" additional-only="true" sort-key="C12R1/74" definition-exists="false" ipc-concordant="C12R1/74" c-set-base-allowed="false" c-set-subsequent-allowed="true" date-revised="2021-05-01" status="published"><classification-symbol>C12R2001/74</classification-symbol><class-title date-revised="2021-05-01"><title-part><text>Candida tropicalis</text></title-part></class-title></classification-item></classification-item>
<classification-item breakdown-code="true" not-allocatable="false" level="9" additional-only="true" sort-key="C12R1/745" definition-exists="false" ipc-concordant="C12R1/745" c-set-base-allowed="false" c-set-subsequent-allowed="true" date-revised="2021-05-01" status="published"><classification-symbol>C12R2001/745</classification-symbol><class-title date-revised="2021-05-01"><title-part><text>Cephalosporium </text><CPC-specific-text><text>; Acremonium</text></CPC-specific-text></title-part></class-title>
<classification-item breakdown-code="true" not-allocatable="false" level="10" additional-only="true" sort-key="C12R1/75" definition-exists="false" ipc-concordant="C12R1/75" c-set-base-allowed="false" c-set-subsequent-allowed="true" date-revised="2021-05-01" status="published"><classification-symbol>C12R2001/75</classification-symbol><class-title date-revised="2021-05-01"><title-part><text>Cephalosporium acremonium </text><CPC-specific-text><text>; Acremonium strictum</text></CPC-specific-text></title-part></class-title></classification-item>
<classification-item breakdown-code="true" not-allocatable="false" level="10" additional-only="true" sort-key="C12R1/76" definition-exists="false" ipc-concordant="C12R1/76" c-set-base-allowed="false" c-set-subsequent-allowed="true" date-revised="2021-05-01" status="published"><classification-symbol>C12R2001/76</classification-symbol><class-title date-revised="2021-05-01"><title-part><text>Cephalosporium coerulescens</text></title-part></class-title></classification-item>
<classification-item breakdown-code="true" not-allocatable="false" level="10" additional-only="true" sort-key="C12R1/765" definition-exists="false" ipc-concordant="C12R1/765" c-set-base-allowed="false" c-set-subsequent-allowed="true" date-revised="2021-05-01" status="published"><classification-symbol>C12R2001/765</classification-symbol><class-title date-revised="2021-05-01"><title-part><text>Cephalosporium crotocinigenum </text><CPC-specific-text><text>; Acremonium crotocinigenum; Trichothecium crotocinigenum</text></CPC-specific-text></title-part></class-title></classification-item></classification-item>
<classification-item breakdown-code="true" not-allocatable="false" level="9" additional-only="true" sort-key="C12R1/77" definition-exists="false" ipc-concordant="C12R1/77" c-set-base-allowed="false" c-set-subsequent-allowed="true" date-revised="2021-05-01" status="published"><classification-symbol>C12R2001/77</classification-symbol><class-title date-revised="2021-05-01"><title-part><text>Fusarium</text></title-part></class-title></classification-item>
<classification-item breakdown-code="true" not-allocatable="false" level="9" additional-only="true" sort-key="C12R1/78" definition-exists="false" ipc-concordant="C12R1/78" c-set-base-allowed="false" c-set-subsequent-allowed="true" date-revised="2021-05-01" status="published"><classification-symbol>C12R2001/78</classification-symbol><class-title date-revised="2021-05-01"><title-part><text>Hansenula</text></title-part></class-title></classification-item>
<classification-item breakdown-code="true" not-allocatable="false" level="9" additional-only="true" sort-key="C12R1/785" definition-exists="false" ipc-concordant="C12R1/785" c-set-base-allowed="false" c-set-subsequent-allowed="true" date-revised="2021-05-01" status="published"><classification-symbol>C12R2001/785</classification-symbol><class-title date-revised="2021-05-01"><title-part><text>Mucor</text></title-part></class-title></classification-item>
<classification-item breakdown-code="true" not-allocatable="false" level="9" additional-only="true" sort-key="C12R1/79" definition-exists="false" ipc-concordant="C12R1/79" c-set-base-allowed="false" c-set-subsequent-allowed="true" date-revised="2021-05-01" status="published"><classification-symbol>C12R2001/79</classification-symbol><class-title date-revised="2021-05-01"><title-part><text>Paecilomyces</text></title-part></class-title></classification-item>
<classification-item breakdown-code="true" not-allocatable="false" level="9" additional-only="true" sort-key="C12R1/80" definition-exists="false" ipc-concordant="C12R1/80" c-set-base-allowed="false" c-set-subsequent-allowed="true" date-revised="2021-05-01" status="published"><classification-symbol>C12R2001/80</classification-symbol><class-title date-revised="2021-05-01"><title-part><text>Penicillium</text></title-part></class-title>
<classification-item breakdown-code="true" not-allocatable="false" level="10" additional-only="true" sort-key="C12R1/81" definition-exists="false" ipc-concordant="C12R1/81" c-set-base-allowed="false" c-set-subsequent-allowed="true" date-revised="2021-05-01" status="published"><classification-symbol>C12R2001/81</classification-symbol><class-title date-revised="2021-05-01"><title-part><text>Penicillium brevi</text></title-part></class-title></classification-item>
<classification-item breakdown-code="true" not-allocatable="false" level="10" additional-only="true" sort-key="C12R1/82" definition-exists="false" ipc-concordant="C12R1/82" c-set-base-allowed="false" c-set-subsequent-allowed="true" date-revised="2021-05-01" status="published"><classification-symbol>C12R2001/82</classification-symbol><class-title date-revised="2021-05-01"><title-part><text>Penicillium chrysogenum</text></title-part></class-title></classification-item>
<classification-item breakdown-code="true" not-allocatable="false" level="10" additional-only="true" sort-key="C12R1/825" definition-exists="false" ipc-concordant="C12R1/825" c-set-base-allowed="false" c-set-subsequent-allowed="true" date-revised="2021-05-01" status="published"><classification-symbol>C12R2001/825</classification-symbol><class-title date-revised="2021-05-01"><title-part><text>Penicillium notatum</text></title-part></class-title></classification-item>
<classification-item breakdown-code="true" not-allocatable="false" level="10" additional-only="true" sort-key="C12R1/83" definition-exists="false" ipc-concordant="C12R1/83" c-set-base-allowed="false" c-set-subsequent-allowed="true" date-revised="2021-05-01" status="published"><classification-symbol>C12R2001/83</classification-symbol><class-title date-revised="2021-05-01"><title-part><text>Penicillium patulum </text><CPC-specific-text><text>; Penicillium griseofulvum</text></CPC-specific-text></title-part></class-title></classification-item></classification-item>
<classification-item breakdown-code="true" not-allocatable="false" level="9" additional-only="true" sort-key="C12R1/84" definition-exists="false" ipc-concordant="C12R1/84" c-set-base-allowed="false" c-set-subsequent-allowed="true" date-revised="2021-05-01" status="published"><classification-symbol>C12R2001/84</classification-symbol><class-title date-revised="2021-05-01"><title-part><text>Pichia</text></title-part></class-title></classification-item>
<classification-item breakdown-code="true" not-allocatable="false" level="9" additional-only="true" sort-key="C12R1/845" definition-exists="false" ipc-concordant="C12R1/845" c-set-base-allowed="false" c-set-subsequent-allowed="true" date-revised="2021-05-01" status="published"><classification-symbol>C12R2001/845</classification-symbol><class-title date-revised="2021-05-01"><title-part><text>Rhizopus</text></title-part></class-title></classification-item>
<classification-item breakdown-code="true" not-allocatable="false" level="9" additional-only="true" sort-key="C12R1/85" definition-exists="false" ipc-concordant="C12R1/85" c-set-base-allowed="false" c-set-subsequent-allowed="true" date-revised="2021-05-01" status="published"><classification-symbol>C12R2001/85</classification-symbol><class-title date-revised="2021-05-01"><title-part><text>Saccharomyces</text></title-part></class-title>
<classification-item breakdown-code="true" not-allocatable="false" level="10" additional-only="true" sort-key="C12R1/86" definition-exists="false" ipc-concordant="C12R1/86" c-set-base-allowed="false" c-set-subsequent-allowed="true" date-revised="2021-05-01" status="published"><classification-symbol>C12R2001/86</classification-symbol><class-title date-revised="2021-05-01"><title-part><text>Saccharomyces carlsbergensis </text><CPC-specific-text><text>; Saccharomyces pastorianus</text></CPC-specific-text></title-part></class-title></classification-item>
<classification-item breakdown-code="true" not-allocatable="false" level="10" additional-only="true" sort-key="C12R1/865" definition-exists="false" ipc-concordant="C12R1/865" c-set-base-allowed="false" c-set-subsequent-allowed="true" date-revised="2021-05-01" status="published"><classification-symbol>C12R2001/865</classification-symbol><class-title date-revised="2021-05-01"><title-part><text>Saccharomyces cerevisiae</text></title-part></class-title></classification-item>
<classification-item breakdown-code="true" not-allocatable="false" level="10" additional-only="true" sort-key="C12R1/87" definition-exists="false" ipc-concordant="C12R1/87" c-set-base-allowed="false" c-set-subsequent-allowed="true" date-revised="2021-05-01" status="published"><classification-symbol>C12R2001/87</classification-symbol><class-title date-revised="2021-05-01"><title-part><text>Saccharomyces lactis </text><CPC-specific-text><text>; Kluyveromyces lactis</text></CPC-specific-text></title-part></class-title></classification-item></classification-item>
<classification-item breakdown-code="true" not-allocatable="false" level="9" additional-only="true" sort-key="C12R1/88" definition-exists="false" ipc-concordant="C12R1/88" c-set-base-allowed="false" c-set-subsequent-allowed="true" date-revised="2021-05-01" status="published"><classification-symbol>C12R2001/88</classification-symbol><class-title date-revised="2021-05-01"><title-part><text>Torulopsis</text></title-part></class-title></classification-item>
<classification-item breakdown-code="true" not-allocatable="false" level="9" additional-only="true" sort-key="C12R1/885" definition-exists="false" ipc-concordant="C12R1/885" c-set-base-allowed="false" c-set-subsequent-allowed="true" date-revised="2021-05-01" status="published"><classification-symbol>C12R2001/885</classification-symbol><class-title date-revised="2021-05-01"><title-part><text>Trichoderma</text></title-part></class-title></classification-item></classification-item>
<classification-item breakdown-code="true" not-allocatable="false" level="8" additional-only="true" sort-key="C12R1/89" definition-exists="false" ipc-concordant="C12R1/89" c-set-base-allowed="false" c-set-subsequent-allowed="true" date-revised="2021-05-01" status="published"><classification-symbol>C12R2001/89</classification-symbol><class-title date-revised="2021-05-01"><title-part><text>Algae </text><CPC-specific-text><text>; Processes using algae</text></CPC-specific-text></title-part></class-title></classification-item>
<classification-item breakdown-code="true" not-allocatable="false" level="8" additional-only="true" sort-key="C12R1/90" definition-exists="false" ipc-concordant="C12R1/90" c-set-base-allowed="false" c-set-subsequent-allowed="true" date-revised="2021-05-01" status="published"><classification-symbol>C12R2001/90</classification-symbol><class-title date-revised="2021-05-01"><title-part><text>Protozoa </text><CPC-specific-text><text>; Processes using protozoa</text></CPC-specific-text></title-part></class-title></classification-item>
<classification-item breakdown-code="true" not-allocatable="false" level="8" additional-only="true" sort-key="C12R1/91" definition-exists="false" ipc-concordant="C12R1/91" c-set-base-allowed="false" c-set-subsequent-allowed="true" date-revised="2021-05-01" status="published"><classification-symbol>C12R2001/91</classification-symbol><class-title date-revised="2021-05-01"><title-part><text>Cell lines </text><CPC-specific-text><text>; Processes using cell lines</text></CPC-specific-text></title-part></class-title></classification-item></classification-item></classification-item></classification-item></class-scheme>