<?xml version="1.0" encoding="UTF-8"?>
<class-scheme publication-date="2021-05-01" scheme-type="cpc" publication-type="official">
<classification-item breakdown-code="false" not-allocatable="true" level="5" additional-only="false" sort-key="A21B" definition-exists="true" date-revised="2018-08-01" status="published"><classification-symbol>A21B</classification-symbol><class-title date-revised="2013-01-01"><title-part><text>BAKERS&apos; OVENS</text></title-part><title-part><text>MACHINES OR EQUIPMENT FOR BAKING </text><reference><text>domestic baking equipment <class-ref scheme="cpc">A47J37/00</class-ref>; combustion apparatus <class-ref scheme="cpc">F23</class-ref>; domestic stoves or ranges being wholly or partly ovens <class-ref scheme="cpc">F24B</class-ref>, <class-ref scheme="cpc">F24C</class-ref></text></reference></title-part></class-title><notes-and-warnings><note type="warning"><note-paragraph>In this subclass non-limiting references (in the sense of paragraph 39 of the Guide to the IPC) may still be displayed in the scheme.</note-paragraph></note></notes-and-warnings>
<classification-item breakdown-code="false" not-allocatable="true" level="6" additional-only="false" sort-key="A21B1/00" date-revised="2013-01-01" status="published"><classification-symbol>A21B1/00</classification-symbol>
<classification-item breakdown-code="false" not-allocatable="false" level="7" additional-only="false" sort-key="A21B1/00" definition-exists="true" ipc-concordant="A21B1/00" c-set-base-allowed="false" c-set-subsequent-allowed="true" date-revised="2013-01-01" status="published"><classification-symbol>A21B1/00</classification-symbol><class-title date-revised="2013-01-01"><title-part><text>Bakers&apos; ovens</text></title-part></class-title>
<classification-item breakdown-code="false" not-allocatable="false" level="8" additional-only="false" sort-key="A21B1/02" definition-exists="false" ipc-concordant="A21B1/02" c-set-base-allowed="false" c-set-subsequent-allowed="true" date-revised="2013-01-01" status="published"><classification-symbol>A21B1/02</classification-symbol><class-title date-revised="2013-01-01"><title-part><text>characterised by the heating arrangements</text></title-part></class-title>
<classification-item breakdown-code="false" not-allocatable="false" level="9" additional-only="false" sort-key="A21B1/04" definition-exists="false" ipc-concordant="A21B1/04" c-set-base-allowed="false" c-set-subsequent-allowed="true" date-revised="2013-01-01" status="published"><classification-symbol>A21B1/04</classification-symbol><class-title date-revised="2013-01-01"><title-part><text>Ovens heated by fire before baking only</text></title-part></class-title></classification-item>
<classification-item breakdown-code="false" not-allocatable="false" level="9" additional-only="false" sort-key="A21B1/06" definition-exists="false" ipc-concordant="A21B1/06" c-set-base-allowed="false" c-set-subsequent-allowed="true" date-revised="2013-01-01" status="published"><classification-symbol>A21B1/06</classification-symbol><class-title date-revised="2013-01-01"><title-part><text>Ovens heated by radiators</text></title-part></class-title>
<classification-item breakdown-code="false" not-allocatable="false" level="10" additional-only="false" sort-key="A21B1/08" definition-exists="false" ipc-concordant="A21B1/08" c-set-base-allowed="false" c-set-subsequent-allowed="true" date-revised="2013-01-01" status="published"><classification-symbol>A21B1/08</classification-symbol><class-title date-revised="2013-01-01"><title-part><text>by steam-heated radiators</text></title-part></class-title></classification-item>
<classification-item breakdown-code="false" not-allocatable="false" level="10" additional-only="false" sort-key="A21B1/10" definition-exists="false" ipc-concordant="A21B1/10" c-set-base-allowed="false" c-set-subsequent-allowed="true" date-revised="2013-01-01" status="published"><classification-symbol>A21B1/10</classification-symbol><class-title date-revised="2013-01-01"><title-part><text>by radiators heated by fluids other than steam</text></title-part></class-title></classification-item>
<classification-item breakdown-code="false" not-allocatable="false" level="10" additional-only="false" sort-key="A21B1/14" definition-exists="false" ipc-concordant="A21B1/14" c-set-base-allowed="false" c-set-subsequent-allowed="true" date-revised="2013-01-01" status="published"><classification-symbol>A21B1/14</classification-symbol><class-title date-revised="2013-01-01"><title-part><text>Arrangement of radiators</text></title-part></class-title>
<classification-item breakdown-code="false" not-allocatable="false" level="11" additional-only="false" sort-key="A21B1/145" definition-exists="false" ipc-concordant="A21B1/14" c-set-base-allowed="false" c-set-subsequent-allowed="true" date-revised="2013-01-01" status="published"><classification-symbol>A21B1/145</classification-symbol><class-title date-revised="2013-01-01"><title-part><CPC-specific-text><text>Radiators consisting of tubes</text></CPC-specific-text></title-part></class-title></classification-item></classification-item>
<classification-item breakdown-code="false" not-allocatable="false" level="10" additional-only="false" sort-key="A21B1/22" definition-exists="false" ipc-concordant="A21B1/22" c-set-base-allowed="false" c-set-subsequent-allowed="true" date-revised="2013-01-01" status="published"><classification-symbol>A21B1/22</classification-symbol><class-title date-revised="2013-01-01"><title-part><text>by electric radiators </text><reference><text><class-ref scheme="cpc">A21B2/00</class-ref> takes precedence; electric heating elements <class-ref scheme="cpc">H05B</class-ref></text></reference></title-part></class-title></classification-item></classification-item>
<classification-item breakdown-code="false" not-allocatable="false" level="9" additional-only="false" sort-key="A21B1/24" definition-exists="false" ipc-concordant="A21B1/24" c-set-base-allowed="false" c-set-subsequent-allowed="true" date-revised="2013-01-01" status="published"><classification-symbol>A21B1/24</classification-symbol><class-title date-revised="2013-01-01"><title-part><text>Ovens heated by media flowing therethrough</text></title-part></class-title>
<classification-item breakdown-code="false" not-allocatable="false" level="10" additional-only="false" sort-key="A21B1/245" definition-exists="false" ipc-concordant="A21B1/24" c-set-base-allowed="false" c-set-subsequent-allowed="true" date-revised="2013-01-01" status="published"><classification-symbol>A21B1/245</classification-symbol><class-title date-revised="2013-01-01"><title-part><CPC-specific-text><text>with a plurality of air nozzles to obtain an impingement effect on the food</text></CPC-specific-text></title-part></class-title></classification-item>
<classification-item breakdown-code="false" not-allocatable="false" level="10" additional-only="false" sort-key="A21B1/26" definition-exists="false" ipc-concordant="A21B1/26" c-set-base-allowed="false" c-set-subsequent-allowed="true" date-revised="2013-01-01" status="published"><classification-symbol>A21B1/26</classification-symbol><class-title date-revised="2013-01-01"><title-part><text>by hot air</text></title-part></class-title></classification-item>
<classification-item breakdown-code="false" not-allocatable="false" level="10" additional-only="false" sort-key="A21B1/28" definition-exists="false" ipc-concordant="A21B1/28" c-set-base-allowed="false" c-set-subsequent-allowed="true" date-revised="2013-01-01" status="published"><classification-symbol>A21B1/28</classification-symbol><class-title date-revised="2013-01-01"><title-part><text>by gaseous combustion products</text></title-part></class-title></classification-item></classification-item>
<classification-item breakdown-code="false" not-allocatable="false" level="9" additional-only="false" sort-key="A21B1/33" definition-exists="false" ipc-concordant="A21B1/33" c-set-base-allowed="false" c-set-subsequent-allowed="true" date-revised="2013-01-01" status="published"><classification-symbol>A21B1/33</classification-symbol><class-title date-revised="2013-01-01"><title-part><text>Ovens heated directly by combustion products </text><reference><text><class-ref scheme="cpc">A21B1/04</class-ref> takes precedence</text></reference></title-part></class-title></classification-item>
<classification-item breakdown-code="false" not-allocatable="false" level="9" additional-only="false" sort-key="A21B1/36" definition-exists="false" ipc-concordant="A21B1/36" c-set-base-allowed="false" c-set-subsequent-allowed="true" date-revised="2013-01-01" status="published"><classification-symbol>A21B1/36</classification-symbol><class-title date-revised="2013-01-01"><title-part><text>Ovens heated directly by hot fluid </text><reference><text><class-ref scheme="cpc">A21B1/06</class-ref>, <class-ref scheme="cpc">A21B1/33</class-ref> take precedence</text></reference></title-part></class-title></classification-item></classification-item>
<classification-item breakdown-code="false" not-allocatable="false" level="8" additional-only="false" sort-key="A21B1/40" definition-exists="false" ipc-concordant="A21B1/40" c-set-base-allowed="false" c-set-subsequent-allowed="true" date-revised="2013-01-01" status="published"><classification-symbol>A21B1/40</classification-symbol><class-title date-revised="2013-01-01"><title-part><text>characterised by the means for regulating the temperature </text><reference><text>temperature-sensitive elements <class-ref scheme="cpc">G01K</class-ref></text></reference></title-part></class-title></classification-item>
<classification-item breakdown-code="false" not-allocatable="false" level="8" additional-only="false" sort-key="A21B1/42" definition-exists="true" ipc-concordant="A21B1/42" c-set-base-allowed="false" c-set-subsequent-allowed="true" date-revised="2013-01-01" status="published"><classification-symbol>A21B1/42</classification-symbol><class-title date-revised="2013-01-01"><title-part><text>characterised by the baking surfaces moving during the baking </text><reference><text>conveying in general <class-ref scheme="cpc">B65G</class-ref></text></reference></title-part></class-title>
<classification-item breakdown-code="false" not-allocatable="false" level="9" additional-only="false" sort-key="A21B1/44" definition-exists="false" ipc-concordant="A21B1/44" c-set-base-allowed="false" c-set-subsequent-allowed="true" date-revised="2013-01-01" status="published"><classification-symbol>A21B1/44</classification-symbol><class-title date-revised="2013-01-01"><title-part><text>with surfaces rotating in a horizontal plane</text></title-part></class-title></classification-item>
<classification-item breakdown-code="false" not-allocatable="false" level="9" additional-only="false" sort-key="A21B1/46" definition-exists="false" ipc-concordant="A21B1/46" c-set-base-allowed="false" c-set-subsequent-allowed="true" date-revised="2016-05-01" status="published"><classification-symbol>A21B1/46</classification-symbol><class-title date-revised="2016-05-01"><title-part><text>with surfaces suspended from an endless conveyor or a revolving wheel</text></title-part></class-title></classification-item>
<classification-item breakdown-code="false" not-allocatable="false" level="9" additional-only="false" sort-key="A21B1/48" definition-exists="false" ipc-concordant="A21B1/48" c-set-base-allowed="false" c-set-subsequent-allowed="true" date-revised="2013-01-01" status="published"><classification-symbol>A21B1/48</classification-symbol><class-title date-revised="2013-01-01"><title-part><text>with surfaces in the form of an endless band</text></title-part></class-title></classification-item></classification-item>
<classification-item breakdown-code="false" not-allocatable="false" level="8" additional-only="false" sort-key="A21B1/50" definition-exists="false" ipc-concordant="A21B1/50" c-set-base-allowed="false" c-set-subsequent-allowed="true" date-revised="2013-01-01" status="published"><classification-symbol>A21B1/50</classification-symbol><class-title date-revised="2013-01-01"><title-part><text>characterised by having removable baking surfaces</text></title-part></class-title></classification-item>
<classification-item breakdown-code="false" not-allocatable="false" level="8" additional-only="false" sort-key="A21B1/52" definition-exists="false" ipc-concordant="A21B1/52" c-set-base-allowed="false" c-set-subsequent-allowed="true" date-revised="2013-01-01" status="published"><classification-symbol>A21B1/52</classification-symbol><class-title date-revised="2013-01-01"><title-part><text>Portable ovens</text></title-part><title-part><text>Collapsible ovens </text><reference><text>travelling or camp cookers <class-ref scheme="cpc">A47J33/00</class-ref></text></reference></title-part></class-title></classification-item></classification-item>
<classification-item breakdown-code="false" not-allocatable="false" level="7" additional-only="false" sort-key="A21B2/00" definition-exists="true" ipc-concordant="A21B2/00" c-set-base-allowed="false" c-set-subsequent-allowed="true" date-revised="2013-01-01" status="published"><classification-symbol>A21B2/00</classification-symbol><class-title date-revised="2013-01-01"><title-part><text>Baking apparatus employing high-frequency or infra-red heating</text></title-part></class-title></classification-item>
<classification-item breakdown-code="false" not-allocatable="false" level="7" additional-only="false" sort-key="A21B3/00" definition-exists="true" ipc-concordant="A21B3/00" c-set-base-allowed="false" c-set-subsequent-allowed="true" date-revised="2013-01-01" status="published"><classification-symbol>A21B3/00</classification-symbol><class-title date-revised="2013-01-01"><title-part><text>Parts or accessories of ovens</text></title-part></class-title>
<classification-item breakdown-code="false" not-allocatable="false" level="8" additional-only="false" sort-key="A21B3/003" definition-exists="false" ipc-concordant="A21B3/00" c-set-base-allowed="false" c-set-subsequent-allowed="true" date-revised="2013-01-01" status="published"><classification-symbol>A21B3/003</classification-symbol><class-title date-revised="2013-01-01"><title-part><CPC-specific-text><text>Baker&apos;s peels</text></CPC-specific-text></title-part></class-title></classification-item>
<classification-item breakdown-code="false" not-allocatable="false" level="8" additional-only="false" sort-key="A21B3/006" definition-exists="false" ipc-concordant="A21B3/00" c-set-base-allowed="false" c-set-subsequent-allowed="true" date-revised="2016-11-01" status="published"><classification-symbol>A21B3/006</classification-symbol><class-title date-revised="2013-01-01"><title-part><CPC-specific-text><text>Means for cleaning the baking cavity</text></CPC-specific-text></title-part></class-title></classification-item>
<classification-item breakdown-code="false" not-allocatable="false" level="8" additional-only="false" sort-key="A21B3/02" definition-exists="true" ipc-concordant="A21B3/02" c-set-base-allowed="false" c-set-subsequent-allowed="true" date-revised="2013-01-01" status="published"><classification-symbol>A21B3/02</classification-symbol><class-title date-revised="2013-01-01"><title-part><text>Doors</text></title-part><title-part><text>Flap gates </text><reference><text>general features of doors <class-ref scheme="cpc">E06B</class-ref></text></reference></title-part></class-title></classification-item>
<classification-item breakdown-code="false" not-allocatable="false" level="8" additional-only="false" sort-key="A21B3/04" definition-exists="true" ipc-concordant="A21B3/04" c-set-base-allowed="false" c-set-subsequent-allowed="true" date-revised="2013-01-01" status="published"><classification-symbol>A21B3/04</classification-symbol><class-title date-revised="2013-01-01"><title-part><text>Air-treatment devices for ovens, e.g. regulating humidity</text></title-part></class-title></classification-item>
<classification-item breakdown-code="false" not-allocatable="false" level="8" additional-only="false" sort-key="A21B3/07" definition-exists="true" ipc-concordant="A21B3/07" c-set-base-allowed="false" c-set-subsequent-allowed="true" date-revised="2013-01-01" status="published"><classification-symbol>A21B3/07</classification-symbol><class-title date-revised="2013-01-01"><title-part><text>Charging or discharging ovens </text><reference><text><class-ref scheme="cpc">A21B3/18</class-ref> takes precedence</text></reference></title-part></class-title></classification-item>
<classification-item breakdown-code="false" not-allocatable="false" level="8" additional-only="false" sort-key="A21B3/10" definition-exists="true" ipc-concordant="A21B3/10" c-set-base-allowed="false" c-set-subsequent-allowed="true" date-revised="2013-01-01" status="published"><classification-symbol>A21B3/10</classification-symbol><class-title date-revised="2013-01-01"><title-part><text>Means for illuminating ovens</text></title-part></class-title></classification-item>
<classification-item breakdown-code="false" not-allocatable="false" level="8" additional-only="false" sort-key="A21B3/13" definition-exists="true" ipc-concordant="A21B3/13" c-set-base-allowed="false" c-set-subsequent-allowed="true" date-revised="2013-01-01" status="published"><classification-symbol>A21B3/13</classification-symbol><class-title date-revised="2013-01-01"><title-part><text>Baking-tins</text></title-part><title-part><text>Baking forms</text></title-part></class-title>
<classification-item breakdown-code="false" not-allocatable="false" level="9" additional-only="false" sort-key="A21B3/131" definition-exists="false" ipc-concordant="A21B3/13" c-set-base-allowed="false" c-set-subsequent-allowed="true" date-revised="2013-01-01" status="published"><classification-symbol>A21B3/131</classification-symbol><class-title date-revised="2013-01-01"><title-part><CPC-specific-text><text>removable, foldable or disposable</text></CPC-specific-text></title-part></class-title></classification-item>
<classification-item breakdown-code="false" not-allocatable="false" level="9" additional-only="false" sort-key="A21B3/132" definition-exists="false" ipc-concordant="A21B3/13" c-set-base-allowed="false" c-set-subsequent-allowed="true" date-revised="2013-01-01" status="published"><classification-symbol>A21B3/132</classification-symbol><class-title date-revised="2013-01-01"><title-part><CPC-specific-text><text>Assemblies of several baking-tins or forms </text><reference><text><class-ref scheme="cpc">A21B3/134</class-ref> takes precedence</text></reference></CPC-specific-text></title-part></class-title></classification-item>
<classification-item breakdown-code="false" not-allocatable="false" level="9" additional-only="false" sort-key="A21B3/133" definition-exists="false" ipc-concordant="A21B3/13" c-set-base-allowed="false" c-set-subsequent-allowed="true" date-revised="2013-01-01" status="published"><classification-symbol>A21B3/133</classification-symbol><class-title date-revised="2013-01-01"><title-part><CPC-specific-text><text>for making bread</text></CPC-specific-text></title-part></class-title>
<classification-item breakdown-code="false" not-allocatable="false" level="10" additional-only="false" sort-key="A21B3/134" definition-exists="false" ipc-concordant="A21B3/13" c-set-base-allowed="false" c-set-subsequent-allowed="true" date-revised="2013-01-01" status="published"><classification-symbol>A21B3/134</classification-symbol><class-title date-revised="2013-01-01"><title-part><CPC-specific-text><text>Multiple bread pans</text></CPC-specific-text></title-part></class-title></classification-item></classification-item>
<classification-item breakdown-code="false" not-allocatable="false" level="9" additional-only="false" sort-key="A21B3/135" definition-exists="false" ipc-concordant="A21B3/13" c-set-base-allowed="false" c-set-subsequent-allowed="true" date-revised="2013-01-01" status="published"><classification-symbol>A21B3/135</classification-symbol><class-title date-revised="2013-01-01"><title-part><CPC-specific-text><text>Accessories, e.g. covers, handles</text></CPC-specific-text></title-part></class-title></classification-item>
<classification-item breakdown-code="false" not-allocatable="false" level="9" additional-only="false" sort-key="A21B3/136" definition-exists="false" ipc-concordant="A21B3/13" c-set-base-allowed="false" c-set-subsequent-allowed="true" date-revised="2016-11-01" status="published"><classification-symbol>A21B3/136</classification-symbol><class-title date-revised="2013-01-01"><title-part><CPC-specific-text><text>with reinforcements</text></CPC-specific-text></title-part></class-title></classification-item>
<classification-item breakdown-code="false" not-allocatable="false" level="9" additional-only="false" sort-key="A21B3/137" definition-exists="false" ipc-concordant="A21B3/13" c-set-base-allowed="false" c-set-subsequent-allowed="true" date-revised="2013-01-01" status="published"><classification-symbol>A21B3/137</classification-symbol><class-title date-revised="2013-01-01"><title-part><CPC-specific-text><text>with detachable side and bottom parts, e.g. springform</text></CPC-specific-text></title-part></class-title></classification-item>
<classification-item breakdown-code="false" not-allocatable="false" level="9" additional-only="false" sort-key="A21B3/138" definition-exists="false" ipc-concordant="A21B3/13" c-set-base-allowed="false" c-set-subsequent-allowed="true" date-revised="2013-01-01" status="published"><classification-symbol>A21B3/138</classification-symbol><class-title date-revised="2013-01-01"><title-part><CPC-specific-text><text>flexible forms, e.g. made from silicone</text></CPC-specific-text></title-part></class-title></classification-item>
<classification-item breakdown-code="false" not-allocatable="false" level="9" additional-only="false" sort-key="A21B3/139" definition-exists="false" ipc-concordant="A21B3/13" c-set-base-allowed="false" c-set-subsequent-allowed="true" date-revised="2013-01-01" status="published"><classification-symbol>A21B3/139</classification-symbol><class-title date-revised="2013-01-01"><title-part><CPC-specific-text><text>with apertures to vent steam</text></CPC-specific-text></title-part></class-title></classification-item></classification-item>
<classification-item breakdown-code="false" not-allocatable="false" level="8" additional-only="false" sort-key="A21B3/15" definition-exists="true" ipc-concordant="A21B3/15" c-set-base-allowed="false" c-set-subsequent-allowed="true" date-revised="2013-01-01" status="published"><classification-symbol>A21B3/15</classification-symbol><class-title date-revised="2013-01-01"><title-part><text>Baking sheets</text></title-part><title-part><text>Baking boards</text></title-part></class-title>
<classification-item breakdown-code="false" not-allocatable="false" level="9" additional-only="false" sort-key="A21B3/155" definition-exists="false" ipc-concordant="A21B3/15" c-set-base-allowed="false" c-set-subsequent-allowed="true" date-revised="2013-01-01" status="published"><classification-symbol>A21B3/155</classification-symbol><class-title date-revised="2013-01-01"><title-part><CPC-specific-text><text>of wire or mesh wire material </text><reference><text><class-ref scheme="cpc">A21B3/131</class-ref> takes precedence</text></reference></CPC-specific-text></title-part></class-title></classification-item></classification-item>
<classification-item breakdown-code="false" not-allocatable="false" level="8" additional-only="false" sort-key="A21B3/16" definition-exists="true" ipc-concordant="A21B3/16" c-set-base-allowed="false" c-set-subsequent-allowed="true" date-revised="2013-01-01" status="published"><classification-symbol>A21B3/16</classification-symbol><class-title date-revised="2013-01-01"><title-part><text>Machines for cleaning or greasing baking surfaces</text></title-part></class-title></classification-item>
<classification-item breakdown-code="false" not-allocatable="false" level="8" additional-only="false" sort-key="A21B3/18" definition-exists="true" ipc-concordant="A21B3/18" c-set-base-allowed="false" c-set-subsequent-allowed="true" date-revised="2013-01-01" status="published"><classification-symbol>A21B3/18</classification-symbol><class-title date-revised="2013-01-01"><title-part><text>Discharging baked goods from tins </text><reference><text>unpacking in general <class-ref scheme="cpc">B65B69/00</class-ref></text></reference></title-part></class-title></classification-item></classification-item>
<classification-item breakdown-code="false" not-allocatable="false" level="7" additional-only="false" sort-key="A21B5/00" definition-exists="true" ipc-concordant="A21B5/00" c-set-base-allowed="false" c-set-subsequent-allowed="true" date-revised="2013-01-01" status="published"><classification-symbol>A21B5/00</classification-symbol><class-title date-revised="2013-01-01"><title-part><text>Baking apparatus for special goods</text></title-part><title-part><text>Other baking apparatus</text></title-part></class-title>
<classification-item breakdown-code="false" not-allocatable="false" level="8" additional-only="false" sort-key="A21B5/02" definition-exists="true" ipc-concordant="A21B5/02" c-set-base-allowed="false" c-set-subsequent-allowed="true" date-revised="2013-01-01" status="published"><classification-symbol>A21B5/02</classification-symbol><class-title date-revised="2013-01-01"><title-part><text>Apparatus for baking hollow articles, waffles, pastry, biscuits, or the like</text></title-part></class-title>
<classification-item breakdown-code="false" not-allocatable="false" level="9" additional-only="false" sort-key="A21B5/023" definition-exists="false" ipc-concordant="A21B5/02" c-set-base-allowed="false" c-set-subsequent-allowed="true" date-revised="2013-01-01" status="published"><classification-symbol>A21B5/023</classification-symbol><class-title date-revised="2013-01-01"><title-part><CPC-specific-text><text>Hinged moulds for baking waffles</text></CPC-specific-text></title-part></class-title></classification-item>
<classification-item breakdown-code="false" not-allocatable="false" level="9" additional-only="false" sort-key="A21B5/026" definition-exists="false" ipc-concordant="A21B5/02" c-set-base-allowed="false" c-set-subsequent-allowed="true" date-revised="2013-01-01" status="published"><classification-symbol>A21B5/026</classification-symbol><class-title date-revised="2013-01-01"><title-part><CPC-specific-text><text>for baking waffle cups or cones</text></CPC-specific-text></title-part></class-title></classification-item>
<classification-item breakdown-code="false" not-allocatable="false" level="9" additional-only="false" sort-key="A21B5/03" definition-exists="false" ipc-concordant="A21B5/03" c-set-base-allowed="false" c-set-subsequent-allowed="true" date-revised="2013-01-01" status="published"><classification-symbol>A21B5/03</classification-symbol><class-title date-revised="2013-01-01"><title-part><text>for baking pancakes </text><reference><text>frying pans <class-ref scheme="cpc">A47J37/10</class-ref></text></reference></title-part></class-title></classification-item></classification-item>
<classification-item breakdown-code="false" not-allocatable="false" level="8" additional-only="false" sort-key="A21B5/04" definition-exists="false" ipc-concordant="A21B5/04" c-set-base-allowed="false" c-set-subsequent-allowed="true" date-revised="2013-01-01" status="published"><classification-symbol>A21B5/04</classification-symbol><class-title date-revised="2013-01-01"><title-part><text>Apparatus for baking cylindrical cakes on spits</text></title-part></class-title></classification-item>
<classification-item breakdown-code="false" not-allocatable="false" level="8" additional-only="false" sort-key="A21B5/06" definition-exists="false" ipc-concordant="A21B5/06" c-set-base-allowed="false" c-set-subsequent-allowed="true" date-revised="2013-01-01" status="published"><classification-symbol>A21B5/06</classification-symbol><class-title date-revised="2013-01-01"><title-part><text>Apparatus for baking in salt solution, e.g. for making pretzels</text></title-part></class-title></classification-item>
<classification-item breakdown-code="false" not-allocatable="false" level="8" additional-only="false" sort-key="A21B5/08" definition-exists="true" ipc-concordant="A21B5/08" c-set-base-allowed="false" c-set-subsequent-allowed="true" date-revised="2013-01-01" status="published"><classification-symbol>A21B5/08</classification-symbol><class-title date-revised="2013-01-01"><title-part><text>Apparatus for baking in baking fat or oil, e.g. for making doughnuts</text></title-part></class-title>
<classification-item breakdown-code="false" not-allocatable="false" level="9" additional-only="false" sort-key="A21B5/085" definition-exists="false" ipc-concordant="A21B5/08" c-set-base-allowed="false" c-set-subsequent-allowed="true" date-revised="2013-01-01" status="published"><classification-symbol>A21B5/085</classification-symbol><class-title date-revised="2013-01-01"><title-part><CPC-specific-text><text>for applying oil to bakery products</text></CPC-specific-text></title-part></class-title></classification-item></classification-item></classification-item>
<classification-item breakdown-code="false" not-allocatable="false" level="7" additional-only="false" sort-key="A21B7/00" definition-exists="true" ipc-concordant="A21B7/00" c-set-base-allowed="false" c-set-subsequent-allowed="true" date-revised="2013-01-01" status="published"><classification-symbol>A21B7/00</classification-symbol><class-title date-revised="2013-01-01"><title-part><text>Baking plants</text></title-part></class-title>
<classification-item breakdown-code="false" not-allocatable="false" level="8" additional-only="false" sort-key="A21B7/005" definition-exists="false" ipc-concordant="A21B7/00" c-set-base-allowed="false" c-set-subsequent-allowed="true" date-revised="2013-01-01" status="published"><classification-symbol>A21B7/005</classification-symbol><class-title date-revised="2013-01-01"><title-part><CPC-specific-text><text>in combination with mixing or kneading devices</text></CPC-specific-text></title-part></class-title></classification-item></classification-item></classification-item></classification-item></class-scheme>