<?xml version="1.0" encoding="UTF-8"?>
<class-scheme publication-date="2021-05-01" scheme-type="cpc" publication-type="official">
<classification-item breakdown-code="false" not-allocatable="true" level="5" additional-only="false" sort-key="A41B" definition-exists="true" date-revised="2018-08-01" status="published"><classification-symbol>A41B</classification-symbol><class-title date-revised="2013-01-01"><title-part><text>SHIRTS</text></title-part><title-part><text>UNDERWEAR</text></title-part><title-part><text>BABY LINEN</text></title-part><title-part><text>HANDKERCHIEFS</text></title-part></class-title><notes-and-warnings><note type="warning"><note-paragraph>In this subclass non-limiting references (in the sense of paragraph 39 of the Guide to the IPC) may still be displayed in the scheme.</note-paragraph></note></notes-and-warnings>
<classification-item breakdown-code="false" not-allocatable="true" level="6" additional-only="false" sort-key="A41B1/00" date-revised="2013-01-01" status="published"><classification-symbol>A41B1/00</classification-symbol>
<classification-item breakdown-code="false" not-allocatable="false" level="7" additional-only="false" sort-key="A41B1/00" definition-exists="true" ipc-concordant="A41B1/00" c-set-base-allowed="false" c-set-subsequent-allowed="true" date-revised="2013-01-01" status="published"><classification-symbol>A41B1/00</classification-symbol><class-title date-revised="2013-01-01"><title-part><text>Shirts</text></title-part></class-title>
<classification-item breakdown-code="false" not-allocatable="false" level="8" additional-only="false" sort-key="A41B1/02" definition-exists="true" ipc-concordant="A41B1/02" c-set-base-allowed="false" c-set-subsequent-allowed="true" date-revised="2013-01-01" status="published"><classification-symbol>A41B1/02</classification-symbol><class-title date-revised="2013-01-01"><title-part><text>with front inserts</text></title-part></class-title></classification-item>
<classification-item breakdown-code="false" not-allocatable="false" level="8" additional-only="false" sort-key="A41B1/04" definition-exists="true" ipc-concordant="A41B1/04" c-set-base-allowed="false" c-set-subsequent-allowed="true" date-revised="2013-01-01" status="published"><classification-symbol>A41B1/04</classification-symbol><class-title date-revised="2013-01-01"><title-part><text>convertible into cami-knickers</text></title-part></class-title></classification-item>
<classification-item breakdown-code="false" not-allocatable="false" level="8" additional-only="false" sort-key="A41B1/06" definition-exists="true" ipc-concordant="A41B1/06" c-set-base-allowed="false" c-set-subsequent-allowed="true" date-revised="2013-01-01" status="published"><classification-symbol>A41B1/06</classification-symbol><class-title date-revised="2013-01-01"><title-part><text>exchangeably attached to underbodices, drawers, or the like</text></title-part></class-title></classification-item>
<classification-item breakdown-code="false" not-allocatable="false" level="8" additional-only="false" sort-key="A41B1/08" definition-exists="true" ipc-concordant="A41B1/08" c-set-base-allowed="false" c-set-subsequent-allowed="true" date-revised="2013-01-01" status="published"><classification-symbol>A41B1/08</classification-symbol><class-title date-revised="2013-01-01"><title-part><text>Details</text></title-part></class-title>
<classification-item breakdown-code="false" not-allocatable="false" level="9" additional-only="false" sort-key="A41B1/10" definition-exists="true" ipc-concordant="A41B1/10" c-set-base-allowed="false" c-set-subsequent-allowed="true" date-revised="2013-01-01" status="published"><classification-symbol>A41B1/10</classification-symbol><class-title date-revised="2013-01-01"><title-part><text>Closures </text><reference><text>buttons <class-ref scheme="cpc">A44B1/00</class-ref>; sleeve links <class-ref scheme="cpc">A44B5/00</class-ref></text></reference></title-part></class-title></classification-item>
<classification-item breakdown-code="false" not-allocatable="false" level="9" additional-only="false" sort-key="A41B1/12" definition-exists="true" ipc-concordant="A41B1/12" c-set-base-allowed="false" c-set-subsequent-allowed="true" date-revised="2013-01-01" status="published"><classification-symbol>A41B1/12</classification-symbol><class-title date-revised="2013-01-01"><title-part><text>Neckbands</text></title-part></class-title>
<classification-item breakdown-code="false" not-allocatable="false" level="10" additional-only="false" sort-key="A41B1/14" definition-exists="true" ipc-concordant="A41B1/14" c-set-base-allowed="false" c-set-subsequent-allowed="true" date-revised="2013-01-01" status="published"><classification-symbol>A41B1/14</classification-symbol><class-title date-revised="2013-01-01"><title-part><text>Stiffeners for neckbands</text></title-part></class-title></classification-item>
<classification-item breakdown-code="false" not-allocatable="false" level="10" additional-only="false" sort-key="A41B1/16" definition-exists="true" ipc-concordant="A41B1/16" c-set-base-allowed="false" c-set-subsequent-allowed="true" date-revised="2013-01-01" status="published"><classification-symbol>A41B1/16</classification-symbol><class-title date-revised="2013-01-01"><title-part><text>Adjustable neckbands</text></title-part></class-title></classification-item></classification-item>
<classification-item breakdown-code="false" not-allocatable="false" level="9" additional-only="false" sort-key="A41B1/18" definition-exists="true" ipc-concordant="A41B1/18" c-set-base-allowed="false" c-set-subsequent-allowed="true" date-revised="2013-01-01" status="published"><classification-symbol>A41B1/18</classification-symbol><class-title date-revised="2013-01-01"><title-part><text>Shirt-fronts</text></title-part></class-title>
<classification-item breakdown-code="false" not-allocatable="false" level="10" additional-only="false" sort-key="A41B1/20" definition-exists="true" ipc-concordant="A41B1/20" c-set-base-allowed="false" c-set-subsequent-allowed="true" date-revised="2013-01-01" status="published"><classification-symbol>A41B1/20</classification-symbol><class-title date-revised="2013-01-01"><title-part><text>Stiffeners for shirt-fronts</text></title-part></class-title></classification-item>
<classification-item breakdown-code="false" not-allocatable="false" level="10" additional-only="false" sort-key="A41B1/22" definition-exists="true" ipc-concordant="A41B1/22" c-set-base-allowed="false" c-set-subsequent-allowed="true" date-revised="2013-01-01" status="published"><classification-symbol>A41B1/22</classification-symbol><class-title date-revised="2013-01-01"><title-part><text>False shirt-fronts, e.g. dickeys, with or without attached collars</text></title-part><title-part><text>Means for attaching or stretching</text></title-part></class-title></classification-item></classification-item></classification-item></classification-item>
<classification-item breakdown-code="false" not-allocatable="false" level="7" additional-only="false" sort-key="A41B3/00" definition-exists="true" ipc-concordant="A41B3/00" c-set-base-allowed="false" c-set-subsequent-allowed="true" date-revised="2013-01-01" status="published"><classification-symbol>A41B3/00</classification-symbol><class-title date-revised="2013-01-01"><title-part><text>Collars </text><reference><text><class-ref scheme="cpc">A41B1/00</class-ref> takes precedence</text></reference></title-part></class-title>
<classification-item breakdown-code="false" not-allocatable="false" level="8" additional-only="false" sort-key="A41B3/005" definition-exists="false" ipc-concordant="A41B3/00" c-set-base-allowed="false" c-set-subsequent-allowed="true" date-revised="2013-01-01" status="published"><classification-symbol>A41B3/005</classification-symbol><class-title date-revised="2013-01-01"><title-part><CPC-specific-text><text>Methods or devices for their manufacture </text><reference><text>fold-line formings for collars or cuffs <class-ref scheme="cpc">A41B5/00</class-ref>; folding collar or cuff edges while manufacturing <class-ref scheme="cpc">A41H33/00</class-ref></text></reference></CPC-specific-text></title-part></class-title></classification-item>
<classification-item breakdown-code="false" not-allocatable="false" level="8" additional-only="false" sort-key="A41B3/02" definition-exists="true" ipc-concordant="A41B3/02" c-set-base-allowed="false" c-set-subsequent-allowed="true" date-revised="2013-01-01" status="published"><classification-symbol>A41B3/02</classification-symbol><class-title date-revised="2013-01-01"><title-part><text>Closures, e.g. tabs</text></title-part></class-title></classification-item>
<classification-item breakdown-code="false" not-allocatable="false" level="8" additional-only="false" sort-key="A41B3/04" definition-exists="true" ipc-concordant="A41B3/04" c-set-base-allowed="false" c-set-subsequent-allowed="true" date-revised="2013-01-01" status="published"><classification-symbol>A41B3/04</classification-symbol><class-title date-revised="2013-01-01"><title-part><text>fastening to shirts </text><reference><text>collar-studs <class-ref scheme="cpc">A44B3/00</class-ref></text></reference></title-part></class-title></classification-item>
<classification-item breakdown-code="false" not-allocatable="false" level="8" additional-only="false" sort-key="A41B3/06" definition-exists="true" ipc-concordant="A41B3/06" c-set-base-allowed="false" c-set-subsequent-allowed="true" date-revised="2013-01-01" status="published"><classification-symbol>A41B3/06</classification-symbol><class-title date-revised="2013-01-01"><title-part><text>Stiffeners for collars</text></title-part></class-title></classification-item>
<classification-item breakdown-code="false" not-allocatable="false" level="8" additional-only="false" sort-key="A41B3/08" definition-exists="true" ipc-concordant="A41B3/08" c-set-base-allowed="false" c-set-subsequent-allowed="true" date-revised="2013-01-01" status="published"><classification-symbol>A41B3/08</classification-symbol><class-title date-revised="2013-01-01"><title-part><text>Combined stiffening and fastening devices</text></title-part></class-title></classification-item>
<classification-item breakdown-code="false" not-allocatable="false" level="8" additional-only="false" sort-key="A41B3/10" definition-exists="false" ipc-concordant="A41B3/10" c-set-base-allowed="false" c-set-subsequent-allowed="true" date-revised="2013-01-01" status="published"><classification-symbol>A41B3/10</classification-symbol><class-title date-revised="2013-01-01"><title-part><text>chemically stiffened </text><reference><text>processes for stiffening <class-ref scheme="cpc">D06</class-ref></text></reference></title-part></class-title></classification-item>
<classification-item breakdown-code="false" not-allocatable="false" level="8" additional-only="false" sort-key="A41B3/12" definition-exists="true" ipc-concordant="A41B3/12" c-set-base-allowed="false" c-set-subsequent-allowed="true" date-revised="2013-01-01" status="published"><classification-symbol>A41B3/12</classification-symbol><class-title date-revised="2013-01-01"><title-part><text>with supports for neckties or cravats</text></title-part></class-title></classification-item>
<classification-item breakdown-code="false" not-allocatable="false" level="8" additional-only="false" sort-key="A41B3/14" definition-exists="true" ipc-concordant="A41B3/14" c-set-base-allowed="false" c-set-subsequent-allowed="true" date-revised="2013-01-01" status="published"><classification-symbol>A41B3/14</classification-symbol><class-title date-revised="2013-01-01"><title-part><text>Reversible collars</text></title-part></class-title></classification-item>
<classification-item breakdown-code="false" not-allocatable="false" level="8" additional-only="false" sort-key="A41B3/16" definition-exists="false" ipc-concordant="A41B3/16" c-set-base-allowed="false" c-set-subsequent-allowed="true" date-revised="2013-01-01" status="published"><classification-symbol>A41B3/16</classification-symbol><class-title date-revised="2013-01-01"><title-part><text>Plastic collars</text></title-part><title-part><text>Paper collars</text></title-part></class-title></classification-item>
<classification-item breakdown-code="false" not-allocatable="false" level="8" additional-only="false" sort-key="A41B3/18" definition-exists="true" ipc-concordant="A41B3/18" c-set-base-allowed="false" c-set-subsequent-allowed="true" date-revised="2013-01-01" status="published"><classification-symbol>A41B3/18</classification-symbol><class-title date-revised="2013-01-01"><title-part><text>Protectors for collars</text></title-part></class-title></classification-item></classification-item>
<classification-item breakdown-code="false" not-allocatable="false" level="7" additional-only="false" sort-key="A41B5/00" definition-exists="true" ipc-concordant="A41B5/00" c-set-base-allowed="false" c-set-subsequent-allowed="true" date-revised="2013-01-01" status="published"><classification-symbol>A41B5/00</classification-symbol><class-title date-revised="2013-01-01"><title-part><text>Fold-line formings for collars or cuffs </text><reference><text>folding collar or cuff edges while manufacturing <class-ref scheme="cpc">A41H33/00</class-ref></text></reference></title-part></class-title></classification-item>
<classification-item breakdown-code="false" not-allocatable="false" level="7" additional-only="false" sort-key="A41B7/00" definition-exists="true" ipc-concordant="A41B7/00" c-set-base-allowed="false" c-set-subsequent-allowed="true" date-revised="2013-01-01" status="published"><classification-symbol>A41B7/00</classification-symbol><class-title date-revised="2013-01-01"><title-part><text>Cuffs </text><reference><text><class-ref scheme="cpc">A41B1/00</class-ref>, <class-ref scheme="cpc">A41B3/00</class-ref> take precedence; cuff links <class-ref scheme="cpc">A44B5/00</class-ref></text></reference></title-part></class-title>
<classification-item breakdown-code="false" not-allocatable="false" level="8" additional-only="false" sort-key="A41B7/02" definition-exists="true" ipc-concordant="A41B7/02" c-set-base-allowed="false" c-set-subsequent-allowed="true" date-revised="2013-01-01" status="published"><classification-symbol>A41B7/02</classification-symbol><class-title date-revised="2013-01-01"><title-part><text>Closures for cuffs</text></title-part></class-title></classification-item>
<classification-item breakdown-code="false" not-allocatable="false" level="8" additional-only="false" sort-key="A41B7/04" definition-exists="true" ipc-concordant="A41B7/04" c-set-base-allowed="false" c-set-subsequent-allowed="true" date-revised="2013-01-01" status="published"><classification-symbol>A41B7/04</classification-symbol><class-title date-revised="2013-01-01"><title-part><text>Fastening cuffs to shirts</text></title-part></class-title></classification-item>
<classification-item breakdown-code="false" not-allocatable="false" level="8" additional-only="false" sort-key="A41B7/06" definition-exists="true" ipc-concordant="A41B7/06" c-set-base-allowed="false" c-set-subsequent-allowed="true" date-revised="2013-01-01" status="published"><classification-symbol>A41B7/06</classification-symbol><class-title date-revised="2013-01-01"><title-part><text>Fastening cuffs to the sleeves of jackets</text></title-part></class-title></classification-item>
<classification-item breakdown-code="false" not-allocatable="false" level="8" additional-only="false" sort-key="A41B7/08" definition-exists="true" ipc-concordant="A41B7/08" c-set-base-allowed="false" c-set-subsequent-allowed="true" date-revised="2013-01-01" status="published"><classification-symbol>A41B7/08</classification-symbol><class-title date-revised="2013-01-01"><title-part><text>Stiffeners for cuffs</text></title-part></class-title></classification-item>
<classification-item breakdown-code="false" not-allocatable="false" level="8" additional-only="false" sort-key="A41B7/10" definition-exists="true" ipc-concordant="A41B7/10" c-set-base-allowed="false" c-set-subsequent-allowed="true" date-revised="2013-01-01" status="published"><classification-symbol>A41B7/10</classification-symbol><class-title date-revised="2013-01-01"><title-part><text>Reversible cuffs</text></title-part></class-title></classification-item>
<classification-item breakdown-code="false" not-allocatable="false" level="8" additional-only="false" sort-key="A41B7/12" definition-exists="true" ipc-concordant="A41B7/12" c-set-base-allowed="false" c-set-subsequent-allowed="true" date-revised="2013-01-01" status="published"><classification-symbol>A41B7/12</classification-symbol><class-title date-revised="2013-01-01"><title-part><text>Protectors for cuffs</text></title-part></class-title></classification-item></classification-item>
<classification-item breakdown-code="false" not-allocatable="false" level="7" additional-only="false" sort-key="A41B9/00" definition-exists="true" ipc-concordant="A41B9/00" c-set-base-allowed="false" c-set-subsequent-allowed="true" date-revised="2013-01-01" status="published"><classification-symbol>A41B9/00</classification-symbol><class-title date-revised="2013-01-01"><title-part><text>Undergarments </text><reference><text>corsets, brassi&#233;res <class-ref scheme="cpc">A41C</class-ref></text></reference></title-part></class-title>
<classification-item breakdown-code="false" not-allocatable="false" level="8" additional-only="false" sort-key="A41B9/001" definition-exists="true" ipc-concordant="A41B9/00" c-set-base-allowed="false" c-set-subsequent-allowed="true" date-revised="2013-01-01" status="published"><classification-symbol>A41B9/001</classification-symbol><class-title date-revised="2013-01-01"><title-part><CPC-specific-text><text>Underpants or briefs </text><reference><text>specially adapted for men <class-ref scheme="cpc">A41B9/02</class-ref>; specially adapted for ladies <class-ref scheme="cpc">A41B9/04</class-ref></text></reference></CPC-specific-text></title-part></class-title>
<classification-item breakdown-code="false" not-allocatable="false" level="9" additional-only="false" sort-key="A41B9/002" definition-exists="true" ipc-concordant="A41B9/00" c-set-base-allowed="false" c-set-subsequent-allowed="true" date-revised="2013-01-01" status="published"><classification-symbol>A41B9/002</classification-symbol><class-title date-revised="2013-01-01"><title-part><CPC-specific-text><text>with thong, tonga or string shape</text></CPC-specific-text></title-part></class-title></classification-item></classification-item>
<classification-item breakdown-code="false" not-allocatable="false" level="8" additional-only="false" sort-key="A41B9/004" definition-exists="false" ipc-concordant="A41B9/00" c-set-base-allowed="false" c-set-subsequent-allowed="true" date-revised="2013-01-01" status="published"><classification-symbol>A41B9/004</classification-symbol><class-title date-revised="2013-01-01"><title-part><CPC-specific-text><text>characterized by the crotch</text></CPC-specific-text></title-part></class-title>
<classification-item breakdown-code="false" not-allocatable="false" level="9" additional-only="false" sort-key="A41B9/005" definition-exists="true" ipc-concordant="A41B9/00" c-set-base-allowed="false" c-set-subsequent-allowed="true" date-revised="2013-01-01" status="published"><classification-symbol>A41B9/005</classification-symbol><class-title date-revised="2013-01-01"><title-part><CPC-specific-text><text>with crotch line opening</text></CPC-specific-text></title-part></class-title></classification-item>
<classification-item breakdown-code="false" not-allocatable="false" level="9" additional-only="false" sort-key="A41B9/007" definition-exists="true" ipc-concordant="A41B9/00" c-set-base-allowed="false" c-set-subsequent-allowed="true" date-revised="2013-01-01" status="published"><classification-symbol>A41B9/007</classification-symbol><class-title date-revised="2013-01-01"><title-part><CPC-specific-text><text>with releasable connection between crotch and front part</text></CPC-specific-text></title-part></class-title></classification-item></classification-item>
<classification-item breakdown-code="false" not-allocatable="false" level="8" additional-only="false" sort-key="A41B9/008" definition-exists="true" ipc-concordant="A41B9/00" c-set-base-allowed="false" c-set-subsequent-allowed="true" date-revised="2013-01-01" status="published"><classification-symbol>A41B9/008</classification-symbol><class-title date-revised="2013-01-01"><title-part><CPC-specific-text><text>with releasable waist connecting means</text></CPC-specific-text></title-part></class-title></classification-item>
<classification-item breakdown-code="false" not-allocatable="false" level="8" additional-only="false" sort-key="A41B9/02" definition-exists="true" ipc-concordant="A41B9/02" c-set-base-allowed="false" c-set-subsequent-allowed="true" date-revised="2013-01-01" status="published"><classification-symbol>A41B9/02</classification-symbol><class-title date-revised="2013-01-01"><title-part><text>Drawers or underpants for men, with or without inserted crotch or seat parts</text></title-part></class-title>
<classification-item breakdown-code="false" not-allocatable="false" level="9" additional-only="false" sort-key="A41B9/023" definition-exists="true" ipc-concordant="A41B9/02" c-set-base-allowed="false" c-set-subsequent-allowed="true" date-revised="2013-01-01" status="published"><classification-symbol>A41B9/023</classification-symbol><class-title date-revised="2013-01-01"><title-part><CPC-specific-text><text>with separate spaces for genitals</text></CPC-specific-text></title-part></class-title></classification-item>
<classification-item breakdown-code="false" not-allocatable="false" level="9" additional-only="false" sort-key="A41B9/026" definition-exists="false" ipc-concordant="A41B9/02" c-set-base-allowed="false" c-set-subsequent-allowed="true" date-revised="2013-01-01" status="published"><classification-symbol>A41B9/026</classification-symbol><class-title date-revised="2013-01-01"><title-part><CPC-specific-text><text>characterized by the opening</text></CPC-specific-text></title-part></class-title></classification-item></classification-item>
<classification-item breakdown-code="false" not-allocatable="false" level="8" additional-only="false" sort-key="A41B9/04" definition-exists="true" ipc-concordant="A41B9/04" c-set-base-allowed="false" c-set-subsequent-allowed="true" date-revised="2013-01-01" status="published"><classification-symbol>A41B9/04</classification-symbol><class-title date-revised="2013-01-01"><title-part><text>Knickers for ladies, with or without inserted crotch or seat parts </text><CPC-specific-text><reference><text>menstrual panties <class-ref scheme="cpc">A61F13/496</class-ref></text></reference></CPC-specific-text></title-part></class-title></classification-item>
<classification-item breakdown-code="false" not-allocatable="false" level="8" additional-only="false" sort-key="A41B9/06" definition-exists="true" ipc-concordant="A41B9/06" c-set-base-allowed="false" c-set-subsequent-allowed="true" date-revised="2013-01-01" status="published"><classification-symbol>A41B9/06</classification-symbol><class-title date-revised="2013-01-01"><title-part><text>Undershirts</text></title-part><title-part><text>Chemises</text></title-part></class-title></classification-item>
<classification-item breakdown-code="false" not-allocatable="false" level="8" additional-only="false" sort-key="A41B9/08" definition-exists="true" ipc-concordant="A41B9/08" c-set-base-allowed="false" c-set-subsequent-allowed="true" date-revised="2013-01-01" status="published"><classification-symbol>A41B9/08</classification-symbol><class-title date-revised="2013-01-01"><title-part><text>Combined undergarments </text><reference><text>panti-hose, body-stockings <class-ref scheme="cpc">A41B11/14</class-ref></text></reference></title-part></class-title></classification-item>
<classification-item breakdown-code="false" not-allocatable="false" level="8" additional-only="false" sort-key="A41B9/10" definition-exists="true" ipc-concordant="A41B9/10" c-set-base-allowed="false" c-set-subsequent-allowed="true" date-revised="2013-01-01" status="published"><classification-symbol>A41B9/10</classification-symbol><class-title date-revised="2013-01-01"><title-part><text>Petticoats</text></title-part></class-title></classification-item>
<classification-item breakdown-code="false" not-allocatable="false" level="8" additional-only="false" sort-key="A41B9/12" definition-exists="true" ipc-concordant="A41B9/12" c-set-base-allowed="false" c-set-subsequent-allowed="true" date-revised="2013-01-01" status="published"><classification-symbol>A41B9/12</classification-symbol><class-title date-revised="2013-01-01"><title-part><text>Protective undergarments </text><reference><text>combined with swabs or absorbent pads or specially adapted for supporting them <class-ref scheme="cpc">A61F13/15</class-ref></text></reference></title-part></class-title></classification-item>
<classification-item breakdown-code="false" not-allocatable="false" level="8" additional-only="false" sort-key="A41B9/14" definition-exists="true" ipc-concordant="A41B9/14" c-set-base-allowed="false" c-set-subsequent-allowed="true" date-revised="2013-01-01" status="published"><classification-symbol>A41B9/14</classification-symbol><class-title date-revised="2013-01-01"><title-part><text>Waistbands forming part of the undergarments</text></title-part><title-part><text>Closures therefor</text></title-part></class-title></classification-item>
<classification-item breakdown-code="false" not-allocatable="false" level="8" additional-only="false" sort-key="A41B9/16" definition-exists="true" ipc-concordant="A41B9/16" c-set-base-allowed="false" c-set-subsequent-allowed="true" date-revised="2013-01-01" status="published"><classification-symbol>A41B9/16</classification-symbol><class-title date-revised="2013-01-01"><title-part><text>Shoulder-straps forming part of the undergarments </text><reference><text>shoulder-straps in general <class-ref scheme="cpc">A41F15/00</class-ref></text></reference></title-part></class-title></classification-item></classification-item>
<classification-item breakdown-code="false" not-allocatable="false" level="7" additional-only="false" sort-key="A41B11/00" definition-exists="true" ipc-concordant="A41B11/00" c-set-base-allowed="false" c-set-subsequent-allowed="true" date-revised="2013-01-01" status="published"><classification-symbol>A41B11/00</classification-symbol><class-title date-revised="2013-01-01"><title-part><text>Hosiery</text></title-part><title-part><text>Panti-hose </text><reference><text>elastic stockings for curative purposes <class-ref scheme="cpc">A61F13/08</class-ref></text></reference></title-part></class-title>
<classification-item breakdown-code="false" not-allocatable="false" level="8" additional-only="false" sort-key="A41B11/001" definition-exists="true" ipc-concordant="A41B11/00" c-set-base-allowed="false" c-set-subsequent-allowed="true" date-revised="2013-01-01" status="published"><classification-symbol>A41B11/001</classification-symbol><class-title date-revised="2013-01-01"><title-part><CPC-specific-text><text>Decoration; Marking</text></CPC-specific-text></title-part></class-title></classification-item>
<classification-item breakdown-code="false" not-allocatable="false" level="8" additional-only="false" sort-key="A41B11/002" definition-exists="true" ipc-concordant="A41B11/00" c-set-base-allowed="false" c-set-subsequent-allowed="true" date-revised="2013-01-01" status="published"><classification-symbol>A41B11/002</classification-symbol><class-title date-revised="2013-01-01"><title-part><CPC-specific-text><text>Pairing socks </text><reference><text>devices for keeping articles together during laundering <class-ref scheme="cpc">D06F95/008</class-ref></text></reference></CPC-specific-text></title-part></class-title></classification-item>
<classification-item breakdown-code="false" not-allocatable="false" level="8" additional-only="false" sort-key="A41B11/003" definition-exists="true" ipc-concordant="A41B11/00" c-set-base-allowed="false" c-set-subsequent-allowed="true" date-revised="2013-01-01" status="published"><classification-symbol>A41B11/003</classification-symbol><class-title date-revised="2013-01-01"><title-part><CPC-specific-text><text>Hosiery with intermediate sections of different elasticity</text></CPC-specific-text></title-part></class-title></classification-item>
<classification-item breakdown-code="false" not-allocatable="false" level="8" additional-only="false" sort-key="A41B11/004" definition-exists="true" ipc-concordant="A41B11/00" c-set-base-allowed="false" c-set-subsequent-allowed="true" date-revised="2013-01-01" status="published"><classification-symbol>A41B11/004</classification-symbol><class-title date-revised="2013-01-01"><title-part><CPC-specific-text><text>Hosiery with separated toe sections</text></CPC-specific-text></title-part></class-title></classification-item>
<classification-item breakdown-code="false" not-allocatable="false" level="8" additional-only="false" sort-key="A41B11/005" definition-exists="true" ipc-concordant="A41B11/00" c-set-base-allowed="false" c-set-subsequent-allowed="true" date-revised="2013-01-01" status="published"><classification-symbol>A41B11/005</classification-symbol><class-title date-revised="2013-01-01"><title-part><CPC-specific-text><text>Hosiery made essentially of a multi-ply construction</text></CPC-specific-text></title-part></class-title></classification-item>
<classification-item breakdown-code="false" not-allocatable="false" level="8" additional-only="false" sort-key="A41B11/006" definition-exists="true" ipc-concordant="A41B11/00" c-set-base-allowed="false" c-set-subsequent-allowed="true" date-revised="2013-01-01" status="published"><classification-symbol>A41B11/006</classification-symbol><class-title date-revised="2013-01-01"><title-part><CPC-specific-text><text>Hosiery with pockets</text></CPC-specific-text></title-part></class-title></classification-item>
<classification-item breakdown-code="false" not-allocatable="false" level="8" additional-only="false" sort-key="A41B11/007" definition-exists="true" ipc-concordant="A41B11/00" c-set-base-allowed="false" c-set-subsequent-allowed="true" date-revised="2013-01-01" status="published"><classification-symbol>A41B11/007</classification-symbol><class-title date-revised="2013-01-01"><title-part><CPC-specific-text><text>Hosiery with an added sole, e.g. sole made of rubber or leather</text></CPC-specific-text></title-part></class-title></classification-item>
<classification-item breakdown-code="false" not-allocatable="false" level="8" additional-only="false" sort-key="A41B11/008" definition-exists="true" ipc-concordant="A41B11/00" c-set-base-allowed="false" c-set-subsequent-allowed="true" date-revised="2013-01-01" status="published"><classification-symbol>A41B11/008</classification-symbol><class-title date-revised="2013-01-01"><title-part><CPC-specific-text><text>Hosiery with an anti-slip coating</text></CPC-specific-text></title-part></class-title></classification-item>
<classification-item breakdown-code="false" not-allocatable="false" level="8" additional-only="false" sort-key="A41B11/01" definition-exists="true" ipc-concordant="A41B11/01" c-set-base-allowed="false" c-set-subsequent-allowed="true" date-revised="2013-01-01" status="published"><classification-symbol>A41B11/01</classification-symbol><class-title date-revised="2013-01-01"><title-part><text>Seams</text></title-part></class-title></classification-item>
<classification-item breakdown-code="false" not-allocatable="false" level="8" additional-only="false" sort-key="A41B11/02" definition-exists="true" ipc-concordant="A41B11/02" c-set-base-allowed="false" c-set-subsequent-allowed="true" date-revised="2013-01-01" status="published"><classification-symbol>A41B11/02</classification-symbol><class-title date-revised="2013-01-01"><title-part><text>Reinforcements</text></title-part></class-title>
<classification-item breakdown-code="false" not-allocatable="false" level="9" additional-only="false" sort-key="A41B11/04" definition-exists="true" ipc-concordant="A41B11/04" c-set-base-allowed="false" c-set-subsequent-allowed="true" date-revised="2013-01-01" status="published"><classification-symbol>A41B11/04</classification-symbol><class-title date-revised="2013-01-01"><title-part><text>of the stocking top</text></title-part></class-title></classification-item></classification-item>
<classification-item breakdown-code="false" not-allocatable="false" level="8" additional-only="false" sort-key="A41B11/06" definition-exists="true" ipc-concordant="A41B11/06" c-set-base-allowed="false" c-set-subsequent-allowed="true" date-revised="2013-01-01" status="published"><classification-symbol>A41B11/06</classification-symbol><class-title date-revised="2013-01-01"><title-part><text>with interchangeable foot parts</text></title-part></class-title></classification-item>
<classification-item breakdown-code="false" not-allocatable="false" level="8" additional-only="false" sort-key="A41B11/08" definition-exists="true" ipc-concordant="A41B11/08" c-set-base-allowed="false" c-set-subsequent-allowed="true" date-revised="2013-01-01" status="published"><classification-symbol>A41B11/08</classification-symbol><class-title date-revised="2013-01-01"><title-part><text>Stockings without foot parts</text></title-part></class-title></classification-item>
<classification-item breakdown-code="false" not-allocatable="false" level="8" additional-only="false" sort-key="A41B11/10" definition-exists="true" ipc-concordant="A41B11/10" c-set-base-allowed="false" c-set-subsequent-allowed="true" date-revised="2013-01-01" status="published"><classification-symbol>A41B11/10</classification-symbol><class-title date-revised="2013-01-01"><title-part><text>Stocking protectors </text><reference><text>to be put in footwear <class-ref scheme="cpc">A43B23/28</class-ref></text></reference></title-part></class-title></classification-item>
<classification-item breakdown-code="false" not-allocatable="false" level="8" additional-only="false" sort-key="A41B11/12" definition-exists="true" ipc-concordant="A41B11/12" c-set-base-allowed="false" c-set-subsequent-allowed="true" date-revised="2013-01-01" status="published"><classification-symbol>A41B11/12</classification-symbol><class-title date-revised="2013-01-01"><title-part><text>Means at the upper end to keep the stockings up </text><reference><text><class-ref scheme="cpc">A41B11/04</class-ref> takes precedence; suspenders <class-ref scheme="cpc">A41F11/00</class-ref></text></reference></title-part></class-title>
<classification-item breakdown-code="false" not-allocatable="false" level="9" additional-only="false" sort-key="A41B11/121" definition-exists="true" ipc-concordant="A41B11/12" c-set-base-allowed="false" c-set-subsequent-allowed="true" date-revised="2013-01-01" status="published"><classification-symbol>A41B11/121</classification-symbol><class-title date-revised="2013-01-01"><title-part><CPC-specific-text><text>Elastic or flexible yarns knitted into the upper end</text></CPC-specific-text></title-part></class-title></classification-item>
<classification-item breakdown-code="false" not-allocatable="false" level="9" additional-only="false" sort-key="A41B11/123" definition-exists="true" ipc-concordant="A41B11/12" c-set-base-allowed="false" c-set-subsequent-allowed="true" date-revised="2013-01-01" status="published"><classification-symbol>A41B11/123</classification-symbol><class-title date-revised="2013-01-01"><title-part><CPC-specific-text><text>Elastic or flexible bands attached at the upper end</text></CPC-specific-text></title-part></class-title></classification-item>
<classification-item breakdown-code="false" not-allocatable="false" level="9" additional-only="false" sort-key="A41B11/125" definition-exists="true" ipc-concordant="A41B11/12" c-set-base-allowed="false" c-set-subsequent-allowed="true" date-revised="2013-01-01" status="published"><classification-symbol>A41B11/125</classification-symbol><class-title date-revised="2013-01-01"><title-part><CPC-specific-text><text>Integrated adjustable garter</text></CPC-specific-text></title-part></class-title></classification-item>
<classification-item breakdown-code="false" not-allocatable="false" level="9" additional-only="false" sort-key="A41B11/126" definition-exists="true" ipc-concordant="A41B11/12" c-set-base-allowed="false" c-set-subsequent-allowed="true" date-revised="2013-01-01" status="published"><classification-symbol>A41B11/126</classification-symbol><class-title date-revised="2013-01-01"><title-part><CPC-specific-text><text>having friction increasing means</text></CPC-specific-text></title-part></class-title>
<classification-item breakdown-code="false" not-allocatable="false" level="10" additional-only="false" sort-key="A41B11/128" definition-exists="true" ipc-concordant="A41B11/12" c-set-base-allowed="false" c-set-subsequent-allowed="true" date-revised="2013-01-01" status="published"><classification-symbol>A41B11/128</classification-symbol><class-title date-revised="2013-01-01"><title-part><CPC-specific-text><text>in discontinuous form</text></CPC-specific-text></title-part></class-title></classification-item></classification-item></classification-item>
<classification-item breakdown-code="false" not-allocatable="false" level="8" additional-only="false" sort-key="A41B11/14" definition-exists="true" ipc-concordant="A41B11/14" c-set-base-allowed="false" c-set-subsequent-allowed="true" date-revised="2013-01-01" status="published"><classification-symbol>A41B11/14</classification-symbol><class-title date-revised="2013-01-01"><title-part><text>Panti-hose</text></title-part><title-part><text>Body-stockings</text></title-part></class-title>
<classification-item breakdown-code="false" not-allocatable="false" level="9" additional-only="false" sort-key="A41B11/143" definition-exists="true" ipc-concordant="A41B11/14" c-set-base-allowed="false" c-set-subsequent-allowed="true" date-revised="2013-01-01" status="published"><classification-symbol>A41B11/143</classification-symbol><class-title date-revised="2013-01-01"><title-part><CPC-specific-text><text>Panti-hose made of two separated stockings</text></CPC-specific-text></title-part></class-title>
<classification-item breakdown-code="false" not-allocatable="false" level="10" additional-only="false" sort-key="A41B11/146" definition-exists="true" ipc-concordant="A41B11/14" c-set-base-allowed="false" c-set-subsequent-allowed="true" date-revised="2013-01-01" status="published"><classification-symbol>A41B11/146</classification-symbol><class-title date-revised="2013-01-01"><title-part><CPC-specific-text><text>connected at the waistband</text></CPC-specific-text></title-part></class-title></classification-item></classification-item></classification-item></classification-item>
<classification-item breakdown-code="false" not-allocatable="false" level="7" additional-only="false" sort-key="A41B13/00" definition-exists="true" ipc-concordant="A41B13/00" c-set-base-allowed="false" c-set-subsequent-allowed="true" date-revised="2017-08-01" status="published"><classification-symbol>A41B13/00</classification-symbol><class-title date-revised="2017-08-01"><title-part><text>Baby linen </text><reference><text>babies&apos; napkins or holders therefor <class-ref scheme="cpc">A61F13/15</class-ref>  </text><CPC-specific-text><text>; patients&apos; garments specially adapted for babies <class-ref scheme="cpc">A41D13/1272</class-ref></text></CPC-specific-text></reference></title-part></class-title>
<classification-item breakdown-code="false" not-allocatable="false" level="8" additional-only="false" sort-key="A41B13/005" definition-exists="true" ipc-concordant="A41B13/00" c-set-base-allowed="false" c-set-subsequent-allowed="true" date-revised="2013-01-01" status="published"><classification-symbol>A41B13/005</classification-symbol><class-title date-revised="2013-01-01"><title-part><CPC-specific-text><text>Overalls</text></CPC-specific-text></title-part></class-title></classification-item>
<classification-item breakdown-code="false" not-allocatable="false" level="8" additional-only="false" sort-key="A41B13/04" definition-exists="true" ipc-concordant="A41B13/04" c-set-base-allowed="false" c-set-subsequent-allowed="true" date-revised="2013-01-01" status="published"><classification-symbol>A41B13/04</classification-symbol><class-title date-revised="2013-01-01"><title-part><text>Babies&apos; pants </text><reference><text>combined with swabs or absorbent pads or specially adapted for supporting them <class-ref scheme="cpc">A61F13/15</class-ref></text></reference></title-part></class-title>
<classification-item breakdown-code="false" not-allocatable="false" level="9" additional-only="false" sort-key="A41B13/045" definition-exists="false" ipc-concordant="A41B13/04" c-set-base-allowed="false" c-set-subsequent-allowed="true" date-revised="2013-01-01" status="published"><classification-symbol>A41B13/045</classification-symbol><class-title date-revised="2013-01-01"><title-part><CPC-specific-text><text>Their manufacturing</text></CPC-specific-text></title-part></class-title></classification-item></classification-item>
<classification-item breakdown-code="false" not-allocatable="false" level="8" additional-only="false" sort-key="A41B13/06" definition-exists="true" ipc-concordant="A41B13/06" c-set-base-allowed="false" c-set-subsequent-allowed="true" date-revised="2013-01-01" status="published"><classification-symbol>A41B13/06</classification-symbol><class-title date-revised="2013-01-01"><title-part><text>Slip-in bags</text></title-part><title-part><text>Swaddling clothes</text></title-part></class-title>
<classification-item breakdown-code="false" not-allocatable="false" level="9" additional-only="false" sort-key="A41B13/065" definition-exists="false" ipc-concordant="A41B13/06" c-set-base-allowed="false" c-set-subsequent-allowed="true" date-revised="2013-01-01" status="published"><classification-symbol>A41B13/065</classification-symbol><class-title date-revised="2013-01-01"><title-part><CPC-specific-text><text>with sleep positioning feature</text></CPC-specific-text></title-part></class-title></classification-item></classification-item>
<classification-item breakdown-code="false" not-allocatable="false" level="8" additional-only="false" sort-key="A41B13/08" definition-exists="true" ipc-concordant="A41B13/08" c-set-base-allowed="false" c-set-subsequent-allowed="true" date-revised="2013-01-01" status="published"><classification-symbol>A41B13/08</classification-symbol><class-title date-revised="2013-01-01"><title-part><text>Bodices</text></title-part></class-title></classification-item>
<classification-item breakdown-code="false" not-allocatable="false" level="8" additional-only="false" sort-key="A41B13/10" definition-exists="true" ipc-concordant="A41B13/10" c-set-base-allowed="false" c-set-subsequent-allowed="true" date-revised="2013-01-01" status="published"><classification-symbol>A41B13/10</classification-symbol><class-title date-revised="2013-01-01"><title-part><text>Bibs</text></title-part></class-title>
<classification-item breakdown-code="false" not-allocatable="false" level="9" additional-only="false" sort-key="A41B13/103" definition-exists="true" ipc-concordant="A41B13/10" c-set-base-allowed="false" c-set-subsequent-allowed="true" date-revised="2013-01-01" status="published"><classification-symbol>A41B13/103</classification-symbol><class-title date-revised="2013-01-01"><title-part><CPC-specific-text><text>with a pocket</text></CPC-specific-text></title-part></class-title></classification-item>
<classification-item breakdown-code="false" not-allocatable="false" level="9" additional-only="false" sort-key="A41B13/106" definition-exists="true" ipc-concordant="A41B13/10" c-set-base-allowed="false" c-set-subsequent-allowed="true" date-revised="2013-01-01" status="published"><classification-symbol>A41B13/106</classification-symbol><class-title date-revised="2013-01-01"><title-part><CPC-specific-text><text>with fastening means for attachment to tray or table</text></CPC-specific-text></title-part></class-title></classification-item></classification-item></classification-item>
<classification-item breakdown-code="false" not-allocatable="false" level="7" additional-only="false" sort-key="A41B15/00" definition-exists="true" ipc-concordant="A41B15/00" c-set-base-allowed="false" c-set-subsequent-allowed="true" date-revised="2013-01-01" status="published"><classification-symbol>A41B15/00</classification-symbol><class-title date-revised="2013-01-01"><title-part><text>Handkerchiefs</text></title-part></class-title>
<classification-item breakdown-code="false" not-allocatable="false" level="8" additional-only="false" sort-key="A41B15/02" definition-exists="true" ipc-concordant="A41B15/02" c-set-base-allowed="false" c-set-subsequent-allowed="true" date-revised="2013-01-01" status="published"><classification-symbol>A41B15/02</classification-symbol><class-title date-revised="2013-01-01"><title-part><text>Simulations of breast pocket handkerchiefs</text></title-part><title-part><text>Their attachment</text></title-part></class-title></classification-item></classification-item>
<classification-item breakdown-code="false" not-allocatable="false" level="7" additional-only="false" sort-key="A41B17/00" definition-exists="true" ipc-concordant="A41B17/00" c-set-base-allowed="false" c-set-subsequent-allowed="true" date-revised="2013-01-01" status="published"><classification-symbol>A41B17/00</classification-symbol><class-title date-revised="2013-01-01"><title-part><text>Selection of special materials for underwear</text></title-part></class-title>
<classification-item breakdown-code="false" not-allocatable="false" level="8" additional-only="false" sort-key="A41B17/005" definition-exists="false" ipc-concordant="A41B17/00" c-set-base-allowed="false" c-set-subsequent-allowed="true" date-revised="2013-01-01" status="published"><classification-symbol>A41B17/005</classification-symbol><class-title date-revised="2013-01-01"><title-part><CPC-specific-text><text>Low friction features</text></CPC-specific-text></title-part></class-title></classification-item></classification-item></classification-item>
<classification-item breakdown-code="false" not-allocatable="true" level="6" additional-only="true" sort-key="A41B300/00" date-revised="2013-01-01" status="published"><classification-symbol>A41B2300/00</classification-symbol>
<classification-item breakdown-code="true" not-allocatable="false" level="7" additional-only="true" sort-key="A41B300/00" definition-exists="false" ipc-concordant="CPCONLY" c-set-base-allowed="false" c-set-subsequent-allowed="true" date-revised="2013-01-01" status="published"><classification-symbol>A41B2300/00</classification-symbol><class-title date-revised="2013-01-01"><title-part><text>Details of underwear, baby linen or handkerchiefs</text></title-part></class-title>
<classification-item breakdown-code="true" not-allocatable="false" level="8" additional-only="true" sort-key="A41B300/20" definition-exists="false" ipc-concordant="CPCONLY" c-set-base-allowed="false" c-set-subsequent-allowed="true" date-revised="2013-01-01" status="published"><classification-symbol>A41B2300/20</classification-symbol><class-title date-revised="2013-01-01"><title-part><text>Inserts</text></title-part></class-title>
<classification-item breakdown-code="true" not-allocatable="false" level="9" additional-only="true" sort-key="A41B300/22" definition-exists="false" ipc-concordant="CPCONLY" c-set-base-allowed="false" c-set-subsequent-allowed="true" date-revised="2013-01-01" status="published"><classification-symbol>A41B2300/22</classification-symbol><class-title date-revised="2013-01-01"><title-part><text>Elastic inserts</text></title-part></class-title></classification-item>
<classification-item breakdown-code="true" not-allocatable="false" level="9" additional-only="true" sort-key="A41B300/24" definition-exists="false" ipc-concordant="CPCONLY" c-set-base-allowed="false" c-set-subsequent-allowed="true" date-revised="2013-01-01" status="published"><classification-symbol>A41B2300/24</classification-symbol><class-title date-revised="2013-01-01"><title-part><text>Folded inserts</text></title-part></class-title></classification-item></classification-item>
<classification-item breakdown-code="true" not-allocatable="false" level="8" additional-only="true" sort-key="A41B300/30" definition-exists="false" ipc-concordant="CPCONLY" c-set-base-allowed="false" c-set-subsequent-allowed="true" date-revised="2013-01-01" status="published"><classification-symbol>A41B2300/30</classification-symbol><class-title date-revised="2013-01-01"><title-part><text>Closures</text></title-part></class-title>
<classification-item breakdown-code="true" not-allocatable="false" level="9" additional-only="true" sort-key="A41B300/32" definition-exists="false" ipc-concordant="CPCONLY" c-set-base-allowed="false" c-set-subsequent-allowed="true" date-revised="2013-01-01" status="published"><classification-symbol>A41B2300/32</classification-symbol><class-title date-revised="2013-01-01"><title-part><text>using hook and loop-type fasteners</text></title-part></class-title></classification-item>
<classification-item breakdown-code="true" not-allocatable="false" level="9" additional-only="true" sort-key="A41B300/322" definition-exists="false" ipc-concordant="CPCONLY" c-set-base-allowed="false" c-set-subsequent-allowed="true" date-revised="2013-01-01" status="published"><classification-symbol>A41B2300/322</classification-symbol><class-title date-revised="2013-01-01"><title-part><text>using slide fasteners</text></title-part></class-title></classification-item>
<classification-item breakdown-code="true" not-allocatable="false" level="9" additional-only="true" sort-key="A41B300/324" definition-exists="false" ipc-concordant="CPCONLY" c-set-base-allowed="false" c-set-subsequent-allowed="true" date-revised="2013-01-01" status="published"><classification-symbol>A41B2300/324</classification-symbol><class-title date-revised="2013-01-01"><title-part><text>using snap fasteners</text></title-part></class-title></classification-item>
<classification-item breakdown-code="true" not-allocatable="false" level="9" additional-only="true" sort-key="A41B300/326" definition-exists="false" ipc-concordant="CPCONLY" c-set-base-allowed="false" c-set-subsequent-allowed="true" date-revised="2013-01-01" status="published"><classification-symbol>A41B2300/326</classification-symbol><class-title date-revised="2013-01-01"><title-part><text>using hooks and eyelets</text></title-part></class-title></classification-item>
<classification-item breakdown-code="true" not-allocatable="false" level="9" additional-only="true" sort-key="A41B300/328" definition-exists="false" ipc-concordant="CPCONLY" c-set-base-allowed="false" c-set-subsequent-allowed="true" date-revised="2013-01-01" status="published"><classification-symbol>A41B2300/328</classification-symbol><class-title date-revised="2013-01-01"><title-part><text>using adhesive</text></title-part></class-title></classification-item>
<classification-item breakdown-code="true" not-allocatable="false" level="9" additional-only="true" sort-key="A41B300/33" definition-exists="false" ipc-concordant="CPCONLY" c-set-base-allowed="false" c-set-subsequent-allowed="true" date-revised="2013-01-01" status="published"><classification-symbol>A41B2300/33</classification-symbol><class-title date-revised="2013-01-01"><title-part><text>using straps or ties</text></title-part></class-title></classification-item>
<classification-item breakdown-code="true" not-allocatable="false" level="9" additional-only="true" sort-key="A41B300/332" definition-exists="false" ipc-concordant="CPCONLY" c-set-base-allowed="false" c-set-subsequent-allowed="true" date-revised="2013-01-01" status="published"><classification-symbol>A41B2300/332</classification-symbol><class-title date-revised="2013-01-01"><title-part><text>using elastic bands</text></title-part></class-title></classification-item></classification-item>
<classification-item breakdown-code="true" not-allocatable="false" level="8" additional-only="true" sort-key="A41B300/35" definition-exists="false" ipc-concordant="CPCONLY" c-set-base-allowed="false" c-set-subsequent-allowed="true" date-revised="2013-01-01" status="published"><classification-symbol>A41B2300/35</classification-symbol><class-title date-revised="2013-01-01"><title-part><text>Seams</text></title-part></class-title>
<classification-item breakdown-code="true" not-allocatable="false" level="9" additional-only="true" sort-key="A41B300/52" definition-exists="false" ipc-concordant="CPCONLY" c-set-base-allowed="false" c-set-subsequent-allowed="true" date-revised="2013-01-01" status="published"><classification-symbol>A41B2300/52</classification-symbol><class-title date-revised="2013-01-01"><title-part><text>made by welding or gluing</text></title-part></class-title></classification-item></classification-item></classification-item>
<classification-item breakdown-code="true" not-allocatable="false" level="7" additional-only="true" sort-key="A41B400/00" definition-exists="false" ipc-concordant="CPCONLY" c-set-base-allowed="false" c-set-subsequent-allowed="true" date-revised="2013-01-01" status="published"><classification-symbol>A41B2400/00</classification-symbol><class-title date-revised="2013-01-01"><title-part><text>Functions or special features of underwear, baby linen or handkerchiefs</text></title-part></class-title>
<classification-item breakdown-code="true" not-allocatable="false" level="8" additional-only="true" sort-key="A41B400/20" definition-exists="false" ipc-concordant="CPCONLY" c-set-base-allowed="false" c-set-subsequent-allowed="true" date-revised="2013-01-01" status="published"><classification-symbol>A41B2400/20</classification-symbol><class-title date-revised="2013-01-01"><title-part><text>Air permeability</text></title-part><title-part><text>Ventilation</text></title-part></class-title></classification-item>
<classification-item breakdown-code="true" not-allocatable="false" level="8" additional-only="true" sort-key="A41B400/22" definition-exists="false" ipc-concordant="CPCONLY" c-set-base-allowed="false" c-set-subsequent-allowed="true" date-revised="2013-01-01" status="published"><classification-symbol>A41B2400/22</classification-symbol><class-title date-revised="2013-01-01"><title-part><text>Breathability, i.e. being vapour permeable and waterproof</text></title-part></class-title></classification-item>
<classification-item breakdown-code="true" not-allocatable="false" level="8" additional-only="true" sort-key="A41B400/32" definition-exists="false" ipc-concordant="CPCONLY" c-set-base-allowed="false" c-set-subsequent-allowed="true" date-revised="2013-01-01" status="published"><classification-symbol>A41B2400/32</classification-symbol><class-title date-revised="2013-01-01"><title-part><text>Therapeutic use</text></title-part></class-title>
<classification-item breakdown-code="true" not-allocatable="false" level="9" additional-only="true" sort-key="A41B400/322" definition-exists="false" ipc-concordant="CPCONLY" c-set-base-allowed="false" c-set-subsequent-allowed="true" date-revised="2013-01-01" status="published"><classification-symbol>A41B2400/322</classification-symbol><class-title date-revised="2013-01-01"><title-part><text>Massage</text></title-part></class-title></classification-item>
<classification-item breakdown-code="true" not-allocatable="false" level="9" additional-only="true" sort-key="A41B400/324" definition-exists="false" ipc-concordant="CPCONLY" c-set-base-allowed="false" c-set-subsequent-allowed="true" date-revised="2013-01-01" status="published"><classification-symbol>A41B2400/324</classification-symbol><class-title date-revised="2013-01-01"><title-part><text>Acupuncture</text></title-part></class-title></classification-item></classification-item>
<classification-item breakdown-code="true" not-allocatable="false" level="8" additional-only="true" sort-key="A41B400/34" definition-exists="false" ipc-concordant="CPCONLY" c-set-base-allowed="false" c-set-subsequent-allowed="true" date-revised="2013-01-01" status="published"><classification-symbol>A41B2400/34</classification-symbol><class-title date-revised="2013-01-01"><title-part><text>antimicrobial or antibacterial</text></title-part></class-title></classification-item>
<classification-item breakdown-code="true" not-allocatable="false" level="8" additional-only="true" sort-key="A41B400/36" definition-exists="true" ipc-concordant="CPCONLY" c-set-base-allowed="false" c-set-subsequent-allowed="true" date-revised="2013-01-01" status="published"><classification-symbol>A41B2400/36</classification-symbol><class-title date-revised="2013-01-01"><title-part><text>Deodorising or perfuming</text></title-part></class-title></classification-item>
<classification-item breakdown-code="true" not-allocatable="false" level="8" additional-only="true" sort-key="A41B400/38" definition-exists="false" ipc-concordant="CPCONLY" c-set-base-allowed="false" c-set-subsequent-allowed="true" date-revised="2013-01-01" status="published"><classification-symbol>A41B2400/38</classification-symbol><class-title date-revised="2013-01-01"><title-part><text>Shaping the contour of the body or adjusting the figure</text></title-part></class-title></classification-item>
<classification-item breakdown-code="true" not-allocatable="false" level="8" additional-only="true" sort-key="A41B400/44" definition-exists="false" ipc-concordant="CPCONLY" c-set-base-allowed="false" c-set-subsequent-allowed="true" date-revised="2013-01-01" status="published"><classification-symbol>A41B2400/44</classification-symbol><class-title date-revised="2013-01-01"><title-part><text>Donning facilities</text></title-part></class-title></classification-item>
<classification-item breakdown-code="true" not-allocatable="false" level="8" additional-only="true" sort-key="A41B400/52" definition-exists="false" ipc-concordant="CPCONLY" c-set-base-allowed="false" c-set-subsequent-allowed="true" date-revised="2013-01-01" status="published"><classification-symbol>A41B2400/52</classification-symbol><class-title date-revised="2013-01-01"><title-part><text>disposable</text></title-part></class-title></classification-item>
<classification-item breakdown-code="true" not-allocatable="false" level="8" additional-only="true" sort-key="A41B400/60" definition-exists="false" ipc-concordant="CPCONLY" c-set-base-allowed="false" c-set-subsequent-allowed="true" date-revised="2013-01-01" status="published"><classification-symbol>A41B2400/60</classification-symbol><class-title date-revised="2013-01-01"><title-part><text>Moisture handling or wicking function</text></title-part></class-title>
<classification-item breakdown-code="true" not-allocatable="false" level="9" additional-only="true" sort-key="A41B400/62" definition-exists="false" ipc-concordant="CPCONLY" c-set-base-allowed="false" c-set-subsequent-allowed="true" date-revised="2013-01-01" status="published"><classification-symbol>A41B2400/62</classification-symbol><class-title date-revised="2013-01-01"><title-part><text>through several layers</text></title-part></class-title></classification-item></classification-item>
<classification-item breakdown-code="true" not-allocatable="false" level="8" additional-only="true" sort-key="A41B400/70" definition-exists="false" ipc-concordant="CPCONLY" c-set-base-allowed="false" c-set-subsequent-allowed="true" date-revised="2013-01-01" status="published"><classification-symbol>A41B2400/70</classification-symbol><class-title date-revised="2013-01-01"><title-part><text>Removability</text></title-part></class-title>
<classification-item breakdown-code="true" not-allocatable="false" level="9" additional-only="true" sort-key="A41B400/72" definition-exists="false" ipc-concordant="CPCONLY" c-set-base-allowed="false" c-set-subsequent-allowed="true" date-revised="2013-01-01" status="published"><classification-symbol>A41B2400/72</classification-symbol><class-title date-revised="2013-01-01"><title-part><text>from the top of a stack of removable layers</text></title-part></class-title></classification-item></classification-item>
<classification-item breakdown-code="true" not-allocatable="false" level="8" additional-only="true" sort-key="A41B400/80" definition-exists="false" ipc-concordant="CPCONLY" c-set-base-allowed="false" c-set-subsequent-allowed="true" date-revised="2013-01-01" status="published"><classification-symbol>A41B2400/80</classification-symbol><class-title date-revised="2013-01-01"><title-part><text>Friction or grip reinforcement</text></title-part></class-title>
<classification-item breakdown-code="true" not-allocatable="false" level="9" additional-only="true" sort-key="A41B400/82" definition-exists="false" ipc-concordant="CPCONLY" c-set-base-allowed="false" c-set-subsequent-allowed="true" date-revised="2013-01-01" status="published"><classification-symbol>A41B2400/82</classification-symbol><class-title date-revised="2013-01-01"><title-part><text>with the body of the user</text></title-part></class-title></classification-item></classification-item></classification-item>
<classification-item breakdown-code="true" not-allocatable="false" level="7" additional-only="true" sort-key="A41B500/00" definition-exists="false" ipc-concordant="CPCONLY" c-set-base-allowed="false" c-set-subsequent-allowed="true" date-revised="2013-01-01" status="published"><classification-symbol>A41B2500/00</classification-symbol><class-title date-revised="2013-01-01"><title-part><text>Materials for underwear, baby linen or handkerchiefs</text></title-part></class-title>
<classification-item breakdown-code="true" not-allocatable="false" level="8" additional-only="true" sort-key="A41B500/10" definition-exists="false" ipc-concordant="CPCONLY" c-set-base-allowed="false" c-set-subsequent-allowed="true" date-revised="2013-01-01" status="published"><classification-symbol>A41B2500/10</classification-symbol><class-title date-revised="2013-01-01"><title-part><text>Knitted</text></title-part></class-title></classification-item>
<classification-item breakdown-code="true" not-allocatable="false" level="8" additional-only="true" sort-key="A41B500/20" definition-exists="false" ipc-concordant="CPCONLY" c-set-base-allowed="false" c-set-subsequent-allowed="true" date-revised="2013-01-01" status="published"><classification-symbol>A41B2500/20</classification-symbol><class-title date-revised="2013-01-01"><title-part><text>Woven</text></title-part></class-title></classification-item>
<classification-item breakdown-code="true" not-allocatable="false" level="8" additional-only="true" sort-key="A41B500/30" definition-exists="false" ipc-concordant="CPCONLY" c-set-base-allowed="false" c-set-subsequent-allowed="true" date-revised="2013-01-01" status="published"><classification-symbol>A41B2500/30</classification-symbol><class-title date-revised="2013-01-01"><title-part><text>Non-woven</text></title-part></class-title></classification-item>
<classification-item breakdown-code="true" not-allocatable="false" level="8" additional-only="true" sort-key="A41B500/40" definition-exists="false" ipc-concordant="CPCONLY" c-set-base-allowed="false" c-set-subsequent-allowed="true" date-revised="2013-01-01" status="published"><classification-symbol>A41B2500/40</classification-symbol><class-title date-revised="2013-01-01"><title-part><text>Papers</text></title-part></class-title></classification-item>
<classification-item breakdown-code="true" not-allocatable="false" level="8" additional-only="true" sort-key="A41B500/50" definition-exists="false" ipc-concordant="CPCONLY" c-set-base-allowed="false" c-set-subsequent-allowed="true" date-revised="2013-01-01" status="published"><classification-symbol>A41B2500/50</classification-symbol><class-title date-revised="2013-01-01"><title-part><text>Synthetic resins or rubbers</text></title-part></class-title>
<classification-item breakdown-code="true" not-allocatable="false" level="9" additional-only="true" sort-key="A41B500/52" definition-exists="false" ipc-concordant="CPCONLY" c-set-base-allowed="false" c-set-subsequent-allowed="true" date-revised="2013-01-01" status="published"><classification-symbol>A41B2500/52</classification-symbol><class-title date-revised="2013-01-01"><title-part><text>in sheet form</text></title-part></class-title></classification-item>
<classification-item breakdown-code="true" not-allocatable="false" level="9" additional-only="true" sort-key="A41B500/54" definition-exists="false" ipc-concordant="CPCONLY" c-set-base-allowed="false" c-set-subsequent-allowed="true" date-revised="2013-01-01" status="published"><classification-symbol>A41B2500/54</classification-symbol><class-title date-revised="2013-01-01"><title-part><text>in coated form</text></title-part></class-title></classification-item></classification-item></classification-item></classification-item></classification-item></class-scheme>