<?xml version="1.0" encoding="UTF-8"?>
<class-scheme publication-date="2021-05-01" scheme-type="cpc" publication-type="official">
<classification-item breakdown-code="false" not-allocatable="true" level="5" additional-only="false" sort-key="D03C" definition-exists="true" date-revised="2018-08-01" status="published"><classification-symbol>D03C</classification-symbol><class-title date-revised="2013-01-01"><title-part><text>SHEDDING MECHANISMS</text></title-part><title-part><text>PATTERN CARDS OR CHAINS</text></title-part><title-part><text>PUNCHING OF CARDS</text></title-part><title-part><text>DESIGNING PATTERNS</text></title-part></class-title><notes-and-warnings date-revised="2013-01-01"><note type="warning"><note-paragraph warning-type="ipc-not-used">The following IPC groups are not in the CPC scheme. The subject matter for these IPC groups is classified in the following CPC groups: <table><row><entry><class-ref scheme="ipc">D03C9/04</class-ref></entry><entry> covered by </entry><entry><class-ref scheme="cpc">D03C9/028</class-ref></entry></row></table></note-paragraph><note-paragraph>In this subclass non-limiting references (in the sense of paragraph 39 of the Guide to the IPC) may still be displayed in the scheme.</note-paragraph></note></notes-and-warnings>
<classification-item breakdown-code="false" not-allocatable="true" level="6" additional-only="false" sort-key="D03C1/00" date-revised="2013-01-01" status="published"><classification-symbol>D03C1/00</classification-symbol>
<classification-item breakdown-code="false" not-allocatable="false" level="7" additional-only="false" sort-key="D03C1/00" definition-exists="true" ipc-concordant="D03C1/00" c-set-base-allowed="false" c-set-subsequent-allowed="true" date-revised="2013-01-01" status="published"><classification-symbol>D03C1/00</classification-symbol><class-title date-revised="2013-01-01"><title-part><text>Dobbies</text></title-part></class-title>
<classification-item breakdown-code="false" not-allocatable="false" level="8" additional-only="false" sort-key="D03C1/005" definition-exists="true" ipc-concordant="D03C1/00" c-set-base-allowed="false" c-set-subsequent-allowed="true" date-revised="2016-11-01" status="published"><classification-symbol>D03C1/005</classification-symbol><class-title date-revised="2013-01-01"><title-part><CPC-specific-text><text>Electronic dobbies</text></CPC-specific-text></title-part></class-title></classification-item>
<classification-item breakdown-code="false" not-allocatable="false" level="8" additional-only="false" sort-key="D03C1/02" definition-exists="true" ipc-concordant="D03C1/02" c-set-base-allowed="false" c-set-subsequent-allowed="true" date-revised="2013-01-01" status="published"><classification-symbol>D03C1/02</classification-symbol><class-title date-revised="2013-01-01"><title-part><text>Single-lift dobbies, i.e. dobbies in which the same draw-knife or equivalent operates for every pick </text><reference><text><class-ref scheme="cpc">D03C1/10</class-ref> takes precedence</text></reference></title-part></class-title>
<classification-item breakdown-code="false" not-allocatable="false" level="9" additional-only="false" sort-key="D03C1/04" definition-exists="false" ipc-concordant="D03C1/04" c-set-base-allowed="false" c-set-subsequent-allowed="true" date-revised="2013-01-01" status="published"><classification-symbol>D03C1/04</classification-symbol><class-title date-revised="2013-01-01"><title-part><text>Open-shed single-lift dobbies</text></title-part></class-title></classification-item></classification-item>
<classification-item breakdown-code="false" not-allocatable="false" level="8" additional-only="false" sort-key="D03C1/06" definition-exists="true" ipc-concordant="D03C1/06" c-set-base-allowed="false" c-set-subsequent-allowed="true" date-revised="2013-01-01" status="published"><classification-symbol>D03C1/06</classification-symbol><class-title date-revised="2013-01-01"><title-part><text>Double-lift dobbies, i.e. dobbies in which separate draw-knives or equivalent operate on alternate picks</text></title-part></class-title>
<classification-item breakdown-code="false" not-allocatable="false" level="9" additional-only="false" sort-key="D03C1/08" definition-exists="false" ipc-concordant="D03C1/08" c-set-base-allowed="false" c-set-subsequent-allowed="true" date-revised="2013-01-01" status="published"><classification-symbol>D03C1/08</classification-symbol><class-title date-revised="2013-01-01"><title-part><text>reversible, i.e. correct sheds open automatically when the loom is driven backwards</text></title-part></class-title></classification-item></classification-item>
<classification-item breakdown-code="false" not-allocatable="false" level="8" additional-only="false" sort-key="D03C1/10" definition-exists="true" ipc-concordant="D03C1/10" c-set-base-allowed="false" c-set-subsequent-allowed="true" date-revised="2013-01-01" status="published"><classification-symbol>D03C1/10</classification-symbol><class-title date-revised="2013-01-01"><title-part><text>Centre-shed dobbies, i.e. shed formed by lifting some threads and lowering the others from central shed-closed position</text></title-part></class-title></classification-item>
<classification-item breakdown-code="false" not-allocatable="false" level="8" additional-only="false" sort-key="D03C1/12" definition-exists="false" ipc-concordant="D03C1/12" c-set-base-allowed="false" c-set-subsequent-allowed="true" date-revised="2013-01-01" status="published"><classification-symbol>D03C1/12</classification-symbol><class-title date-revised="2013-01-01"><title-part><text>Dobbies employing toothed gearing instead of draw-knives</text></title-part></class-title></classification-item>
<classification-item breakdown-code="false" not-allocatable="false" level="8" additional-only="false" sort-key="D03C1/14" definition-exists="true" ipc-concordant="D03C1/14" c-set-base-allowed="false" c-set-subsequent-allowed="true" date-revised="2013-01-01" status="published"><classification-symbol>D03C1/14</classification-symbol><class-title date-revised="2013-01-01"><title-part><text>Features common to dobbies of different types </text><reference><text>stop motions acting on defective operation of shedding mechanisms <class-ref scheme="cpc">D03D51/46</class-ref></text></reference></title-part></class-title>
<classification-item breakdown-code="false" not-allocatable="false" level="9" additional-only="false" sort-key="D03C1/142" definition-exists="true" ipc-concordant="D03C1/14" c-set-base-allowed="false" c-set-subsequent-allowed="true" date-revised="2016-11-01" status="published"><classification-symbol>D03C1/142</classification-symbol><class-title date-revised="2013-01-01"><title-part><CPC-specific-text><text>Leveling mechanisms</text></CPC-specific-text></title-part></class-title></classification-item>
<classification-item breakdown-code="false" not-allocatable="false" level="9" additional-only="false" sort-key="D03C1/144" definition-exists="true" ipc-concordant="D03C1/14" c-set-base-allowed="false" c-set-subsequent-allowed="true" date-revised="2016-11-01" status="published"><classification-symbol>D03C1/144</classification-symbol><class-title date-revised="2013-01-01"><title-part><CPC-specific-text><text>linking to the heald frame</text></CPC-specific-text></title-part></class-title></classification-item>
<classification-item breakdown-code="false" not-allocatable="false" level="9" additional-only="false" sort-key="D03C1/146" definition-exists="true" ipc-concordant="D03C1/14" c-set-base-allowed="false" c-set-subsequent-allowed="true" date-revised="2016-11-01" status="published"><classification-symbol>D03C1/146</classification-symbol><class-title date-revised="2013-01-01"><title-part><CPC-specific-text><text>Independent drive motor</text></CPC-specific-text></title-part></class-title></classification-item>
<classification-item breakdown-code="false" not-allocatable="false" level="9" additional-only="false" sort-key="D03C1/148" definition-exists="true" ipc-concordant="D03C1/14" c-set-base-allowed="false" c-set-subsequent-allowed="true" date-revised="2016-11-01" status="published"><classification-symbol>D03C1/148</classification-symbol><class-title date-revised="2013-01-01"><title-part><CPC-specific-text><text>Eccentrics</text></CPC-specific-text></title-part></class-title></classification-item>
<classification-item breakdown-code="false" not-allocatable="false" level="9" additional-only="false" sort-key="D03C1/16" definition-exists="false" ipc-concordant="D03C1/16" c-set-base-allowed="false" c-set-subsequent-allowed="true" date-revised="2013-01-01" status="published"><classification-symbol>D03C1/16</classification-symbol><class-title date-revised="2013-01-01"><title-part><text>Arrangements of dobby in relation to loom</text></title-part></class-title></classification-item>
<classification-item breakdown-code="false" not-allocatable="false" level="9" additional-only="false" sort-key="D03C1/18" definition-exists="false" ipc-concordant="D03C1/18" c-set-base-allowed="false" c-set-subsequent-allowed="true" date-revised="2013-01-01" status="published"><classification-symbol>D03C1/18</classification-symbol><class-title date-revised="2013-01-01"><title-part><text>Knives</text></title-part><title-part><text>Knife frames</text></title-part></class-title></classification-item>
<classification-item breakdown-code="false" not-allocatable="false" level="9" additional-only="false" sort-key="D03C1/20" definition-exists="false" ipc-concordant="D03C1/20" c-set-base-allowed="false" c-set-subsequent-allowed="true" date-revised="2013-01-01" status="published"><classification-symbol>D03C1/20</classification-symbol><class-title date-revised="2013-01-01"><title-part><text>Hooks</text></title-part><title-part><text>Lifters</text></title-part></class-title></classification-item>
<classification-item breakdown-code="false" not-allocatable="false" level="9" additional-only="false" sort-key="D03C1/22" definition-exists="true" ipc-concordant="D03C1/22" c-set-base-allowed="false" c-set-subsequent-allowed="true" date-revised="2013-01-01" status="published"><classification-symbol>D03C1/22</classification-symbol><class-title date-revised="2013-01-01"><title-part><text>Needles</text></title-part><title-part><text>Needle boxes</text></title-part><title-part><text>Needle boards</text></title-part></class-title></classification-item>
<classification-item breakdown-code="false" not-allocatable="false" level="9" additional-only="false" sort-key="D03C1/24" definition-exists="true" ipc-concordant="D03C1/24" c-set-base-allowed="false" c-set-subsequent-allowed="true" date-revised="2013-01-01" status="published"><classification-symbol>D03C1/24</classification-symbol><class-title date-revised="2013-01-01"><title-part><text>Cylinders</text></title-part><title-part><text>Cylinder battens</text></title-part></class-title></classification-item>
<classification-item breakdown-code="false" not-allocatable="false" level="9" additional-only="false" sort-key="D03C1/26" definition-exists="false" ipc-concordant="D03C1/26" c-set-base-allowed="false" c-set-subsequent-allowed="true" date-revised="2013-01-01" status="published"><classification-symbol>D03C1/26</classification-symbol><class-title date-revised="2013-01-01"><title-part><text>Facilitating engagement of lifting-hooks with draw-knives</text></title-part></class-title>
<classification-item breakdown-code="false" not-allocatable="false" level="10" additional-only="false" sort-key="D03C1/28" definition-exists="false" ipc-concordant="D03C1/28" c-set-base-allowed="false" c-set-subsequent-allowed="true" date-revised="2013-01-01" status="published"><classification-symbol>D03C1/28</classification-symbol><class-title date-revised="2013-01-01"><title-part><text>by creating and then eliminating back-lash between hooks and knives</text></title-part></class-title></classification-item>
<classification-item breakdown-code="false" not-allocatable="false" level="10" additional-only="false" sort-key="D03C1/30" definition-exists="false" ipc-concordant="D03C1/30" c-set-base-allowed="false" c-set-subsequent-allowed="true" date-revised="2013-01-01" status="published"><classification-symbol>D03C1/30</classification-symbol><class-title date-revised="2013-01-01"><title-part><text>wherein all the hooks are disengaged from the knives, and selected hooks then re-engaged</text></title-part></class-title></classification-item>
<classification-item breakdown-code="false" not-allocatable="false" level="10" additional-only="false" sort-key="D03C1/32" definition-exists="false" ipc-concordant="D03C1/32" c-set-base-allowed="false" c-set-subsequent-allowed="true" date-revised="2013-01-01" status="published"><classification-symbol>D03C1/32</classification-symbol><class-title date-revised="2013-01-01"><title-part><text>wherein all the hooks are engaged with the knives, and unselected hooks then disengaged</text></title-part></class-title></classification-item></classification-item>
<classification-item breakdown-code="false" not-allocatable="false" level="9" additional-only="false" sort-key="D03C1/34" definition-exists="false" ipc-concordant="D03C1/34" c-set-base-allowed="false" c-set-subsequent-allowed="true" date-revised="2013-01-01" status="published"><classification-symbol>D03C1/34</classification-symbol><class-title date-revised="2013-01-01"><title-part><text>Arrangements wherein warp threads pass one another at different heights to avoid congestion</text></title-part></class-title></classification-item>
<classification-item breakdown-code="false" not-allocatable="false" level="9" additional-only="false" sort-key="D03C1/36" definition-exists="false" ipc-concordant="D03C1/36" c-set-base-allowed="false" c-set-subsequent-allowed="true" date-revised="2013-01-01" status="published"><classification-symbol>D03C1/36</classification-symbol><class-title date-revised="2013-01-01"><title-part><text>Card- or chain-saving arrangements, e.g. cross-border dobbies</text></title-part></class-title></classification-item></classification-item></classification-item>
<classification-item breakdown-code="false" not-allocatable="false" level="7" additional-only="false" sort-key="D03C3/00" definition-exists="true" ipc-concordant="D03C3/00" c-set-base-allowed="false" c-set-subsequent-allowed="true" date-revised="2013-01-01" status="published"><classification-symbol>D03C3/00</classification-symbol><class-title date-revised="2013-01-01"><title-part><text>Jacquards </text><reference><text>controlling jacquard by scanning design <class-ref scheme="cpc">D03C17/06</class-ref>; for gripper Axminster looms <class-ref scheme="cpc">D03D39/08</class-ref></text></reference></title-part></class-title>
<classification-item breakdown-code="false" not-allocatable="false" level="8" additional-only="false" sort-key="D03C3/02" definition-exists="true" ipc-concordant="D03C3/02" c-set-base-allowed="false" c-set-subsequent-allowed="true" date-revised="2013-01-01" status="published"><classification-symbol>D03C3/02</classification-symbol><class-title date-revised="2013-01-01"><title-part><text>Single-lift jacquards</text></title-part></class-title>
<classification-item breakdown-code="false" not-allocatable="false" level="9" additional-only="false" sort-key="D03C3/04" definition-exists="false" ipc-concordant="D03C3/04" c-set-base-allowed="false" c-set-subsequent-allowed="true" date-revised="2013-01-01" status="published"><classification-symbol>D03C3/04</classification-symbol><class-title date-revised="2013-01-01"><title-part><text>of open-shed type</text></title-part></class-title></classification-item></classification-item>
<classification-item breakdown-code="false" not-allocatable="false" level="8" additional-only="false" sort-key="D03C3/06" definition-exists="true" ipc-concordant="D03C3/06" c-set-base-allowed="false" c-set-subsequent-allowed="true" date-revised="2013-01-01" status="published"><classification-symbol>D03C3/06</classification-symbol><class-title date-revised="2013-01-01"><title-part><text>Double-lift jacquards</text></title-part></class-title>
<classification-item breakdown-code="false" not-allocatable="false" level="9" additional-only="false" sort-key="D03C3/08" definition-exists="false" ipc-concordant="D03C3/08" c-set-base-allowed="false" c-set-subsequent-allowed="true" date-revised="2013-01-01" status="published"><classification-symbol>D03C3/08</classification-symbol><class-title date-revised="2013-01-01"><title-part><text>of open-shed type</text></title-part></class-title></classification-item></classification-item>
<classification-item breakdown-code="false" not-allocatable="false" level="8" additional-only="false" sort-key="D03C3/10" definition-exists="true" ipc-concordant="D03C3/10" c-set-base-allowed="false" c-set-subsequent-allowed="true" date-revised="2013-01-01" status="published"><classification-symbol>D03C3/10</classification-symbol><class-title date-revised="2013-01-01"><title-part><text>Centre-shed jacquards</text></title-part></class-title></classification-item>
<classification-item breakdown-code="false" not-allocatable="false" level="8" additional-only="false" sort-key="D03C3/12" definition-exists="false" ipc-concordant="D03C3/12" c-set-base-allowed="false" c-set-subsequent-allowed="true" date-revised="2013-01-01" status="published"><classification-symbol>D03C3/12</classification-symbol><class-title date-revised="2013-01-01"><title-part><text>Multiple-shed jacquards, i.e. jacquards which move warp threads to several different heights, e.g. for weaving pile fabrics</text></title-part></class-title></classification-item>
<classification-item breakdown-code="false" not-allocatable="false" level="8" additional-only="false" sort-key="D03C3/14" definition-exists="false" ipc-concordant="D03C3/14" c-set-base-allowed="false" c-set-subsequent-allowed="true" date-revised="2013-01-01" status="published"><classification-symbol>D03C3/14</classification-symbol><class-title date-revised="2013-01-01"><title-part><text>Jacquards not employing lifting-hooks, e.g. employing knotted cords in conjunction with keyhole slots</text></title-part></class-title></classification-item>
<classification-item breakdown-code="false" not-allocatable="false" level="8" additional-only="false" sort-key="D03C3/16" definition-exists="false" ipc-concordant="D03C3/16" c-set-base-allowed="false" c-set-subsequent-allowed="true" date-revised="2013-01-01" status="published"><classification-symbol>D03C3/16</classification-symbol><class-title date-revised="2013-01-01"><title-part><text>Verdol or other jacquards having intermediate power-operated needles between reading needles and lifting-hooks</text></title-part></class-title></classification-item>
<classification-item breakdown-code="false" not-allocatable="false" level="8" additional-only="false" sort-key="D03C3/18" definition-exists="false" ipc-concordant="D03C3/18" c-set-base-allowed="false" c-set-subsequent-allowed="true" date-revised="2013-01-01" status="published"><classification-symbol>D03C3/18</classification-symbol><class-title date-revised="2013-01-01"><title-part><text>Selvedge jacquards</text></title-part></class-title></classification-item>
<classification-item breakdown-code="false" not-allocatable="false" level="8" additional-only="false" sort-key="D03C3/20" definition-exists="false" ipc-concordant="D03C3/20" c-set-base-allowed="false" c-set-subsequent-allowed="true" date-revised="2013-01-01" status="published"><classification-symbol>D03C3/20</classification-symbol><class-title date-revised="2013-01-01"><title-part><text>Electrically-operated jacquards</text></title-part></class-title>
<classification-item breakdown-code="false" not-allocatable="false" level="9" additional-only="false" sort-key="D03C3/205" definition-exists="true" ipc-concordant="D03C3/20" c-set-base-allowed="false" c-set-subsequent-allowed="true" date-revised="2016-11-01" status="published"><classification-symbol>D03C3/205</classification-symbol><class-title date-revised="2013-01-01"><title-part><CPC-specific-text><text>Independently actuated lifting cords</text></CPC-specific-text></title-part></class-title></classification-item></classification-item>
<classification-item breakdown-code="false" not-allocatable="false" level="8" additional-only="false" sort-key="D03C3/22" definition-exists="true" ipc-concordant="D03C3/22" c-set-base-allowed="false" c-set-subsequent-allowed="true" date-revised="2013-01-01" status="published"><classification-symbol>D03C3/22</classification-symbol><class-title date-revised="2013-01-01"><title-part><text>Fluid-operated jacquards</text></title-part></class-title></classification-item>
<classification-item breakdown-code="false" not-allocatable="false" level="8" additional-only="false" sort-key="D03C3/24" definition-exists="false" ipc-concordant="D03C3/24" c-set-base-allowed="false" c-set-subsequent-allowed="true" date-revised="2013-01-01" status="published"><classification-symbol>D03C3/24</classification-symbol><class-title date-revised="2013-01-01"><title-part><text>Features common to jacquards of different types</text></title-part></class-title>
<classification-item breakdown-code="false" not-allocatable="false" level="9" additional-only="false" sort-key="D03C3/26" definition-exists="false" ipc-concordant="D03C3/26" c-set-base-allowed="false" c-set-subsequent-allowed="true" date-revised="2013-01-01" status="published"><classification-symbol>D03C3/26</classification-symbol><class-title date-revised="2013-01-01"><title-part><text>General arrangements of jacquards, or disposition in relation to loom</text></title-part></class-title></classification-item>
<classification-item breakdown-code="false" not-allocatable="false" level="9" additional-only="false" sort-key="D03C3/28" definition-exists="false" ipc-concordant="D03C3/28" c-set-base-allowed="false" c-set-subsequent-allowed="true" date-revised="2013-01-01" status="published"><classification-symbol>D03C3/28</classification-symbol><class-title date-revised="2013-01-01"><title-part><text>Pick-finding arrangements</text></title-part><title-part><text>Arrangements for preventing next shed from being opened during stopping of loom</text></title-part></class-title></classification-item>
<classification-item breakdown-code="false" not-allocatable="false" level="9" additional-only="false" sort-key="D03C3/30" definition-exists="false" ipc-concordant="D03C3/30" c-set-base-allowed="false" c-set-subsequent-allowed="true" date-revised="2017-08-01" status="published"><classification-symbol>D03C3/30</classification-symbol><class-title date-revised="2017-08-01"><title-part><text>Arrangements wherein hooks are positively operated to close shed</text></title-part></class-title></classification-item>
<classification-item breakdown-code="false" not-allocatable="false" level="9" additional-only="false" sort-key="D03C3/32" definition-exists="false" ipc-concordant="D03C3/32" c-set-base-allowed="false" c-set-subsequent-allowed="true" date-revised="2013-01-01" status="published"><classification-symbol>D03C3/32</classification-symbol><class-title date-revised="2013-01-01"><title-part><text>Jacquard driving mechanisms</text></title-part></class-title>
<classification-item breakdown-code="false" not-allocatable="false" level="10" additional-only="false" sort-key="D03C3/34" definition-exists="true" ipc-concordant="D03C3/34" c-set-base-allowed="false" c-set-subsequent-allowed="true" date-revised="2013-01-01" status="published"><classification-symbol>D03C3/34</classification-symbol><class-title date-revised="2013-01-01"><title-part><text>Cylinder operating mechanisms</text></title-part></class-title></classification-item>
<classification-item breakdown-code="false" not-allocatable="false" level="10" additional-only="false" sort-key="D03C3/36" definition-exists="true" ipc-concordant="D03C3/36" c-set-base-allowed="false" c-set-subsequent-allowed="true" date-revised="2013-01-01" status="published"><classification-symbol>D03C3/36</classification-symbol><class-title date-revised="2013-01-01"><title-part><text>Griffe operating mechanisms</text></title-part></class-title></classification-item></classification-item>
<classification-item breakdown-code="false" not-allocatable="false" level="9" additional-only="false" sort-key="D03C3/38" definition-exists="false" ipc-concordant="D03C3/38" c-set-base-allowed="false" c-set-subsequent-allowed="true" date-revised="2013-01-01" status="published"><classification-symbol>D03C3/38</classification-symbol><class-title date-revised="2013-01-01"><title-part><text>Comber boards</text></title-part></class-title></classification-item>
<classification-item breakdown-code="false" not-allocatable="false" level="9" additional-only="false" sort-key="D03C3/40" definition-exists="false" ipc-concordant="D03C3/40" c-set-base-allowed="false" c-set-subsequent-allowed="true" date-revised="2013-01-01" status="published"><classification-symbol>D03C3/40</classification-symbol><class-title date-revised="2013-01-01"><title-part><text>Constructions of lifting-cords</text></title-part></class-title></classification-item>
<classification-item breakdown-code="false" not-allocatable="false" level="9" additional-only="false" sort-key="D03C3/42" definition-exists="false" ipc-concordant="D03C3/42" c-set-base-allowed="false" c-set-subsequent-allowed="true" date-revised="2013-01-01" status="published"><classification-symbol>D03C3/42</classification-symbol><class-title date-revised="2013-01-01"><title-part><text>Arrangements of lifting-cords</text></title-part></class-title></classification-item>
<classification-item breakdown-code="false" not-allocatable="false" level="9" additional-only="false" sort-key="D03C3/44" definition-exists="true" ipc-concordant="D03C3/44" c-set-base-allowed="false" c-set-subsequent-allowed="true" date-revised="2013-01-01" status="published"><classification-symbol>D03C3/44</classification-symbol><class-title date-revised="2013-01-01"><title-part><text>Lingoes</text></title-part></class-title></classification-item></classification-item></classification-item>
<classification-item breakdown-code="false" not-allocatable="false" level="7" additional-only="false" sort-key="D03C5/00" definition-exists="true" ipc-concordant="D03C5/00" c-set-base-allowed="false" c-set-subsequent-allowed="true" date-revised="2013-01-01" status="published"><classification-symbol>D03C5/00</classification-symbol><class-title date-revised="2013-01-01"><title-part><text>Cam or other direct-acting shedding mechanisms, i.e. operating heald frames without intervening power-supplying devices</text></title-part></class-title>
<classification-item breakdown-code="false" not-allocatable="false" level="8" additional-only="false" sort-key="D03C5/005" definition-exists="true" ipc-concordant="D03C5/00" c-set-base-allowed="false" c-set-subsequent-allowed="true" date-revised="2016-11-01" status="published"><classification-symbol>D03C5/005</classification-symbol><class-title date-revised="2013-01-01"><title-part><CPC-specific-text><text>Leveling mechanisms</text></CPC-specific-text></title-part></class-title></classification-item>
<classification-item breakdown-code="false" not-allocatable="false" level="8" additional-only="false" sort-key="D03C5/02" definition-exists="false" ipc-concordant="D03C5/02" c-set-base-allowed="false" c-set-subsequent-allowed="true" date-revised="2013-01-01" status="published"><classification-symbol>D03C5/02</classification-symbol><class-title date-revised="2013-01-01"><title-part><text>operated by rotating cams</text></title-part></class-title>
<classification-item breakdown-code="false" not-allocatable="false" level="9" additional-only="false" sort-key="D03C5/04" definition-exists="false" ipc-concordant="D03C5/04" c-set-base-allowed="false" c-set-subsequent-allowed="true" date-revised="2013-01-01" status="published"><classification-symbol>D03C5/04</classification-symbol><class-title date-revised="2013-01-01"><title-part><text>Construction or shape of cams </text><reference><text>cams in general <class-ref scheme="cpc">F16H53/00</class-ref></text></reference></title-part></class-title></classification-item></classification-item>
<classification-item breakdown-code="false" not-allocatable="false" level="8" additional-only="false" sort-key="D03C5/06" definition-exists="false" ipc-concordant="D03C5/06" c-set-base-allowed="false" c-set-subsequent-allowed="true" date-revised="2013-01-01" status="published"><classification-symbol>D03C5/06</classification-symbol><class-title date-revised="2013-01-01"><title-part><text>operated by cam devices other than rotating cams</text></title-part></class-title></classification-item></classification-item>
<classification-item breakdown-code="false" not-allocatable="false" level="7" additional-only="false" sort-key="D03C7/00" definition-exists="true" ipc-concordant="D03C7/00" c-set-base-allowed="false" c-set-subsequent-allowed="true" date-revised="2013-01-01" status="published"><classification-symbol>D03C7/00</classification-symbol><class-title date-revised="2013-01-01"><title-part><text>Leno or similar shedding mechanisms</text></title-part></class-title>
<classification-item breakdown-code="false" not-allocatable="false" level="8" additional-only="false" sort-key="D03C7/005" definition-exists="true" ipc-concordant="D03C7/00" c-set-base-allowed="false" c-set-subsequent-allowed="true" date-revised="2016-11-01" status="published"><classification-symbol>D03C7/005</classification-symbol><class-title date-revised="2013-01-01"><title-part><CPC-specific-text><text>Combined leno and patterned shedding motion</text></CPC-specific-text></title-part></class-title></classification-item>
<classification-item breakdown-code="false" not-allocatable="false" level="8" additional-only="false" sort-key="D03C7/02" definition-exists="true" ipc-concordant="D03C7/02" c-set-base-allowed="false" c-set-subsequent-allowed="true" date-revised="2013-01-01" status="published"><classification-symbol>D03C7/02</classification-symbol><class-title date-revised="2013-01-01"><title-part><text>Gauze healds</text></title-part></class-title></classification-item>
<classification-item breakdown-code="false" not-allocatable="false" level="8" additional-only="false" sort-key="D03C7/04" definition-exists="true" ipc-concordant="D03C7/04" c-set-base-allowed="false" c-set-subsequent-allowed="true" date-revised="2013-01-01" status="published"><classification-symbol>D03C7/04</classification-symbol><class-title date-revised="2013-01-01"><title-part><text>Mechanisms having discs oscillating about a weftwise axis and having apertures for warp threads</text></title-part></class-title></classification-item>
<classification-item breakdown-code="false" not-allocatable="false" level="8" additional-only="false" sort-key="D03C7/06" definition-exists="true" ipc-concordant="D03C7/06" c-set-base-allowed="false" c-set-subsequent-allowed="true" date-revised="2013-01-01" status="published"><classification-symbol>D03C7/06</classification-symbol><class-title date-revised="2013-01-01"><title-part><text>Mechanisms having eyed needles for moving warp threads from side to side of other warp threads</text></title-part></class-title></classification-item>
<classification-item breakdown-code="false" not-allocatable="false" level="8" additional-only="false" sort-key="D03C7/08" definition-exists="true" ipc-concordant="D03C7/08" c-set-base-allowed="false" c-set-subsequent-allowed="true" date-revised="2013-01-01" status="published"><classification-symbol>D03C7/08</classification-symbol><class-title date-revised="2013-01-01"><title-part><text>Devices for twisting warp threads repeatedly in the same direction</text></title-part></class-title></classification-item></classification-item>
<classification-item breakdown-code="false" not-allocatable="false" level="7" additional-only="false" sort-key="D03C9/00" definition-exists="true" ipc-concordant="D03C9/00" c-set-base-allowed="false" c-set-subsequent-allowed="true" date-revised="2013-01-01" status="published"><classification-symbol>D03C9/00</classification-symbol><class-title date-revised="2013-01-01"><title-part><text>Healds</text></title-part><title-part><text>Heald frames </text><reference><text>for leno shedding <class-ref scheme="cpc">D03C7/00</class-ref></text></reference></title-part></class-title>
<classification-item breakdown-code="false" not-allocatable="false" level="8" additional-only="false" sort-key="D03C9/02" definition-exists="true" ipc-concordant="D03C9/02" c-set-base-allowed="false" c-set-subsequent-allowed="true" date-revised="2013-01-01" status="published"><classification-symbol>D03C9/02</classification-symbol><class-title date-revised="2013-01-01"><title-part><text>Healds</text></title-part></class-title>
<classification-item breakdown-code="false" not-allocatable="false" level="9" additional-only="false" sort-key="D03C9/022" definition-exists="true" ipc-concordant="D03C9/02" c-set-base-allowed="false" c-set-subsequent-allowed="true" date-revised="2016-11-01" status="published"><classification-symbol>D03C9/022</classification-symbol><class-title date-revised="2013-01-01"><title-part><CPC-specific-text><text>anti-buckling</text></CPC-specific-text></title-part></class-title></classification-item>
<classification-item breakdown-code="false" not-allocatable="false" level="9" additional-only="false" sort-key="D03C9/024" definition-exists="true" ipc-concordant="D03C9/02" c-set-base-allowed="false" c-set-subsequent-allowed="true" date-revised="2016-11-01" status="published"><classification-symbol>D03C9/024</classification-symbol><class-title date-revised="2013-01-01"><title-part><CPC-specific-text><text>Eyelets</text></CPC-specific-text></title-part></class-title></classification-item>
<classification-item breakdown-code="false" not-allocatable="false" level="9" additional-only="false" sort-key="D03C9/026" definition-exists="false" ipc-concordant="D03C9/02" c-set-base-allowed="false" c-set-subsequent-allowed="true" date-revised="2016-11-01" status="published"><classification-symbol>D03C9/026</classification-symbol><class-title date-revised="2013-01-01"><title-part><CPC-specific-text><text>Material used</text></CPC-specific-text></title-part></class-title>
<classification-item breakdown-code="false" not-allocatable="false" level="10" additional-only="false" sort-key="D03C9/028" definition-exists="true" ipc-concordant="D03C9/02" c-set-base-allowed="false" c-set-subsequent-allowed="true" date-revised="2013-01-01" status="published"><classification-symbol>D03C9/028</classification-symbol><class-title date-revised="2013-01-01"><title-part><CPC-specific-text><text>Metal</text></CPC-specific-text></title-part></class-title></classification-item></classification-item>
<classification-item breakdown-code="true" not-allocatable="false" level="9" additional-only="true" sort-key="D03C9/04" definition-exists="false" ipc-concordant="D03C9/04" c-set-base-allowed="false" c-set-subsequent-allowed="true" date-revised="2013-01-01" status="published"><classification-symbol>D03C2009/04</classification-symbol><class-title date-revised="2013-01-01"><title-part><CPC-specific-text><text>Metal healds</text></CPC-specific-text></title-part></class-title></classification-item></classification-item>
<classification-item breakdown-code="false" not-allocatable="false" level="8" additional-only="false" sort-key="D03C9/06" definition-exists="false" ipc-concordant="D03C9/06" c-set-base-allowed="false" c-set-subsequent-allowed="true" date-revised="2013-01-01" status="published"><classification-symbol>D03C9/06</classification-symbol><class-title date-revised="2013-01-01"><title-part><text>Heald frames</text></title-part></class-title>
<classification-item breakdown-code="false" not-allocatable="false" level="9" additional-only="false" sort-key="D03C9/0608" definition-exists="false" ipc-concordant="D03C9/06" c-set-base-allowed="false" c-set-subsequent-allowed="true" date-revised="2013-01-01" status="published"><classification-symbol>D03C9/0608</classification-symbol><class-title date-revised="2013-01-01"><title-part><CPC-specific-text><text>Construction of frame parts</text></CPC-specific-text></title-part></class-title>
<classification-item breakdown-code="false" not-allocatable="false" level="10" additional-only="false" sort-key="D03C9/0616" definition-exists="false" ipc-concordant="D03C9/06" c-set-base-allowed="false" c-set-subsequent-allowed="true" date-revised="2013-01-01" status="published"><classification-symbol>D03C9/0616</classification-symbol><class-title date-revised="2013-01-01"><title-part><CPC-specific-text><text>Horizontal upper or lower rods</text></CPC-specific-text></title-part></class-title>
<classification-item breakdown-code="false" not-allocatable="false" level="11" additional-only="false" sort-key="D03C9/0625" definition-exists="false" ipc-concordant="D03C9/06" c-set-base-allowed="false" c-set-subsequent-allowed="true" date-revised="2013-01-01" status="published"><classification-symbol>D03C9/0625</classification-symbol><class-title date-revised="2013-01-01"><title-part><CPC-specific-text><text>Composition or used material</text></CPC-specific-text></title-part></class-title></classification-item>
<classification-item breakdown-code="false" not-allocatable="false" level="11" additional-only="false" sort-key="D03C9/0633" definition-exists="false" ipc-concordant="D03C9/06" c-set-base-allowed="false" c-set-subsequent-allowed="true" date-revised="2013-01-01" status="published"><classification-symbol>D03C9/0633</classification-symbol><class-title date-revised="2013-01-01"><title-part><CPC-specific-text><text>Heald bars or their connection to other frame parts</text></CPC-specific-text></title-part></class-title></classification-item>
<classification-item breakdown-code="false" not-allocatable="false" level="11" additional-only="false" sort-key="D03C9/0641" definition-exists="false" ipc-concordant="D03C9/06" c-set-base-allowed="false" c-set-subsequent-allowed="true" date-revised="2013-01-01" status="published"><classification-symbol>D03C9/0641</classification-symbol><class-title date-revised="2013-01-01"><title-part><CPC-specific-text><text>Distance guides for keeping distance to the next frame</text></CPC-specific-text></title-part></class-title></classification-item></classification-item>
<classification-item breakdown-code="false" not-allocatable="false" level="10" additional-only="false" sort-key="D03C9/065" definition-exists="false" ipc-concordant="D03C9/06" c-set-base-allowed="false" c-set-subsequent-allowed="true" date-revised="2013-01-01" status="published"><classification-symbol>D03C9/065</classification-symbol><class-title date-revised="2013-01-01"><title-part><CPC-specific-text><text>Side stays</text></CPC-specific-text></title-part></class-title></classification-item>
<classification-item breakdown-code="false" not-allocatable="false" level="10" additional-only="false" sort-key="D03C9/0658" definition-exists="false" ipc-concordant="D03C9/06" c-set-base-allowed="false" c-set-subsequent-allowed="true" date-revised="2013-01-01" status="published"><classification-symbol>D03C9/0658</classification-symbol><class-title date-revised="2013-01-01"><title-part><CPC-specific-text><text>Intermediate supports or their connection to other frame parts</text></CPC-specific-text></title-part></class-title></classification-item></classification-item>
<classification-item breakdown-code="false" not-allocatable="false" level="9" additional-only="false" sort-key="D03C9/0666" definition-exists="false" ipc-concordant="D03C9/06" c-set-base-allowed="false" c-set-subsequent-allowed="true" date-revised="2013-01-01" status="published"><classification-symbol>D03C9/0666</classification-symbol><class-title date-revised="2013-01-01"><title-part><CPC-specific-text><text>Connection of frame parts </text><reference><text><class-ref scheme="cpc">D03C9/0633</class-ref> and <class-ref scheme="cpc">D03C9/0658</class-ref> take precedence</text></reference></CPC-specific-text></title-part></class-title>
<classification-item breakdown-code="false" not-allocatable="false" level="10" additional-only="false" sort-key="D03C9/0675" definition-exists="false" ipc-concordant="D03C9/06" c-set-base-allowed="false" c-set-subsequent-allowed="true" date-revised="2013-01-01" status="published"><classification-symbol>D03C9/0675</classification-symbol><class-title date-revised="2013-01-01"><title-part><CPC-specific-text><text>Corner connections between horizontal rods and side stays</text></CPC-specific-text></title-part></class-title></classification-item></classification-item>
<classification-item breakdown-code="false" not-allocatable="false" level="9" additional-only="false" sort-key="D03C9/0683" definition-exists="true" ipc-concordant="D03C9/06" c-set-base-allowed="false" c-set-subsequent-allowed="true" date-revised="2013-01-01" status="published"><classification-symbol>D03C9/0683</classification-symbol><class-title date-revised="2013-01-01"><title-part><CPC-specific-text><text>Arrangements or means for the linking to the drive system</text></CPC-specific-text></title-part></class-title></classification-item>
<classification-item breakdown-code="false" not-allocatable="false" level="9" additional-only="false" sort-key="D03C9/0691" definition-exists="false" ipc-concordant="D03C9/06" c-set-base-allowed="false" c-set-subsequent-allowed="true" date-revised="2013-01-01" status="published"><classification-symbol>D03C9/0691</classification-symbol><class-title date-revised="2013-01-01"><title-part><CPC-specific-text><text>Arrangements of means for damping or noise reduction</text></CPC-specific-text></title-part></class-title></classification-item></classification-item></classification-item>
<classification-item breakdown-code="false" not-allocatable="false" level="7" additional-only="false" sort-key="D03C11/00" definition-exists="true" ipc-concordant="D03C11/00" c-set-base-allowed="false" c-set-subsequent-allowed="true" date-revised="2013-01-01" status="published"><classification-symbol>D03C11/00</classification-symbol><class-title date-revised="2013-01-01"><title-part><text>Selvedge shedding mechanisms not forming part of main shedding mechanism </text><reference><text>selvedge jacquards <class-ref scheme="cpc">D03C3/18</class-ref>; leno selvedge mechanism <class-ref scheme="cpc">D03C7/00</class-ref></text></reference></title-part></class-title></classification-item>
<classification-item breakdown-code="false" not-allocatable="false" level="7" additional-only="false" sort-key="D03C13/00" definition-exists="true" ipc-concordant="D03C13/00" c-set-base-allowed="false" c-set-subsequent-allowed="true" date-revised="2013-01-01" status="published"><classification-symbol>D03C13/00</classification-symbol><class-title date-revised="2013-01-01"><title-part><text>Shedding mechanisms not otherwise provided for</text></title-part></class-title>
<classification-item breakdown-code="false" not-allocatable="false" level="8" additional-only="false" sort-key="D03C13/02" definition-exists="true" ipc-concordant="D03C13/00" c-set-base-allowed="false" c-set-subsequent-allowed="true" date-revised="2016-11-01" status="published"><classification-symbol>D03C13/02</classification-symbol><class-title date-revised="2013-01-01"><title-part><CPC-specific-text><text>with independent drive motors </text><reference><text><class-ref scheme="cpc">D03C1/146</class-ref> and <class-ref scheme="cpc">D03C3/205</class-ref> take precedence</text></reference></CPC-specific-text></title-part></class-title>
<classification-item breakdown-code="false" not-allocatable="false" level="9" additional-only="false" sort-key="D03C13/025" definition-exists="true" ipc-concordant="D03C13/00" c-set-base-allowed="false" c-set-subsequent-allowed="true" date-revised="2016-11-01" status="published"><classification-symbol>D03C13/025</classification-symbol><class-title date-revised="2013-01-01"><title-part><CPC-specific-text><text>with independent frame drives</text></CPC-specific-text></title-part></class-title></classification-item></classification-item></classification-item>
<classification-item breakdown-code="false" not-allocatable="false" level="7" additional-only="false" sort-key="D03C15/00" definition-exists="true" ipc-concordant="D03C15/00" c-set-base-allowed="false" c-set-subsequent-allowed="true" date-revised="2013-01-01" status="published"><classification-symbol>D03C15/00</classification-symbol><class-title date-revised="2013-01-01"><title-part><text>Pattern cards or chains</text></title-part></class-title>
<classification-item breakdown-code="false" not-allocatable="false" level="8" additional-only="false" sort-key="D03C15/02" definition-exists="false" ipc-concordant="D03C15/02" c-set-base-allowed="false" c-set-subsequent-allowed="true" date-revised="2013-01-01" status="published"><classification-symbol>D03C15/02</classification-symbol><class-title date-revised="2013-01-01"><title-part><text>Chains of metal, wood, or similar material with projecting pattern-indicating elements</text></title-part></class-title></classification-item>
<classification-item breakdown-code="false" not-allocatable="false" level="8" additional-only="false" sort-key="D03C15/04" definition-exists="false" ipc-concordant="D03C15/04" c-set-base-allowed="false" c-set-subsequent-allowed="true" date-revised="2013-01-01" status="published"><classification-symbol>D03C15/04</classification-symbol><class-title date-revised="2013-01-01"><title-part><text>Cards or paper perforated to indicate pattern</text></title-part></class-title></classification-item>
<classification-item breakdown-code="false" not-allocatable="false" level="8" additional-only="false" sort-key="D03C15/06" definition-exists="false" ipc-concordant="D03C15/06" c-set-base-allowed="false" c-set-subsequent-allowed="true" date-revised="2013-01-01" status="published"><classification-symbol>D03C15/06</classification-symbol><class-title date-revised="2013-01-01"><title-part><text>Apparatus for setting pegs in, or removing pegs from, pattern cards</text></title-part></class-title></classification-item>
<classification-item breakdown-code="false" not-allocatable="false" level="8" additional-only="false" sort-key="D03C15/08" definition-exists="false" ipc-concordant="D03C15/08" c-set-base-allowed="false" c-set-subsequent-allowed="true" date-revised="2013-01-01" status="published"><classification-symbol>D03C15/08</classification-symbol><class-title date-revised="2013-01-01"><title-part><text>Apparatus for interconnecting, e.g. by lacing, or disconnecting pattern cards</text></title-part></class-title></classification-item></classification-item>
<classification-item breakdown-code="false" not-allocatable="false" level="7" additional-only="false" sort-key="D03C17/00" definition-exists="true" ipc-concordant="D03C17/00" c-set-base-allowed="false" c-set-subsequent-allowed="true" date-revised="2013-01-01" status="published"><classification-symbol>D03C17/00</classification-symbol><class-title date-revised="2013-01-01"><title-part><text>Card-punching apparatus </text><reference><text>marking record carriers in digital fashion <class-ref scheme="cpc">G06K</class-ref></text></reference></title-part></class-title>
<classification-item breakdown-code="false" not-allocatable="false" level="8" additional-only="false" sort-key="D03C17/02" definition-exists="false" ipc-concordant="D03C17/02" c-set-base-allowed="false" c-set-subsequent-allowed="true" date-revised="2013-01-01" status="published"><classification-symbol>D03C17/02</classification-symbol><class-title date-revised="2013-01-01"><title-part><text>manually-controlled, i.e. holes to be punched determined by the operator</text></title-part></class-title>
<classification-item breakdown-code="false" not-allocatable="false" level="9" additional-only="false" sort-key="D03C17/04" definition-exists="false" ipc-concordant="D03C17/04" c-set-base-allowed="false" c-set-subsequent-allowed="true" date-revised="2013-01-01" status="published"><classification-symbol>D03C17/04</classification-symbol><class-title date-revised="2013-01-01"><title-part><text>power-operated</text></title-part></class-title></classification-item></classification-item>
<classification-item breakdown-code="false" not-allocatable="false" level="8" additional-only="false" sort-key="D03C17/06" definition-exists="false" ipc-concordant="D03C17/06" c-set-base-allowed="false" c-set-subsequent-allowed="true" date-revised="2013-01-01" status="published"><classification-symbol>D03C17/06</classification-symbol><class-title date-revised="2013-01-01"><title-part><text>automatic, i.e. design scanned optically or otherwise to control punching apparatus or to control loom jacquard directly</text></title-part></class-title></classification-item></classification-item>
<classification-item breakdown-code="false" not-allocatable="false" level="7" additional-only="false" sort-key="D03C19/00" definition-exists="true" ipc-concordant="D03C19/00" c-set-base-allowed="false" c-set-subsequent-allowed="true" date-revised="2013-01-01" status="published"><classification-symbol>D03C19/00</classification-symbol><class-title date-revised="2013-01-01"><title-part><text>Miscellaneous methods or devices concerned with designing or making patterns</text></title-part></class-title>
<classification-item breakdown-code="false" not-allocatable="false" level="8" additional-only="false" sort-key="D03C19/005" definition-exists="true" ipc-concordant="D03C19/00" c-set-base-allowed="false" c-set-subsequent-allowed="true" date-revised="2013-01-01" status="published"><classification-symbol>D03C19/005</classification-symbol><class-title date-revised="2013-01-01"><title-part><CPC-specific-text><text>Electronic</text></CPC-specific-text></title-part></class-title></classification-item></classification-item></classification-item>
<classification-item breakdown-code="false" not-allocatable="true" level="6" additional-only="true" sort-key="D03C700/00" date-revised="2013-01-01" status="published"><classification-symbol>D03C2700/00</classification-symbol>
<classification-item breakdown-code="true" not-allocatable="false" level="7" additional-only="true" sort-key="D03C700/00" definition-exists="false" ipc-concordant="CPCONLY" c-set-base-allowed="false" c-set-subsequent-allowed="true" date-revised="2013-01-01" status="published"><classification-symbol>D03C2700/00</classification-symbol><class-title date-revised="2013-01-01"><title-part><text>Shedding mechanisms</text></title-part></class-title>
<classification-item breakdown-code="true" not-allocatable="false" level="8" additional-only="true" sort-key="D03C700/01" definition-exists="false" ipc-concordant="CPCONLY" c-set-base-allowed="false" c-set-subsequent-allowed="true" date-revised="2013-01-01" status="published"><classification-symbol>D03C2700/01</classification-symbol><class-title date-revised="2013-01-01"><title-part><text>Shedding mechanisms using heald frames</text></title-part></class-title>
<classification-item breakdown-code="true" not-allocatable="false" level="9" additional-only="true" sort-key="D03C700/0105" definition-exists="false" ipc-concordant="CPCONLY" c-set-base-allowed="false" c-set-subsequent-allowed="true" date-revised="2013-01-01" status="published"><classification-symbol>D03C2700/0105</classification-symbol><class-title date-revised="2013-01-01"><title-part><text>Cam-driven heald frame movement</text></title-part></class-title>
<classification-item breakdown-code="true" not-allocatable="false" level="10" additional-only="true" sort-key="D03C700/0111" definition-exists="false" ipc-concordant="CPCONLY" c-set-base-allowed="false" c-set-subsequent-allowed="true" date-revised="2013-01-01" status="published"><classification-symbol>D03C2700/0111</classification-symbol><class-title date-revised="2013-01-01"><title-part><text>Devices for levelling the heald frames</text></title-part><title-part><text>Coupling and uncoupling the drive for the heald frames</text></title-part><title-part><text>Devices for holding the shed open</text></title-part></class-title></classification-item>
<classification-item breakdown-code="true" not-allocatable="false" level="10" additional-only="true" sort-key="D03C700/0116" definition-exists="false" ipc-concordant="CPCONLY" c-set-base-allowed="false" c-set-subsequent-allowed="true" date-revised="2013-01-01" status="published"><classification-symbol>D03C2700/0116</classification-symbol><class-title date-revised="2013-01-01"><title-part><text>Arrangements in which warp threads pass one another at different heights</text></title-part></class-title></classification-item>
<classification-item breakdown-code="true" not-allocatable="false" level="10" additional-only="true" sort-key="D03C700/0122" definition-exists="false" ipc-concordant="CPCONLY" c-set-base-allowed="false" c-set-subsequent-allowed="true" date-revised="2013-01-01" status="published"><classification-symbol>D03C2700/0122</classification-symbol><class-title date-revised="2013-01-01"><title-part><text>Devices for adjusting the geometric and time parameters of shed opening</text></title-part></class-title></classification-item></classification-item>
<classification-item breakdown-code="true" not-allocatable="false" level="9" additional-only="true" sort-key="D03C700/0127" definition-exists="false" ipc-concordant="CPCONLY" c-set-base-allowed="false" c-set-subsequent-allowed="true" date-revised="2013-01-01" status="published"><classification-symbol>D03C2700/0127</classification-symbol><class-title date-revised="2013-01-01"><title-part><text>Programme-controlled heald frame movement</text></title-part></class-title>
<classification-item breakdown-code="true" not-allocatable="false" level="10" additional-only="true" sort-key="D03C700/0133" definition-exists="false" ipc-concordant="CPCONLY" c-set-base-allowed="false" c-set-subsequent-allowed="true" date-revised="2013-01-01" status="published"><classification-symbol>D03C2700/0133</classification-symbol><class-title date-revised="2013-01-01"><title-part><text>with mechanical transmission</text></title-part></class-title>
<classification-item breakdown-code="true" not-allocatable="false" level="11" additional-only="true" sort-key="D03C700/0138" definition-exists="false" ipc-concordant="CPCONLY" c-set-base-allowed="false" c-set-subsequent-allowed="true" date-revised="2013-01-01" status="published"><classification-symbol>D03C2700/0138</classification-symbol><class-title date-revised="2013-01-01"><title-part><text>using hooks or lifters</text></title-part></class-title>
<classification-item breakdown-code="true" not-allocatable="false" level="12" additional-only="true" sort-key="D03C700/0144" definition-exists="false" ipc-concordant="CPCONLY" c-set-base-allowed="false" c-set-subsequent-allowed="true" date-revised="2013-01-01" status="published"><classification-symbol>D03C2700/0144</classification-symbol><class-title date-revised="2013-01-01"><title-part><text>Single-lift mechanisms</text></title-part></class-title>
<classification-item breakdown-code="true" not-allocatable="false" level="13" additional-only="true" sort-key="D03C700/015" definition-exists="false" ipc-concordant="CPCONLY" c-set-base-allowed="false" c-set-subsequent-allowed="true" date-revised="2013-01-01" status="published"><classification-symbol>D03C2700/015</classification-symbol><class-title date-revised="2013-01-01"><title-part><text>of closed-shed type</text></title-part></class-title></classification-item></classification-item>
<classification-item breakdown-code="true" not-allocatable="false" level="12" additional-only="true" sort-key="D03C700/0155" definition-exists="false" ipc-concordant="CPCONLY" c-set-base-allowed="false" c-set-subsequent-allowed="true" date-revised="2013-01-01" status="published"><classification-symbol>D03C2700/0155</classification-symbol><class-title date-revised="2013-01-01"><title-part><text>Double-lift mechanisms</text></title-part></class-title>
<classification-item breakdown-code="true" not-allocatable="false" level="13" additional-only="true" sort-key="D03C700/0161" definition-exists="false" ipc-concordant="CPCONLY" c-set-base-allowed="false" c-set-subsequent-allowed="true" date-revised="2013-01-01" status="published"><classification-symbol>D03C2700/0161</classification-symbol><class-title date-revised="2013-01-01"><title-part><text>of negatively-driven type</text></title-part></class-title></classification-item>
<classification-item breakdown-code="true" not-allocatable="false" level="13" additional-only="true" sort-key="D03C700/0166" definition-exists="false" ipc-concordant="CPCONLY" c-set-base-allowed="false" c-set-subsequent-allowed="true" date-revised="2013-01-01" status="published"><classification-symbol>D03C2700/0166</classification-symbol><class-title date-revised="2013-01-01"><title-part><text>of positively-driven type</text></title-part></class-title></classification-item>
<classification-item breakdown-code="true" not-allocatable="false" level="13" additional-only="true" sort-key="D03C700/0172" definition-exists="false" ipc-concordant="CPCONLY" c-set-base-allowed="false" c-set-subsequent-allowed="true" date-revised="2013-01-01" status="published"><classification-symbol>D03C2700/0172</classification-symbol><class-title date-revised="2013-01-01"><title-part><text>Constructional details</text></title-part></class-title></classification-item></classification-item></classification-item></classification-item>
<classification-item breakdown-code="true" not-allocatable="false" level="10" additional-only="true" sort-key="D03C700/0177" definition-exists="false" ipc-concordant="CPCONLY" c-set-base-allowed="false" c-set-subsequent-allowed="true" date-revised="2013-01-01" status="published"><classification-symbol>D03C2700/0177</classification-symbol><class-title date-revised="2013-01-01"><title-part><text>Devices for levelling the heald frames</text></title-part><title-part><text>Coupling and uncoupling the drive for the heald frames</text></title-part><title-part><text>Devices for holding the shed open</text></title-part></class-title></classification-item>
<classification-item breakdown-code="true" not-allocatable="false" level="10" additional-only="true" sort-key="D03C700/0183" definition-exists="false" ipc-concordant="CPCONLY" c-set-base-allowed="false" c-set-subsequent-allowed="true" date-revised="2013-01-01" status="published"><classification-symbol>D03C2700/0183</classification-symbol><class-title date-revised="2013-01-01"><title-part><text>Devices for adjusting the geometric and time parameters of shed opening</text></title-part></class-title></classification-item></classification-item>
<classification-item breakdown-code="true" not-allocatable="false" level="9" additional-only="true" sort-key="D03C700/0188" definition-exists="false" ipc-concordant="CPCONLY" c-set-base-allowed="false" c-set-subsequent-allowed="true" date-revised="2013-01-01" status="published"><classification-symbol>D03C2700/0188</classification-symbol><class-title date-revised="2013-01-01"><title-part><text>Heald frame return devices</text></title-part></class-title></classification-item>
<classification-item breakdown-code="true" not-allocatable="false" level="9" additional-only="true" sort-key="D03C700/0194" definition-exists="false" ipc-concordant="CPCONLY" c-set-base-allowed="false" c-set-subsequent-allowed="true" date-revised="2013-01-01" status="published"><classification-symbol>D03C2700/0194</classification-symbol><class-title date-revised="2013-01-01"><title-part><text>Frame-operating devices for ribbon looms</text></title-part></class-title></classification-item>
<classification-item breakdown-code="true" not-allocatable="false" level="9" additional-only="true" sort-key="D03C700/14" definition-exists="false" ipc-concordant="CPCONLY" c-set-base-allowed="false" c-set-subsequent-allowed="true" date-revised="2013-01-01" status="published"><classification-symbol>D03C2700/14</classification-symbol><class-title date-revised="2013-01-01"><title-part><text>Heald frame lifting devices</text></title-part></class-title></classification-item></classification-item></classification-item></classification-item></classification-item></class-scheme>