<?xml version="1.0" encoding="UTF-8"?>
<class-scheme publication-date="2021-05-01" scheme-type="cpc" publication-type="official">
<classification-item breakdown-code="false" not-allocatable="true" level="5" additional-only="false" sort-key="A61D" definition-exists="true" date-revised="2018-08-01" status="published"><classification-symbol>A61D</classification-symbol><class-title date-revised="2013-01-01"><title-part><text>VETERINARY INSTRUMENTS, IMPLEMENTS, TOOLS, OR METHODS</text></title-part></class-title><notes-and-warnings date-revised="2013-01-01"><note type="note"><note-paragraph>This subclass <u>covers</u> only instruments, implements, tools, or methods specially adapted for use with animals</note-paragraph></note><note type="warning"><note-paragraph>In this subclass non-limiting references (in the sense of paragraph 39 of the Guide to the IPC) may still be displayed in the scheme.</note-paragraph></note></notes-and-warnings>
<classification-item breakdown-code="false" not-allocatable="true" level="6" additional-only="false" sort-key="A61D1/00" date-revised="2013-01-01" status="published"><classification-symbol>A61D1/00</classification-symbol>
<classification-item breakdown-code="false" not-allocatable="false" level="7" additional-only="false" sort-key="A61D1/00" definition-exists="true" ipc-concordant="A61D1/00" c-set-base-allowed="false" c-set-subsequent-allowed="true" date-revised="2013-01-01" status="published"><classification-symbol>A61D1/00</classification-symbol><class-title date-revised="2013-01-01"><title-part><text>Surgical instruments for veterinary use</text></title-part></class-title>
<classification-item breakdown-code="false" not-allocatable="false" level="8" additional-only="false" sort-key="A61D1/005" definition-exists="false" ipc-concordant="A61D1/00" c-set-base-allowed="false" c-set-subsequent-allowed="true" date-revised="2013-01-01" status="published"><classification-symbol>A61D1/005</classification-symbol><class-title date-revised="2013-01-01"><title-part><CPC-specific-text><text>Devices for trimming, cutting, cauterising beaks, spurs, or the like, of poultry or other birds</text></CPC-specific-text></title-part></class-title></classification-item>
<classification-item breakdown-code="false" not-allocatable="false" level="8" additional-only="false" sort-key="A61D1/02" definition-exists="true" ipc-concordant="A61D1/02" c-set-base-allowed="false" c-set-subsequent-allowed="true" date-revised="2013-01-01" status="published"><classification-symbol>A61D1/02</classification-symbol><class-title date-revised="2013-01-01"><title-part><text>Trocars or cannulas for teats </text><reference><text>milking catheters <class-ref scheme="cpc">A01J3/00</class-ref></text></reference></title-part><title-part><text>Vaccination appliances</text></title-part></class-title>
<classification-item breakdown-code="false" not-allocatable="false" level="9" additional-only="false" sort-key="A61D1/025" definition-exists="true" ipc-concordant="A61D1/02" c-set-base-allowed="false" c-set-subsequent-allowed="true" date-revised="2013-01-01" status="published"><classification-symbol>A61D1/025</classification-symbol><class-title date-revised="2013-01-01"><title-part><CPC-specific-text><text>Vaccination appliances </text><reference><text>hypodermic syringes <class-ref scheme="cpc">A61M</class-ref></text></reference></CPC-specific-text></title-part></class-title></classification-item></classification-item>
<classification-item breakdown-code="false" not-allocatable="false" level="8" additional-only="false" sort-key="A61D1/04" definition-exists="false" ipc-concordant="A61D1/04" c-set-base-allowed="false" c-set-subsequent-allowed="true" date-revised="2013-01-01" status="published"><classification-symbol>A61D1/04</classification-symbol><class-title date-revised="2013-01-01"><title-part><text>Cropping devices for tails or ears</text></title-part></class-title></classification-item>
<classification-item breakdown-code="false" not-allocatable="false" level="8" additional-only="false" sort-key="A61D1/06" definition-exists="false" ipc-concordant="A61D1/06" c-set-base-allowed="false" c-set-subsequent-allowed="true" date-revised="2013-01-01" status="published"><classification-symbol>A61D1/06</classification-symbol><class-title date-revised="2013-01-01"><title-part><text>Castrating appliances</text></title-part></class-title></classification-item>
<classification-item breakdown-code="false" not-allocatable="false" level="8" additional-only="false" sort-key="A61D1/08" definition-exists="true" ipc-concordant="A61D1/08" c-set-base-allowed="false" c-set-subsequent-allowed="true" date-revised="2013-01-01" status="published"><classification-symbol>A61D1/08</classification-symbol><class-title date-revised="2013-01-01"><title-part><text>Veterinary obstetrical instruments or devices </text><reference><text>devices for indicating trouble during labour of animals <class-ref scheme="cpc">A61D17/00</class-ref></text></reference></title-part></class-title></classification-item>
<classification-item breakdown-code="false" not-allocatable="false" level="8" additional-only="false" sort-key="A61D1/10" definition-exists="false" ipc-concordant="A61D1/10" c-set-base-allowed="false" c-set-subsequent-allowed="true" date-revised="2013-01-01" status="published"><classification-symbol>A61D1/10</classification-symbol><class-title date-revised="2013-01-01"><title-part><text>Embryotomic instruments</text></title-part></class-title></classification-item>
<classification-item breakdown-code="false" not-allocatable="false" level="8" additional-only="false" sort-key="A61D1/12" definition-exists="true" ipc-concordant="A61D1/12" c-set-base-allowed="false" c-set-subsequent-allowed="true" date-revised="2013-01-01" status="published"><classification-symbol>A61D1/12</classification-symbol><class-title date-revised="2013-01-01"><title-part><text>Instruments for removing foreign bodies from animals&apos; throats, oesophagus, or stomachs </text><reference><text>instruments for removing foreign bodies from the human body <class-ref scheme="cpc">A61B17/50</class-ref></text></reference></title-part></class-title></classification-item>
<classification-item breakdown-code="false" not-allocatable="false" level="8" additional-only="false" sort-key="A61D1/14" definition-exists="false" ipc-concordant="A61D1/14" c-set-base-allowed="false" c-set-subsequent-allowed="true" date-revised="2013-01-01" status="published"><classification-symbol>A61D1/14</classification-symbol><class-title date-revised="2013-01-01"><title-part><text>Devices for degassing animals&apos; stomachs</text></title-part></class-title></classification-item>
<classification-item breakdown-code="false" not-allocatable="false" level="8" additional-only="false" sort-key="A61D1/16" definition-exists="false" ipc-concordant="A61D1/16" c-set-base-allowed="false" c-set-subsequent-allowed="true" date-revised="2013-01-01" status="published"><classification-symbol>A61D1/16</classification-symbol><class-title date-revised="2013-01-01"><title-part><text>Magnets for the stomach </text><reference><text><class-ref scheme="cpc">A61D1/12</class-ref> takes precedence</text></reference></title-part></class-title></classification-item></classification-item>
<classification-item breakdown-code="false" not-allocatable="false" level="7" additional-only="false" sort-key="A61D3/00" definition-exists="true" ipc-concordant="A61D3/00" c-set-base-allowed="false" c-set-subsequent-allowed="true" date-revised="2013-01-01" status="published"><classification-symbol>A61D3/00</classification-symbol><class-title date-revised="2013-01-01"><title-part><text>Appliances for supporting or fettering animals for operative purposes </text><reference><text>fettering in slaughter houses <class-ref scheme="cpc">A22B1/00</class-ref></text></reference></title-part></class-title>
<classification-item breakdown-code="true" not-allocatable="false" level="8" additional-only="true" sort-key="A61D3/003" definition-exists="false" ipc-concordant="A61D3/00" c-set-base-allowed="false" c-set-subsequent-allowed="true" date-revised="2013-01-01" status="published"><classification-symbol>A61D2003/003</classification-symbol><class-title date-revised="2013-01-01"><title-part><CPC-specific-text><text>with head or neck restraining means</text></CPC-specific-text></title-part></class-title></classification-item>
<classification-item breakdown-code="true" not-allocatable="false" level="8" additional-only="true" sort-key="A61D3/006" definition-exists="false" ipc-concordant="A61D3/00" c-set-base-allowed="false" c-set-subsequent-allowed="true" date-revised="2013-01-01" status="published"><classification-symbol>A61D2003/006</classification-symbol><class-title date-revised="2013-01-01"><title-part><CPC-specific-text><text>with leg or foot restraining means</text></CPC-specific-text></title-part></class-title></classification-item></classification-item>
<classification-item breakdown-code="false" not-allocatable="false" level="7" additional-only="false" sort-key="A61D5/00" definition-exists="true" ipc-concordant="A61D5/00" c-set-base-allowed="false" c-set-subsequent-allowed="true" date-revised="2013-01-01" status="published"><classification-symbol>A61D5/00</classification-symbol><class-title date-revised="2013-01-01"><title-part><text>Instruments for treating animals&apos; teeth</text></title-part></class-title></classification-item>
<classification-item breakdown-code="false" not-allocatable="false" level="7" additional-only="false" sort-key="A61D7/00" definition-exists="true" ipc-concordant="A61D7/00" c-set-base-allowed="false" c-set-subsequent-allowed="true" date-revised="2021-01-01" status="published"><classification-symbol>A61D7/00</classification-symbol><class-title date-revised="2021-01-01"><title-part><text>Devices or methods for introducing solid, liquid, or gaseous remedies or other materials into or onto the bodies of animals </text><reference><text>for reproduction or fertilisation <class-ref scheme="cpc">A61D19/00</class-ref> </text><CPC-specific-text><text>; devices for implanting pellets, radon seeds or the like <class-ref scheme="cpc">A61M37/0069</class-ref></text></CPC-specific-text></reference></title-part></class-title>
<classification-item breakdown-code="false" not-allocatable="false" level="8" additional-only="false" sort-key="A61D7/04" definition-exists="false" ipc-concordant="A61D7/04" c-set-base-allowed="false" c-set-subsequent-allowed="true" date-revised="2013-01-01" status="published"><classification-symbol>A61D7/04</classification-symbol><class-title date-revised="2013-01-01"><title-part><text>Devices for anaesthetising animals by gases or vapours</text></title-part><title-part><text>Inhaling devices</text></title-part></class-title></classification-item></classification-item>
<classification-item breakdown-code="false" not-allocatable="false" level="7" additional-only="false" sort-key="A61D9/00" definition-exists="true" ipc-concordant="A61D9/00" c-set-base-allowed="false" c-set-subsequent-allowed="true" date-revised="2013-01-01" status="published"><classification-symbol>A61D9/00</classification-symbol><class-title date-revised="2013-01-01"><title-part><text>Bandages, poultices, compresses specially adapted to veterinary purposes </text><reference><text>fetlock-joint protecting rings <class-ref scheme="cpc">A01K13/00</class-ref></text></reference></title-part></class-title>
<classification-item breakdown-code="false" not-allocatable="false" level="8" additional-only="false" sort-key="A61D9/02" definition-exists="false" ipc-concordant="A61D9/02" c-set-base-allowed="false" c-set-subsequent-allowed="true" date-revised="2013-01-01" status="published"><classification-symbol>A61D9/02</classification-symbol><class-title date-revised="2013-01-01"><title-part><text>Prolapsus appliances</text></title-part></class-title></classification-item></classification-item>
<classification-item breakdown-code="false" not-allocatable="false" level="7" additional-only="false" sort-key="A61D11/00" definition-exists="true" ipc-concordant="A61D11/00" c-set-base-allowed="false" c-set-subsequent-allowed="true" date-revised="2013-01-01" status="published"><classification-symbol>A61D11/00</classification-symbol><class-title date-revised="2013-01-01"><title-part><text>Washing devices or gaseous curative baths specially adapted to veterinary purposes </text><reference><text>milking machine accessories for treatment of udders or teats <class-ref scheme="cpc">A01J7/04</class-ref></text></reference></title-part></class-title></classification-item>
<classification-item breakdown-code="false" not-allocatable="false" level="7" additional-only="false" sort-key="A61D13/00" definition-exists="false" ipc-concordant="A61D13/00" c-set-base-allowed="false" c-set-subsequent-allowed="true" date-revised="2013-01-01" status="published"><classification-symbol>A61D13/00</classification-symbol><class-title date-revised="2013-01-01"><title-part><text>Thermometer holders specially adapted to veterinary purposes</text></title-part></class-title></classification-item>
<classification-item breakdown-code="false" not-allocatable="false" level="7" additional-only="false" sort-key="A61D15/00" definition-exists="true" ipc-concordant="A61D15/00" c-set-base-allowed="false" c-set-subsequent-allowed="true" date-revised="2013-01-01" status="published"><classification-symbol>A61D15/00</classification-symbol><class-title date-revised="2013-01-01"><title-part><text>Mouth openers </text><reference><text>devices to prevent crib-biting <class-ref scheme="cpc">A01K13/00</class-ref></text></reference></title-part></class-title></classification-item>
<classification-item breakdown-code="false" not-allocatable="false" level="7" additional-only="false" sort-key="A61D17/00" definition-exists="true" ipc-concordant="A61D17/00" c-set-base-allowed="false" c-set-subsequent-allowed="true" date-revised="2017-08-01" status="published"><classification-symbol>A61D17/00</classification-symbol><class-title date-revised="2017-08-01"><title-part><text>Devices for indicating trouble during labour of animals </text><CPC-specific-text><text>; Methods or instruments for detecting pregnancy-related states of animals </text><reference><text>monitoring or measuring activity of animals <class-ref scheme="cpc">A01K29/005</class-ref></text></reference></CPC-specific-text></title-part></class-title>
<classification-item breakdown-code="false" not-allocatable="false" level="8" additional-only="false" sort-key="A61D17/002" definition-exists="true" ipc-concordant="A61D17/00" c-set-base-allowed="false" c-set-subsequent-allowed="true" date-revised="2013-01-01" status="published"><classification-symbol>A61D17/002</classification-symbol><class-title date-revised="2013-01-01"><title-part><CPC-specific-text><text>for detecting period of heat of animals, i.e. for detecting oestrus </text><reference><text>for humans <class-ref scheme="cpc">A61B10/0012</class-ref></text></reference></CPC-specific-text></title-part></class-title></classification-item>
<classification-item breakdown-code="false" not-allocatable="false" level="8" additional-only="false" sort-key="A61D17/004" definition-exists="false" ipc-concordant="A61D17/00" c-set-base-allowed="false" c-set-subsequent-allowed="true" date-revised="2013-01-01" status="published"><classification-symbol>A61D17/004</classification-symbol><class-title date-revised="2013-01-01"><title-part><CPC-specific-text><text>for detecting mating action</text></CPC-specific-text></title-part></class-title></classification-item>
<classification-item breakdown-code="false" not-allocatable="false" level="8" additional-only="false" sort-key="A61D17/006" definition-exists="false" ipc-concordant="A61D17/00" c-set-base-allowed="false" c-set-subsequent-allowed="true" date-revised="2013-01-01" status="published"><classification-symbol>A61D17/006</classification-symbol><class-title date-revised="2013-01-01"><title-part><CPC-specific-text><text>for detecting pregnancy of animals</text></CPC-specific-text></title-part></class-title></classification-item>
<classification-item breakdown-code="false" not-allocatable="false" level="8" additional-only="false" sort-key="A61D17/008" definition-exists="false" ipc-concordant="A61D17/00" c-set-base-allowed="false" c-set-subsequent-allowed="true" date-revised="2013-01-01" status="published"><classification-symbol>A61D17/008</classification-symbol><class-title date-revised="2013-01-01"><title-part><CPC-specific-text><text>for detecting birth of animals, e.g. parturition alarm</text></CPC-specific-text></title-part></class-title></classification-item></classification-item>
<classification-item breakdown-code="false" not-allocatable="false" level="7" additional-only="false" sort-key="A61D19/00" definition-exists="true" ipc-concordant="A61D19/00" c-set-base-allowed="false" c-set-subsequent-allowed="true" date-revised="2013-01-01" status="published"><classification-symbol>A61D19/00</classification-symbol><class-title date-revised="2013-01-01"><title-part><text>Instruments or methods for reproduction or fertilisation</text></title-part></class-title>
<classification-item breakdown-code="false" not-allocatable="false" level="8" additional-only="false" sort-key="A61D19/02" definition-exists="false" ipc-concordant="A61D19/02" c-set-base-allowed="false" c-set-subsequent-allowed="true" date-revised="2013-01-01" status="published"><classification-symbol>A61D19/02</classification-symbol><class-title date-revised="2013-01-01"><title-part><text>for artificial insemination</text></title-part></class-title>
<classification-item breakdown-code="false" not-allocatable="false" level="9" additional-only="false" sort-key="A61D19/021" definition-exists="true" ipc-concordant="A61D19/02" c-set-base-allowed="false" c-set-subsequent-allowed="true" date-revised="2013-01-01" status="published"><classification-symbol>A61D19/021</classification-symbol><class-title date-revised="2013-01-01"><title-part><CPC-specific-text><text>Apparatus for collecting seminal fluids; Artificial vaginas </text><reference><text>for humans <class-ref scheme="cpc">A61B10/0058</class-ref></text></reference></CPC-specific-text></title-part></class-title></classification-item>
<classification-item breakdown-code="false" not-allocatable="false" level="9" additional-only="false" sort-key="A61D19/022" definition-exists="true" ipc-concordant="A61D19/02" c-set-base-allowed="false" c-set-subsequent-allowed="true" date-revised="2013-01-01" status="published"><classification-symbol>A61D19/022</classification-symbol><class-title date-revised="2013-01-01"><title-part><CPC-specific-text><text>Containers for animal semen, e.g. pouches or vials </text><reference><text><class-ref scheme="cpc">A61D19/027</class-ref> takes precedence</text></reference><text>; Methods or apparatus for treating or handling animal semen containers, e.g. filling or closing</text></CPC-specific-text></title-part></class-title>
<classification-item breakdown-code="false" not-allocatable="false" level="10" additional-only="false" sort-key="A61D19/024" definition-exists="false" ipc-concordant="A61D19/02" c-set-base-allowed="false" c-set-subsequent-allowed="true" date-revised="2013-01-01" status="published"><classification-symbol>A61D19/024</classification-symbol><class-title date-revised="2013-01-01"><title-part><CPC-specific-text><text>Tube-like containers, e.g. straws</text></CPC-specific-text></title-part></class-title></classification-item>
<classification-item breakdown-code="false" not-allocatable="false" level="10" additional-only="false" sort-key="A61D19/025" definition-exists="false" ipc-concordant="A61D19/02" c-set-base-allowed="false" c-set-subsequent-allowed="true" date-revised="2013-01-01" status="published"><classification-symbol>A61D19/025</classification-symbol><class-title date-revised="2013-01-01"><title-part><CPC-specific-text><text>with means for controlling the temperature, e.g. heating or cooling</text></CPC-specific-text></title-part></class-title></classification-item></classification-item>
<classification-item breakdown-code="false" not-allocatable="false" level="9" additional-only="false" sort-key="A61D19/027" definition-exists="false" ipc-concordant="A61D19/02" c-set-base-allowed="false" c-set-subsequent-allowed="true" date-revised="2013-01-01" status="published"><classification-symbol>A61D19/027</classification-symbol><class-title date-revised="2013-01-01"><title-part><CPC-specific-text><text>Devices for injecting semen into animals, e.g. syringes, guns, probes</text></CPC-specific-text></title-part></class-title>
<classification-item breakdown-code="false" not-allocatable="false" level="10" additional-only="false" sort-key="A61D19/028" definition-exists="false" ipc-concordant="A61D19/02" c-set-base-allowed="false" c-set-subsequent-allowed="true" date-revised="2013-01-01" status="published"><classification-symbol>A61D19/028</classification-symbol><class-title date-revised="2013-01-01"><title-part><CPC-specific-text><text>Supporting means thereof, e.g. saddles or belts</text></CPC-specific-text></title-part></class-title></classification-item></classification-item></classification-item>
<classification-item breakdown-code="false" not-allocatable="false" level="8" additional-only="false" sort-key="A61D19/04" definition-exists="false" ipc-concordant="A61D19/04" c-set-base-allowed="false" c-set-subsequent-allowed="true" date-revised="2013-01-01" status="published"><classification-symbol>A61D19/04</classification-symbol><class-title date-revised="2013-01-01"><title-part><text>for embryo transplantation</text></title-part></class-title></classification-item></classification-item>
<classification-item breakdown-code="false" not-allocatable="false" level="7" additional-only="false" sort-key="A61D99/00" definition-exists="false" ipc-concordant="A61D99/00" c-set-base-allowed="false" c-set-subsequent-allowed="true" date-revised="2013-01-01" status="published"><classification-symbol>A61D99/00</classification-symbol><class-title date-revised="2013-01-01"><title-part><text>Subject matter not provided for in other groups of this subclass</text></title-part></class-title></classification-item></classification-item></classification-item></class-scheme>