<?xml version="1.0" encoding="UTF-8"?>
<class-scheme publication-date="2021-05-01" scheme-type="cpc" publication-type="official">
<classification-item breakdown-code="false" not-allocatable="true" level="5" additional-only="false" sort-key="B64F" definition-exists="true" date-revised="2018-08-01" status="published"><classification-symbol>B64F</classification-symbol><class-title date-revised="2017-01-01"><title-part><text>GROUND OR AIRCRAFT-CARRIER-DECK INSTALLATIONS SPECIALLY ADAPTED FOR USE IN CONNECTION WITH AIRCRAFT</text></title-part><title-part><text>DESIGNING, MANUFACTURING, ASSEMBLING, CLEANING, MAINTAINING OR REPAIRING AIRCRAFT, NOT OTHERWISE PROVIDED FOR</text></title-part><title-part><text>HANDLING, TRANSPORTING, TESTING OR INSPECTING AIRCRAFT COMPONENTS, NOT OTHERWISE PROVIDED FOR</text></title-part></class-title><notes-and-warnings date-revised="2013-01-01"><note type="note"><note-paragraph>In this subclass, the following terms or expressions are used with the meaning indicated: <subnote type="bullet"><note-paragraph>&quot;installations&quot; embraces equipment, including mobile equipment, peculiar to use in connection with aircraft and not fitted thereto;</note-paragraph><note-paragraph>&quot;ground installations&quot; embraces waterborne installations.</note-paragraph></subnote></note-paragraph></note><note type="warning"><note-paragraph>In this subclass non-limiting references (in the sense of paragraph 39 of the Guide to the IPC) may still be displayed in the scheme.</note-paragraph></note></notes-and-warnings>
<classification-item breakdown-code="false" not-allocatable="true" level="6" additional-only="false" sort-key="B64F1/00" date-revised="2013-01-01" status="published"><classification-symbol>B64F1/00</classification-symbol>
<classification-item breakdown-code="false" not-allocatable="false" level="7" additional-only="false" sort-key="B64F1/00" definition-exists="true" ipc-concordant="B64F1/00" c-set-base-allowed="false" c-set-subsequent-allowed="true" date-revised="2017-01-01" status="published"><classification-symbol>B64F1/00</classification-symbol><class-title date-revised="2017-01-01"><title-part><text>Ground or aircraft-carrier-deck installations </text><reference><text>specially adapted for captive aircraft <class-ref scheme="cpc">B64F3/00</class-ref></text></reference></title-part></class-title>
<classification-item breakdown-code="false" not-allocatable="false" level="8" additional-only="false" sort-key="B64F1/002" definition-exists="true" ipc-concordant="B64F1/00" c-set-base-allowed="false" c-set-subsequent-allowed="true" date-revised="2013-01-01" status="published"><classification-symbol>B64F1/002</classification-symbol><class-title date-revised="2013-01-01"><title-part><CPC-specific-text><text>Taxiing aids</text></CPC-specific-text></title-part></class-title></classification-item>
<classification-item breakdown-code="false" not-allocatable="false" level="8" additional-only="false" sort-key="B64F1/005" definition-exists="true" ipc-concordant="B64F1/00" c-set-base-allowed="false" c-set-subsequent-allowed="true" date-revised="2017-01-01" status="published"><classification-symbol>B64F1/005</classification-symbol><class-title date-revised="2017-01-01"><title-part><CPC-specific-text><text>Protective coverings for aircraft not in use</text></CPC-specific-text></title-part></class-title></classification-item>
<classification-item breakdown-code="false" not-allocatable="false" level="8" additional-only="false" sort-key="B64F1/007" definition-exists="true" ipc-concordant="B64F1/00" c-set-base-allowed="false" c-set-subsequent-allowed="true" date-revised="2017-01-01" status="published"><classification-symbol>B64F1/007</classification-symbol><class-title date-revised="2017-01-01"><title-part><CPC-specific-text><text>Helicopter portable landing pads</text></CPC-specific-text></title-part></class-title></classification-item>
<classification-item breakdown-code="false" not-allocatable="false" level="8" additional-only="false" sort-key="B64F1/02" definition-exists="true" ipc-concordant="B64F1/02" c-set-base-allowed="false" c-set-subsequent-allowed="true" date-revised="2020-01-01" status="published"><classification-symbol>B64F1/02</classification-symbol><class-title date-revised="2013-01-01"><title-part><text>Arresting gear</text></title-part><title-part><text>Liquid barriers</text></title-part></class-title><notes-and-warnings><note type="warning"><note-paragraph warning-type="reclass-source">Group <class-ref scheme="cpc">B64F1/02</class-ref> is impacted by reclassification into groups <class-ref scheme="cpc">B64F1/027</class-ref>, <class-ref scheme="cpc">B64F1/029</class-ref>, <class-ref scheme="cpc">B64F1/0295</class-ref>, <class-ref scheme="cpc">B64F1/0297</class-ref>, and <class-ref scheme="cpc">B64F1/0299</class-ref>. <br/>All groups listed in this Warning should be considered in order to perform a complete search.</note-paragraph></note></notes-and-warnings>
<classification-item breakdown-code="false" not-allocatable="false" level="9" additional-only="false" sort-key="B64F1/025" definition-exists="false" ipc-concordant="B64F1/02" c-set-base-allowed="false" c-set-subsequent-allowed="true" date-revised="2013-01-01" status="published"><classification-symbol>B64F1/025</classification-symbol><class-title date-revised="2013-01-01"><title-part><CPC-specific-text><text>using decelerating or arresting beds</text></CPC-specific-text></title-part></class-title></classification-item>
<classification-item breakdown-code="false" not-allocatable="false" level="9" additional-only="false" sort-key="B64F1/027" definition-exists="true" ipc-concordant="B64F1/02" c-set-base-allowed="false" c-set-subsequent-allowed="true" date-revised="2020-01-01" status="published"><classification-symbol>B64F1/027</classification-symbol><class-title date-revised="2020-01-01"><title-part><CPC-specific-text><text>using net or mesh</text></CPC-specific-text></title-part></class-title><notes-and-warnings><note type="warning"><note-paragraph warning-type="reclass-destination">Group <class-ref scheme="cpc">B64F1/027</class-ref> is incomplete pending reclassification of documents from group <class-ref scheme="cpc">B64F1/02</class-ref>. <br/>Groups <class-ref scheme="cpc">B64F1/02</class-ref> and <class-ref scheme="cpc">B64F1/027</class-ref> should be considered in order to perform a complete search.</note-paragraph></note></notes-and-warnings></classification-item>
<classification-item breakdown-code="false" not-allocatable="false" level="9" additional-only="false" sort-key="B64F1/029" definition-exists="true" ipc-concordant="B64F1/02" c-set-base-allowed="false" c-set-subsequent-allowed="true" date-revised="2020-01-01" status="published"><classification-symbol>B64F1/029</classification-symbol><class-title date-revised="2020-01-01"><title-part><CPC-specific-text><text>using a cable or tether</text></CPC-specific-text></title-part></class-title><notes-and-warnings><note type="warning"><note-paragraph warning-type="reclass-destination">Group <class-ref scheme="cpc">B64F1/029</class-ref> is incomplete pending reclassification of documents from group <class-ref scheme="cpc">B64F1/02</class-ref>.<br/>Groups <class-ref scheme="cpc">B64F1/02</class-ref> and <class-ref scheme="cpc">B64F1/029</class-ref> should be considered in order to perform a complete search.</note-paragraph></note></notes-and-warnings></classification-item>
<classification-item breakdown-code="false" not-allocatable="false" level="9" additional-only="false" sort-key="B64F1/0295" definition-exists="true" ipc-concordant="B64F1/02" c-set-base-allowed="false" c-set-subsequent-allowed="true" date-revised="2020-01-01" status="published"><classification-symbol>B64F1/0295</classification-symbol><class-title date-revised="2020-01-01"><title-part><CPC-specific-text><text>aerodynamically or aerostatically supported, e.g. parafoil or balloon</text></CPC-specific-text></title-part></class-title><notes-and-warnings><note type="warning"><note-paragraph warning-type="reclass-destination">Group <class-ref scheme="cpc">B64F1/0295</class-ref> is incomplete pending reclassification of documents from group <class-ref scheme="cpc">B64F1/02</class-ref>. <br/>Groups <class-ref scheme="cpc">B64F1/02</class-ref> and <class-ref scheme="cpc">B64F1/0295</class-ref> should be considered in order to perform a complete search.</note-paragraph></note></notes-and-warnings></classification-item>
<classification-item breakdown-code="false" not-allocatable="false" level="9" additional-only="false" sort-key="B64F1/0297" definition-exists="true" ipc-concordant="B64F1/02" c-set-base-allowed="false" c-set-subsequent-allowed="true" date-revised="2020-01-01" status="published"><classification-symbol>B64F1/0297</classification-symbol><class-title date-revised="2020-01-01"><title-part><CPC-specific-text><text>adjustable to align with aircraft trajectory</text></CPC-specific-text></title-part></class-title><notes-and-warnings><note type="warning"><note-paragraph warning-type="reclass-destination">Group <class-ref scheme="cpc">B64F1/0297</class-ref> is incomplete pending reclassification of documents from group <class-ref scheme="cpc">B64F1/02</class-ref>. <br/>Groups <class-ref scheme="cpc">B64F1/02</class-ref> and <class-ref scheme="cpc">B64F1/0297</class-ref> should be considered in order to perform a complete search.</note-paragraph></note></notes-and-warnings></classification-item>
<classification-item breakdown-code="false" not-allocatable="false" level="9" additional-only="false" sort-key="B64F1/0299" definition-exists="true" ipc-concordant="B64F1/02" c-set-base-allowed="false" c-set-subsequent-allowed="true" date-revised="2020-01-01" status="published"><classification-symbol>B64F1/0299</classification-symbol><class-title date-revised="2020-01-01"><title-part><CPC-specific-text><text>characterized by the use of multiple devices</text></CPC-specific-text></title-part></class-title><notes-and-warnings><note type="warning"><note-paragraph warning-type="reclass-destination">Group <class-ref scheme="cpc">B64F1/0299</class-ref> is incomplete pending reclassification of documents from group <class-ref scheme="cpc">B64F1/02</class-ref>. <br/>Groups <class-ref scheme="cpc">B64F1/02</class-ref> and <class-ref scheme="cpc">B64F1/0299</class-ref> should be considered in order to perform a complete search.</note-paragraph></note></notes-and-warnings></classification-item></classification-item>
<classification-item breakdown-code="false" not-allocatable="false" level="8" additional-only="false" sort-key="B64F1/04" definition-exists="true" ipc-concordant="B64F1/04" c-set-base-allowed="false" c-set-subsequent-allowed="true" date-revised="2017-01-01" status="published"><classification-symbol>B64F1/04</classification-symbol><class-title date-revised="2017-01-01"><title-part><text>Launching or towing gear</text></title-part></class-title>
<classification-item breakdown-code="false" not-allocatable="false" level="9" additional-only="false" sort-key="B64F1/06" definition-exists="false" ipc-concordant="B64F1/06" c-set-base-allowed="false" c-set-subsequent-allowed="true" date-revised="2013-01-01" status="published"><classification-symbol>B64F1/06</classification-symbol><class-title date-revised="2013-01-01"><title-part><text>using catapults</text></title-part></class-title></classification-item>
<classification-item breakdown-code="false" not-allocatable="false" level="9" additional-only="false" sort-key="B64F1/08" definition-exists="false" ipc-concordant="B64F1/08" c-set-base-allowed="false" c-set-subsequent-allowed="true" date-revised="2013-01-01" status="published"><classification-symbol>B64F1/08</classification-symbol><class-title date-revised="2013-01-01"><title-part><text>using winches</text></title-part></class-title></classification-item>
<classification-item breakdown-code="false" not-allocatable="false" level="9" additional-only="false" sort-key="B64F1/10" definition-exists="false" ipc-concordant="B64F1/10" c-set-base-allowed="false" c-set-subsequent-allowed="true" date-revised="2013-01-01" status="published"><classification-symbol>B64F1/10</classification-symbol><class-title date-revised="2013-01-01"><title-part><text>using self-propelled vehicles</text></title-part></class-title></classification-item></classification-item>
<classification-item breakdown-code="false" not-allocatable="false" level="8" additional-only="false" sort-key="B64F1/12" definition-exists="false" ipc-concordant="B64F1/12" c-set-base-allowed="false" c-set-subsequent-allowed="true" date-revised="2013-01-01" status="published"><classification-symbol>B64F1/12</classification-symbol><class-title date-revised="2013-01-01"><title-part><text>Anchoring</text></title-part></class-title>
<classification-item breakdown-code="false" not-allocatable="false" level="9" additional-only="false" sort-key="B64F1/125" definition-exists="false" ipc-concordant="B64F1/12" c-set-base-allowed="false" c-set-subsequent-allowed="true" date-revised="2013-01-01" status="published"><classification-symbol>B64F1/125</classification-symbol><class-title date-revised="2013-01-01"><title-part><CPC-specific-text><text>Mooring or ground handling devices for helicopters</text></CPC-specific-text></title-part></class-title></classification-item>
<classification-item breakdown-code="false" not-allocatable="false" level="9" additional-only="false" sort-key="B64F1/14" definition-exists="true" ipc-concordant="B64F1/14" c-set-base-allowed="false" c-set-subsequent-allowed="true" date-revised="2017-01-01" status="published"><classification-symbol>B64F1/14</classification-symbol><class-title date-revised="2017-01-01"><title-part><text>Towers or masts for mooring airships or balloons</text></title-part></class-title></classification-item>
<classification-item breakdown-code="false" not-allocatable="false" level="9" additional-only="false" sort-key="B64F1/16" definition-exists="false" ipc-concordant="B64F1/16" c-set-base-allowed="false" c-set-subsequent-allowed="true" date-revised="2013-01-01" status="published"><classification-symbol>B64F1/16</classification-symbol><class-title date-revised="2013-01-01"><title-part><text>Pickets or ground anchors</text></title-part><title-part><text>Wheel chocks</text></title-part></class-title></classification-item></classification-item>
<classification-item breakdown-code="false" not-allocatable="false" level="8" additional-only="false" sort-key="B64F1/18" definition-exists="true" ipc-concordant="B64F1/18" c-set-base-allowed="false" c-set-subsequent-allowed="true" date-revised="2017-01-01" status="published"><classification-symbol>B64F1/18</classification-symbol><class-title date-revised="2017-01-01"><title-part><text>Visual or acoustic landing aids </text><CPC-specific-text><reference><text>taxiing aids <class-ref scheme="cpc">B64F1/002</class-ref></text></reference></CPC-specific-text></title-part></class-title>
<classification-item breakdown-code="false" not-allocatable="false" level="9" additional-only="false" sort-key="B64F1/20" definition-exists="true" ipc-concordant="B64F1/20" c-set-base-allowed="false" c-set-subsequent-allowed="true" date-revised="2013-01-01" status="published"><classification-symbol>B64F1/20</classification-symbol><class-title date-revised="2013-01-01"><title-part><text>Arrangement of optical beacons</text></title-part></class-title>
<classification-item breakdown-code="false" not-allocatable="false" level="10" additional-only="false" sort-key="B64F1/205" definition-exists="false" ipc-concordant="B64F1/20" c-set-base-allowed="false" c-set-subsequent-allowed="true" date-revised="2013-01-01" status="published"><classification-symbol>B64F1/205</classification-symbol><class-title date-revised="2013-01-01"><title-part><CPC-specific-text><text>arranged underground, e.g. underground runway lighting units</text></CPC-specific-text></title-part></class-title></classification-item></classification-item></classification-item>
<classification-item breakdown-code="false" not-allocatable="false" level="8" additional-only="false" sort-key="B64F1/22" definition-exists="true" ipc-concordant="B64F1/22" c-set-base-allowed="false" c-set-subsequent-allowed="true" date-revised="2017-01-01" status="published"><classification-symbol>B64F1/22</classification-symbol><class-title date-revised="2017-01-01"><title-part><text>installed for handling aircraft </text><CPC-specific-text><reference><text>taxiing aids <class-ref scheme="cpc">B64F1/002</class-ref></text></reference></CPC-specific-text></title-part></class-title>
<classification-item breakdown-code="false" not-allocatable="false" level="9" additional-only="false" sort-key="B64F1/221" definition-exists="false" ipc-concordant="B64F1/22" c-set-base-allowed="false" c-set-subsequent-allowed="true" date-revised="2013-01-01" status="published"><classification-symbol>B64F1/221</classification-symbol><class-title date-revised="2013-01-01"><title-part><CPC-specific-text><text>specially adapted for handling seaplanes</text></CPC-specific-text></title-part></class-title></classification-item>
<classification-item breakdown-code="false" not-allocatable="false" level="9" additional-only="false" sort-key="B64F1/222" definition-exists="false" ipc-concordant="B64F1/22" c-set-base-allowed="false" c-set-subsequent-allowed="true" date-revised="2013-01-01" status="published"><classification-symbol>B64F1/222</classification-symbol><class-title date-revised="2013-01-01"><title-part><CPC-specific-text><text>for storing aircraft, e.g. in hangars</text></CPC-specific-text></title-part></class-title></classification-item>
<classification-item breakdown-code="false" not-allocatable="false" level="9" additional-only="false" sort-key="B64F1/224" definition-exists="false" ipc-concordant="B64F1/22" c-set-base-allowed="false" c-set-subsequent-allowed="true" date-revised="2013-01-01" status="published"><classification-symbol>B64F1/224</classification-symbol><class-title date-revised="2013-01-01"><title-part><CPC-specific-text><text>Towing bars</text></CPC-specific-text></title-part></class-title></classification-item>
<classification-item breakdown-code="false" not-allocatable="false" level="9" additional-only="false" sort-key="B64F1/225" definition-exists="false" ipc-concordant="B64F1/22" c-set-base-allowed="false" c-set-subsequent-allowed="true" date-revised="2013-01-01" status="published"><classification-symbol>B64F1/225</classification-symbol><class-title date-revised="2013-01-01"><title-part><CPC-specific-text><text>Towing trucks</text></CPC-specific-text></title-part></class-title>
<classification-item breakdown-code="false" not-allocatable="false" level="10" additional-only="false" sort-key="B64F1/227" definition-exists="false" ipc-concordant="B64F1/22" c-set-base-allowed="false" c-set-subsequent-allowed="true" date-revised="2013-01-01" status="published"><classification-symbol>B64F1/227</classification-symbol><class-title date-revised="2013-01-01"><title-part><CPC-specific-text><text>adapted for directly connecting to aircraft, e.g. trucks without tow-bars</text></CPC-specific-text></title-part></class-title></classification-item>
<classification-item breakdown-code="false" not-allocatable="false" level="10" additional-only="false" sort-key="B64F1/228" definition-exists="false" ipc-concordant="B64F1/22" c-set-base-allowed="false" c-set-subsequent-allowed="true" date-revised="2013-01-01" status="published"><classification-symbol>B64F1/228</classification-symbol><class-title date-revised="2013-01-01"><title-part><CPC-specific-text><text>remotely controlled, or autonomously operated</text></CPC-specific-text></title-part></class-title></classification-item></classification-item>
<classification-item breakdown-code="false" not-allocatable="false" level="9" additional-only="false" sort-key="B64F1/24" definition-exists="false" ipc-concordant="B64F1/24" c-set-base-allowed="false" c-set-subsequent-allowed="true" date-revised="2013-01-01" status="published"><classification-symbol>B64F1/24</classification-symbol><class-title date-revised="2013-01-01"><title-part><text>Adaptations of turntables</text></title-part></class-title></classification-item></classification-item>
<classification-item breakdown-code="false" not-allocatable="false" level="8" additional-only="false" sort-key="B64F1/26" definition-exists="false" ipc-concordant="B64F1/26" c-set-base-allowed="false" c-set-subsequent-allowed="true" date-revised="2013-01-01" status="published"><classification-symbol>B64F1/26</classification-symbol><class-title date-revised="2013-01-01"><title-part><text>for reducing engine or jet noise</text></title-part><title-part><text>Protecting airports from jet erosion</text></title-part></class-title></classification-item>
<classification-item breakdown-code="false" not-allocatable="false" level="8" additional-only="false" sort-key="B64F1/28" definition-exists="true" ipc-concordant="B64F1/28" c-set-base-allowed="false" c-set-subsequent-allowed="true" date-revised="2017-01-01" status="published"><classification-symbol>B64F1/28</classification-symbol><class-title date-revised="2017-01-01"><title-part><text>Liquid-handling installations specially adapted for fuelling stationary aircraft</text></title-part></class-title></classification-item>
<classification-item breakdown-code="false" not-allocatable="false" level="8" additional-only="false" sort-key="B64F1/30" definition-exists="true" ipc-concordant="B64F1/30" c-set-base-allowed="false" c-set-subsequent-allowed="true" date-revised="2013-01-01" status="published"><classification-symbol>B64F1/30</classification-symbol><class-title date-revised="2013-01-01"><title-part><text>for embarking or disembarking passengers</text></title-part></class-title>
<classification-item breakdown-code="false" not-allocatable="false" level="9" additional-only="false" sort-key="B64F1/305" definition-exists="true" ipc-concordant="B64F1/305" c-set-base-allowed="false" c-set-subsequent-allowed="true" date-revised="2013-01-01" status="published"><classification-symbol>B64F1/305</classification-symbol><class-title date-revised="2013-01-01"><title-part><text>Bridges extending between terminal building and aircraft, e.g. telescopic, vertically adjustable</text></title-part></class-title>
<classification-item breakdown-code="false" not-allocatable="false" level="10" additional-only="false" sort-key="B64F1/3055" definition-exists="false" ipc-concordant="B64F1/305" c-set-base-allowed="false" c-set-subsequent-allowed="true" date-revised="2013-01-01" status="published"><classification-symbol>B64F1/3055</classification-symbol><class-title date-revised="2013-01-01"><title-part><CPC-specific-text><text>with hinged head interface between aircraft and passenger bridge</text></CPC-specific-text></title-part></class-title></classification-item></classification-item>
<classification-item breakdown-code="false" not-allocatable="false" level="9" additional-only="false" sort-key="B64F1/31" definition-exists="true" ipc-concordant="B64F1/31" c-set-base-allowed="false" c-set-subsequent-allowed="true" date-revised="2013-01-01" status="published"><classification-symbol>B64F1/31</classification-symbol><class-title date-revised="2013-01-01"><title-part><text>Passenger vehicles specially adapted to co-operate, e.g. dock, with aircraft or terminal buildings</text></title-part></class-title></classification-item>
<classification-item breakdown-code="false" not-allocatable="false" level="9" additional-only="false" sort-key="B64F1/315" definition-exists="true" ipc-concordant="B64F1/315" c-set-base-allowed="false" c-set-subsequent-allowed="true" date-revised="2017-01-01" status="published"><classification-symbol>B64F1/315</classification-symbol><class-title date-revised="2017-01-01"><title-part><text>Mobile stairs</text></title-part></class-title></classification-item></classification-item>
<classification-item breakdown-code="false" not-allocatable="false" level="8" additional-only="false" sort-key="B64F1/32" definition-exists="true" ipc-concordant="B64F1/32" c-set-base-allowed="false" c-set-subsequent-allowed="true" date-revised="2020-01-01" status="published"><classification-symbol>B64F1/32</classification-symbol><class-title date-revised="2020-01-01"><title-part><text>for handling freight</text></title-part></class-title><notes-and-warnings><note type="warning"><note-paragraph warning-type="reclass-source">Group <class-ref scheme="cpc">B64F1/32</class-ref> is impacted by reclassification into groups <class-ref scheme="cpc">B64F1/322</class-ref>, <class-ref scheme="cpc">B64F1/324</class-ref>, and <class-ref scheme="cpc">B64F1/326</class-ref>. <br/>All groups listed in this Warning should be considered in order to perform a complete search.</note-paragraph></note></notes-and-warnings>
<classification-item breakdown-code="false" not-allocatable="false" level="9" additional-only="false" sort-key="B64F1/322" definition-exists="true" ipc-concordant="B64F1/32" c-set-base-allowed="false" c-set-subsequent-allowed="true" date-revised="2020-01-01" status="published"><classification-symbol>B64F1/322</classification-symbol><class-title date-revised="2020-01-01"><title-part><CPC-specific-text><text>Cargo loaders specially adapted for loading air freight containers or palletized cargo into or out of the aircraft</text></CPC-specific-text></title-part></class-title><notes-and-warnings><note type="warning"><note-paragraph warning-type="reclass-destination">Group <class-ref scheme="cpc">B64F1/322</class-ref> is incomplete pending reclassification of documents from group <class-ref scheme="cpc">B64F1/32</class-ref>.<br/>Groups <class-ref scheme="cpc">B64F1/32</class-ref> and <class-ref scheme="cpc">B64F1/322</class-ref> should be considered in order to perform a complete search.</note-paragraph></note></notes-and-warnings></classification-item>
<classification-item breakdown-code="false" not-allocatable="false" level="9" additional-only="false" sort-key="B64F1/324" definition-exists="true" ipc-concordant="B64F1/32" c-set-base-allowed="false" c-set-subsequent-allowed="true" date-revised="2020-01-01" status="published"><classification-symbol>B64F1/324</classification-symbol><class-title date-revised="2020-01-01"><title-part><CPC-specific-text><text>Luggage loaders specially adapted for loading individual luggage items into or out of the aircraft</text></CPC-specific-text></title-part></class-title><notes-and-warnings><note type="warning"><note-paragraph warning-type="reclass-destination">Group <class-ref scheme="cpc">B64F1/324</class-ref> is incomplete pending reclassification of documents from group <class-ref scheme="cpc">B64F1/32</class-ref>. <br/>Groups <class-ref scheme="cpc">B64F1/32</class-ref> and <class-ref scheme="cpc">B64F1/324</class-ref> should be considered in order to perform a complete search.</note-paragraph></note></notes-and-warnings></classification-item>
<classification-item breakdown-code="false" not-allocatable="false" level="9" additional-only="false" sort-key="B64F1/326" definition-exists="true" ipc-concordant="B64F1/32" c-set-base-allowed="false" c-set-subsequent-allowed="true" date-revised="2020-01-01" status="published"><classification-symbol>B64F1/326</classification-symbol><class-title date-revised="2020-01-01"><title-part><CPC-specific-text><text>Supply vehicles specially adapted for transporting catering to and loading into the aircraft</text></CPC-specific-text></title-part></class-title><notes-and-warnings><note type="warning"><note-paragraph warning-type="reclass-destination">Group <class-ref scheme="cpc">B64F1/326</class-ref> is incomplete pending reclassification of documents from group <class-ref scheme="cpc">B64F1/32</class-ref>. <br/>Groups <class-ref scheme="cpc">B64F1/32</class-ref> and <class-ref scheme="cpc">B64F1/326</class-ref> should be considered in order to perform a complete search.</note-paragraph></note></notes-and-warnings></classification-item></classification-item>
<classification-item breakdown-code="false" not-allocatable="false" level="8" additional-only="false" sort-key="B64F1/34" definition-exists="false" ipc-concordant="B64F1/34" c-set-base-allowed="false" c-set-subsequent-allowed="true" date-revised="2013-01-01" status="published"><classification-symbol>B64F1/34</classification-symbol><class-title date-revised="2013-01-01"><title-part><text>for starting propulsion plant</text></title-part></class-title></classification-item>
<classification-item breakdown-code="false" not-allocatable="false" level="8" additional-only="false" sort-key="B64F1/36" definition-exists="true" ipc-concordant="B64F1/36" c-set-base-allowed="false" c-set-subsequent-allowed="true" date-revised="2017-01-01" status="published"><classification-symbol>B64F1/36</classification-symbol><class-title date-revised="2017-01-01"><title-part><text>Other airport installations </text><reference><text>ground installations for de-icing aircraft <class-ref scheme="cpc">B64F5/20</class-ref></text></reference></title-part></class-title>
<classification-item breakdown-code="false" not-allocatable="false" level="9" additional-only="false" sort-key="B64F1/362" definition-exists="true" ipc-concordant="B64F1/36" c-set-base-allowed="false" c-set-subsequent-allowed="true" date-revised="2013-01-01" status="published"><classification-symbol>B64F1/362</classification-symbol><class-title date-revised="2013-01-01"><title-part><CPC-specific-text><text>Installations for supplying conditioned air to parked aircraft</text></CPC-specific-text></title-part></class-title>
<classification-item breakdown-code="false" not-allocatable="false" level="10" additional-only="false" sort-key="B64F1/364" definition-exists="true" ipc-concordant="B64F1/36" c-set-base-allowed="false" c-set-subsequent-allowed="true" date-revised="2013-01-01" status="published"><classification-symbol>B64F1/364</classification-symbol><class-title date-revised="2013-01-01"><title-part><CPC-specific-text><text>Mobile units</text></CPC-specific-text></title-part></class-title></classification-item></classification-item>
<classification-item breakdown-code="false" not-allocatable="false" level="9" additional-only="false" sort-key="B64F1/366" definition-exists="true" ipc-concordant="B64F1/36" c-set-base-allowed="false" c-set-subsequent-allowed="true" date-revised="2013-01-01" status="published"><classification-symbol>B64F1/366</classification-symbol><class-title date-revised="2013-01-01"><title-part><CPC-specific-text><text>Check-in counters</text></CPC-specific-text></title-part></class-title></classification-item>
<classification-item breakdown-code="false" not-allocatable="false" level="9" additional-only="false" sort-key="B64F1/368" definition-exists="false" ipc-concordant="B64F1/36" c-set-base-allowed="false" c-set-subsequent-allowed="true" date-revised="2017-01-01" status="published"><classification-symbol>B64F1/368</classification-symbol><class-title date-revised="2017-01-01"><title-part><CPC-specific-text><text>Arrangements or installations for routing, distributing or loading baggage</text></CPC-specific-text></title-part></class-title></classification-item></classification-item></classification-item>
<classification-item breakdown-code="false" not-allocatable="false" level="7" additional-only="false" sort-key="B64F3/00" definition-exists="true" ipc-concordant="B64F3/00" c-set-base-allowed="false" c-set-subsequent-allowed="true" date-revised="2017-01-01" status="published"><classification-symbol>B64F3/00</classification-symbol><class-title date-revised="2017-01-01"><title-part><text>Ground installations specially adapted for captive aircraft</text></title-part></class-title>
<classification-item breakdown-code="false" not-allocatable="false" level="8" additional-only="false" sort-key="B64F3/02" definition-exists="false" ipc-concordant="B64F3/02" c-set-base-allowed="false" c-set-subsequent-allowed="true" date-revised="2013-01-01" status="published"><classification-symbol>B64F3/02</classification-symbol><class-title date-revised="2013-01-01"><title-part><text>with means for supplying electricity to aircraft during flight</text></title-part></class-title></classification-item></classification-item>
<classification-item breakdown-code="false" not-allocatable="false" level="7" additional-only="false" sort-key="B64F5/00" definition-exists="true" ipc-concordant="B64F5/00" c-set-base-allowed="false" c-set-subsequent-allowed="true" date-revised="2017-01-01" status="published"><classification-symbol>B64F5/00</classification-symbol><class-title date-revised="2017-01-01"><title-part><text>Designing, manufacturing, assembling, cleaning, maintaining or repairing aircraft, not otherwise provided for</text></title-part><title-part><text>Handling, transporting, testing or inspecting aircraft components, not otherwise provided for</text></title-part></class-title>
<classification-item breakdown-code="false" not-allocatable="false" level="8" additional-only="false" sort-key="B64F5/10" definition-exists="true" ipc-concordant="B64F5/10" c-set-base-allowed="false" c-set-subsequent-allowed="true" date-revised="2017-01-01" status="published"><classification-symbol>B64F5/10</classification-symbol><class-title date-revised="2017-01-01"><title-part><text>Manufacturing or assembling aircraft, e.g. jigs therefor</text></title-part></class-title></classification-item>
<classification-item breakdown-code="false" not-allocatable="false" level="8" additional-only="false" sort-key="B64F5/20" definition-exists="true" ipc-concordant="B64F5/20" c-set-base-allowed="false" c-set-subsequent-allowed="true" date-revised="2017-01-01" status="published"><classification-symbol>B64F5/20</classification-symbol><class-title date-revised="2017-01-01"><title-part><text>Ground installations for de-icing aircraft</text></title-part></class-title>
<classification-item breakdown-code="false" not-allocatable="false" level="9" additional-only="false" sort-key="B64F5/23" definition-exists="false" ipc-concordant="B64F5/23" c-set-base-allowed="false" c-set-subsequent-allowed="true" date-revised="2017-01-01" status="published"><classification-symbol>B64F5/23</classification-symbol><class-title date-revised="2017-01-01"><title-part><text>by liquid application</text></title-part><title-part><text>Spraying installations therefor, e.g. fitted on vehicles</text></title-part></class-title></classification-item>
<classification-item breakdown-code="false" not-allocatable="false" level="9" additional-only="false" sort-key="B64F5/27" definition-exists="false" ipc-concordant="B64F5/27" c-set-base-allowed="false" c-set-subsequent-allowed="true" date-revised="2017-01-01" status="published"><classification-symbol>B64F5/27</classification-symbol><class-title date-revised="2017-01-01"><title-part><text>by irradiation, e.g. of infrared radiation</text></title-part></class-title></classification-item></classification-item>
<classification-item breakdown-code="false" not-allocatable="false" level="8" additional-only="false" sort-key="B64F5/30" definition-exists="false" ipc-concordant="B64F5/30" c-set-base-allowed="false" c-set-subsequent-allowed="true" date-revised="2017-01-01" status="published"><classification-symbol>B64F5/30</classification-symbol><class-title date-revised="2017-01-01"><title-part><text>Cleaning aircraft</text></title-part></class-title>
<classification-item breakdown-code="false" not-allocatable="false" level="9" additional-only="false" sort-key="B64F5/305" definition-exists="false" ipc-concordant="B64F5/30" c-set-base-allowed="false" c-set-subsequent-allowed="true" date-revised="2017-01-01" status="published"><classification-symbol>B64F5/305</classification-symbol><class-title date-revised="2017-01-01"><title-part><CPC-specific-text><text>Polishing window units</text></CPC-specific-text></title-part></class-title></classification-item></classification-item>
<classification-item breakdown-code="false" not-allocatable="false" level="8" additional-only="false" sort-key="B64F5/40" definition-exists="false" ipc-concordant="B64F5/40" c-set-base-allowed="false" c-set-subsequent-allowed="true" date-revised="2017-01-01" status="published"><classification-symbol>B64F5/40</classification-symbol><class-title date-revised="2017-01-01"><title-part><text>Maintaining or repairing aircraft</text></title-part></class-title>
<classification-item breakdown-code="false" not-allocatable="false" level="9" additional-only="false" sort-key="B64F5/45" definition-exists="false" ipc-concordant="B64F5/45" c-set-base-allowed="false" c-set-subsequent-allowed="true" date-revised="2017-01-01" status="published"><classification-symbol>B64F5/45</classification-symbol><class-title date-revised="2017-01-01"><title-part><text>Repairing leakages in fuel tanks</text></title-part></class-title></classification-item></classification-item>
<classification-item breakdown-code="false" not-allocatable="false" level="8" additional-only="false" sort-key="B64F5/50" definition-exists="false" ipc-concordant="B64F5/50" c-set-base-allowed="false" c-set-subsequent-allowed="true" date-revised="2017-01-01" status="published"><classification-symbol>B64F5/50</classification-symbol><class-title date-revised="2017-01-01"><title-part><text>Handling or transporting aircraft components</text></title-part></class-title></classification-item>
<classification-item breakdown-code="false" not-allocatable="false" level="8" additional-only="false" sort-key="B64F5/60" definition-exists="true" ipc-concordant="B64F5/60" c-set-base-allowed="false" c-set-subsequent-allowed="true" date-revised="2017-01-01" status="published"><classification-symbol>B64F5/60</classification-symbol><class-title date-revised="2017-01-01"><title-part><text>Testing or inspecting aircraft components or systems</text></title-part></class-title></classification-item></classification-item></classification-item></classification-item></class-scheme>