<?xml version="1.0" encoding="UTF-8"?>
<class-scheme publication-date="2021-05-01" scheme-type="cpc" publication-type="official">
<classification-item breakdown-code="false" not-allocatable="true" level="5" additional-only="false" sort-key="B66D" definition-exists="true" date-revised="2018-08-01" status="published"><classification-symbol>B66D</classification-symbol><class-title date-revised="2013-01-01"><title-part><text>CAPSTANS</text></title-part><title-part><text>WINCHES</text></title-part><title-part><text>TACKLES, e.g. PULLEY BLOCKS</text></title-part><title-part><text>HOISTS </text><reference><text>winding or unwinding ropes or cables for feeding or storage purposes <class-ref scheme="cpc">B65H</class-ref>; rope or cable winding or unwinding mechanisms for lifts <class-ref scheme="cpc">B66B</class-ref></text></reference></title-part></class-title><notes-and-warnings date-revised="2013-01-01"><note type="note"><note-paragraph>This subclass <u>covers</u>:<subnote type="bullet"><note-paragraph>rope, cable or chain winding or unwinding mechanisms for moving all loads except lift cages, e.g. winches for dredges;</note-paragraph><note-paragraph>braking or detent devices characterised by their application for retarding or preventing rotary movement of a winding drum or barrel</note-paragraph></subnote></note-paragraph></note><note type="warning"><note-paragraph warning-type="ipc-not-used"><br/>The following IPC groups are not in the CPC scheme. The subject matter for these IPC groups is classified in the following CPC groups: <table><row><entry/></row><row><entry><class-ref scheme="ipc">B66D1/395</class-ref></entry><entry> covered by </entry><entry><class-ref scheme="cpc">B66D1/36</class-ref>, <class-ref scheme="cpc">B66D1/50</class-ref></entry></row></table></note-paragraph><note-paragraph>In this subclass non-limiting references (in the sense of paragraph 39 of the Guide to the IPC) may still be displayed in the scheme.</note-paragraph></note></notes-and-warnings>
<classification-item breakdown-code="false" not-allocatable="true" level="6" additional-only="false" sort-key="B66D1/00" date-revised="2013-01-01" status="published"><classification-symbol>B66D1/00</classification-symbol>
<classification-item breakdown-code="false" not-allocatable="false" level="7" additional-only="false" sort-key="B66D1/00" definition-exists="true" ipc-concordant="B66D1/00" c-set-base-allowed="false" c-set-subsequent-allowed="true" date-revised="2013-01-01" status="published"><classification-symbol>B66D1/00</classification-symbol><class-title date-revised="2013-01-01"><title-part><text>Rope, cable, or chain winding mechanisms</text></title-part><title-part><text>Capstans </text><reference><text>portable or mobile lifting or hauling appliances <class-ref scheme="cpc">B66D3/00</class-ref></text></reference></title-part></class-title>
<classification-item breakdown-code="false" not-allocatable="false" level="8" additional-only="false" sort-key="B66D1/005" definition-exists="true" ipc-concordant="B66D1/00" c-set-base-allowed="false" c-set-subsequent-allowed="true" date-revised="2013-01-01" status="published"><classification-symbol>B66D1/005</classification-symbol><class-title date-revised="2013-01-01"><title-part><CPC-specific-text><text>Attaching winches to vehicle wheels</text></CPC-specific-text></title-part></class-title></classification-item>
<classification-item breakdown-code="false" not-allocatable="false" level="8" additional-only="false" sort-key="B66D1/02" definition-exists="true" ipc-concordant="B66D1/02" c-set-base-allowed="false" c-set-subsequent-allowed="true" date-revised="2013-01-01" status="published"><classification-symbol>B66D1/02</classification-symbol><class-title date-revised="2013-01-01"><title-part><text>Driving gear</text></title-part></class-title>
<classification-item breakdown-code="false" not-allocatable="false" level="9" additional-only="false" sort-key="B66D1/04" definition-exists="true" ipc-concordant="B66D1/04" c-set-base-allowed="false" c-set-subsequent-allowed="true" date-revised="2013-01-01" status="published"><classification-symbol>B66D1/04</classification-symbol><class-title date-revised="2013-01-01"><title-part><text>manually operated</text></title-part></class-title>
<classification-item breakdown-code="false" not-allocatable="false" level="10" additional-only="false" sort-key="B66D1/06" definition-exists="true" ipc-concordant="B66D1/06" c-set-base-allowed="false" c-set-subsequent-allowed="true" date-revised="2013-01-01" status="published"><classification-symbol>B66D1/06</classification-symbol><class-title date-revised="2013-01-01"><title-part><text>Safety cranks for preventing unwanted crank rotation and subsequent lowering of the loads</text></title-part></class-title></classification-item></classification-item>
<classification-item breakdown-code="false" not-allocatable="false" level="9" additional-only="false" sort-key="B66D1/08" definition-exists="true" ipc-concordant="B66D1/08" c-set-base-allowed="false" c-set-subsequent-allowed="true" date-revised="2013-01-01" status="published"><classification-symbol>B66D1/08</classification-symbol><class-title date-revised="2013-01-01"><title-part><text>incorporating fluid motors</text></title-part></class-title>
<classification-item breakdown-code="false" not-allocatable="false" level="10" additional-only="false" sort-key="B66D1/10" definition-exists="false" ipc-concordant="B66D1/10" c-set-base-allowed="false" c-set-subsequent-allowed="true" date-revised="2013-01-01" status="published"><classification-symbol>B66D1/10</classification-symbol><class-title date-revised="2013-01-01"><title-part><text>Steam driving gear</text></title-part></class-title></classification-item></classification-item>
<classification-item breakdown-code="false" not-allocatable="false" level="9" additional-only="false" sort-key="B66D1/12" definition-exists="true" ipc-concordant="B66D1/12" c-set-base-allowed="false" c-set-subsequent-allowed="true" date-revised="2013-01-01" status="published"><classification-symbol>B66D1/12</classification-symbol><class-title date-revised="2013-01-01"><title-part><text>incorporating electric motors</text></title-part></class-title></classification-item>
<classification-item breakdown-code="false" not-allocatable="false" level="9" additional-only="false" sort-key="B66D1/14" definition-exists="true" ipc-concordant="B66D1/14" c-set-base-allowed="false" c-set-subsequent-allowed="true" date-revised="2016-05-01" status="published"><classification-symbol>B66D1/14</classification-symbol><class-title date-revised="2016-05-01"><title-part><text>Power transmissions between power sources and drums or barrels </text><CPC-specific-text><reference><text>including brakes, one-way brakes, one-way clutches, clutches activated alternately with brakes, fixed ratio gearing unless otherwise provided for in <class-ref scheme="cpc">B66D1/16</class-ref>&#160;-&#160;<class-ref scheme="cpc">B66D1/24</class-ref></text></reference></CPC-specific-text></title-part></class-title>
<classification-item breakdown-code="false" not-allocatable="false" level="10" additional-only="false" sort-key="B66D1/16" definition-exists="true" ipc-concordant="B66D1/16" c-set-base-allowed="false" c-set-subsequent-allowed="true" date-revised="2016-08-01" status="published"><classification-symbol>B66D1/16</classification-symbol><class-title date-revised="2016-08-01"><title-part><text>the drums or barrels being freely rotatable </text><CPC-specific-text><text>, e.g. having a clutch activated independently of a brake </text><reference><text><class-ref scheme="cpc">B66D1/20</class-ref>, <class-ref scheme="cpc">B66D1/22</class-ref>, <class-ref scheme="cpc">B66D1/24</class-ref> take precedence; clutches activated alternately with brakes <class-ref scheme="cpc">B66D1/14</class-ref>, slip couplings <class-ref scheme="cpc">B66D1/14</class-ref></text></reference></CPC-specific-text></title-part></class-title>
<classification-item breakdown-code="false" not-allocatable="false" level="11" additional-only="false" sort-key="B66D1/18" definition-exists="true" ipc-concordant="B66D1/18" c-set-base-allowed="false" c-set-subsequent-allowed="true" date-revised="2016-08-01" status="published"><classification-symbol>B66D1/18</classification-symbol><class-title date-revised="2016-08-01"><title-part><text>and the power being transmitted from a continuously operating and irreversible prime mover </text><CPC-specific-text><text>, i.e. an internal combustion engine, e.g. on a motor vehicle or a portable winch</text></CPC-specific-text></title-part></class-title></classification-item></classification-item>
<classification-item breakdown-code="false" not-allocatable="false" level="10" additional-only="false" sort-key="B66D1/20" definition-exists="false" ipc-concordant="B66D1/20" c-set-base-allowed="false" c-set-subsequent-allowed="true" date-revised="2013-01-01" status="published"><classification-symbol>B66D1/20</classification-symbol><class-title date-revised="2013-01-01"><title-part><text>Chain, belt, or friction drives, e.g. incorporating sheaves </text><CPC-specific-text><text>of fixed or variable ratio</text></CPC-specific-text></title-part></class-title></classification-item>
<classification-item breakdown-code="false" not-allocatable="false" level="10" additional-only="false" sort-key="B66D1/22" definition-exists="true" ipc-concordant="B66D1/22" c-set-base-allowed="false" c-set-subsequent-allowed="true" date-revised="2016-08-01" status="published"><classification-symbol>B66D1/22</classification-symbol><class-title date-revised="2016-08-01"><title-part><text>Planetary or differential gearings </text><reference><text>for actuating grab buckets <class-ref scheme="cpc">B66D1/70</class-ref> </text></reference><CPC-specific-text><text>, i.e. with planet gears having movable axes of rotation</text></CPC-specific-text></title-part></class-title>
<classification-item breakdown-code="false" not-allocatable="false" level="11" additional-only="false" sort-key="B66D1/225" definition-exists="true" ipc-concordant="B66D1/22" c-set-base-allowed="false" c-set-subsequent-allowed="true" date-revised="2013-01-01" status="published"><classification-symbol>B66D1/225</classification-symbol><class-title date-revised="2013-01-01"><title-part><CPC-specific-text><text>variable ratio or reversing gearing </text><reference><text>fixed ratio gearing <class-ref scheme="cpc">B66D1/22</class-ref></text></reference></CPC-specific-text></title-part></class-title></classification-item></classification-item>
<classification-item breakdown-code="false" not-allocatable="false" level="10" additional-only="false" sort-key="B66D1/24" definition-exists="true" ipc-concordant="B66D1/24" c-set-base-allowed="false" c-set-subsequent-allowed="true" date-revised="2016-08-01" status="published"><classification-symbol>B66D1/24</classification-symbol><class-title date-revised="2016-08-01"><title-part><text>for varying speed or reversing direction of rotation of drums or barrels </text><CPC-specific-text><text>, i.e. variable ratio or reversing gearing </text><reference><text><class-ref scheme="cpc">B66D1/225</class-ref> takes precedence</text></reference></CPC-specific-text></title-part></class-title></classification-item></classification-item></classification-item>
<classification-item breakdown-code="false" not-allocatable="false" level="8" additional-only="false" sort-key="B66D1/26" definition-exists="true" ipc-concordant="B66D1/26" c-set-base-allowed="false" c-set-subsequent-allowed="true" date-revised="2013-01-01" status="published"><classification-symbol>B66D1/26</classification-symbol><class-title date-revised="2013-01-01"><title-part><text>having several drums or barrels</text></title-part></class-title></classification-item>
<classification-item breakdown-code="false" not-allocatable="false" level="8" additional-only="false" sort-key="B66D1/28" definition-exists="true" ipc-concordant="B66D1/28" c-set-base-allowed="false" c-set-subsequent-allowed="true" date-revised="2013-01-01" status="published"><classification-symbol>B66D1/28</classification-symbol><class-title date-revised="2013-01-01"><title-part><text>Other constructional details</text></title-part></class-title>
<classification-item breakdown-code="false" not-allocatable="false" level="9" additional-only="false" sort-key="B66D1/30" definition-exists="true" ipc-concordant="B66D1/30" c-set-base-allowed="false" c-set-subsequent-allowed="true" date-revised="2013-01-01" status="published"><classification-symbol>B66D1/30</classification-symbol><class-title date-revised="2013-01-01"><title-part><text>Rope, cable, or chain drums or barrels</text></title-part></class-title>
<classification-item breakdown-code="false" not-allocatable="false" level="10" additional-only="false" sort-key="B66D1/34" definition-exists="true" ipc-concordant="B66D1/34" c-set-base-allowed="false" c-set-subsequent-allowed="true" date-revised="2013-01-01" status="published"><classification-symbol>B66D1/34</classification-symbol><class-title date-revised="2013-01-01"><title-part><text>Attachment of ropes or cables to drums or barrels</text></title-part></class-title></classification-item></classification-item>
<classification-item breakdown-code="false" not-allocatable="false" level="9" additional-only="false" sort-key="B66D1/36" definition-exists="true" ipc-concordant="B66D1/36" c-set-base-allowed="false" c-set-subsequent-allowed="true" date-revised="2013-01-01" status="published"><classification-symbol>B66D1/36</classification-symbol><class-title date-revised="2013-01-01"><title-part><text>Guiding, or otherwise ensuring winding in an orderly manner, of ropes, cables, or chains</text></title-part></class-title>
<classification-item breakdown-code="false" not-allocatable="false" level="10" additional-only="false" sort-key="B66D1/365" definition-exists="true" ipc-concordant="B66D1/36" c-set-base-allowed="false" c-set-subsequent-allowed="true" date-revised="2013-01-01" status="published"><classification-symbol>B66D1/365</classification-symbol><class-title date-revised="2013-01-01"><title-part><CPC-specific-text><text>by means of pivotably mounted drums or barrels</text></CPC-specific-text></title-part></class-title></classification-item>
<classification-item breakdown-code="false" not-allocatable="false" level="10" additional-only="false" sort-key="B66D1/38" definition-exists="true" ipc-concordant="B66D1/38" c-set-base-allowed="false" c-set-subsequent-allowed="true" date-revised="2013-01-01" status="published"><classification-symbol>B66D1/38</classification-symbol><class-title date-revised="2013-01-01"><title-part><text>by means of guides movable relative to drum or barrel</text></title-part></class-title></classification-item>
<classification-item breakdown-code="false" not-allocatable="false" level="10" additional-only="false" sort-key="B66D1/39" definition-exists="true" ipc-concordant="B66D1/39" c-set-base-allowed="false" c-set-subsequent-allowed="true" date-revised="2013-01-01" status="published"><classification-symbol>B66D1/39</classification-symbol><class-title date-revised="2013-01-01"><title-part><text>by means of axially-movable drums or barrels </text><CPC-specific-text><reference><text>pivotably mounted drums or barrel <class-ref scheme="cpc">B66D1/365</class-ref></text></reference></CPC-specific-text></title-part></class-title></classification-item></classification-item>
<classification-item breakdown-code="false" not-allocatable="false" level="9" additional-only="false" sort-key="B66D1/40" definition-exists="false" ipc-concordant="B66D1/40" c-set-base-allowed="false" c-set-subsequent-allowed="true" date-revised="2013-01-01" status="published"><classification-symbol>B66D1/40</classification-symbol><class-title date-revised="2013-01-01"><title-part><text>Control devices</text></title-part></class-title>
<classification-item breakdown-code="false" not-allocatable="false" level="10" additional-only="false" sort-key="B66D1/42" definition-exists="true" ipc-concordant="B66D1/42" c-set-base-allowed="false" c-set-subsequent-allowed="true" date-revised="2013-01-01" status="published"><classification-symbol>B66D1/42</classification-symbol><class-title date-revised="2013-01-01"><title-part><text>non-automatic</text></title-part></class-title>
<classification-item breakdown-code="false" not-allocatable="false" level="11" additional-only="false" sort-key="B66D1/44" definition-exists="true" ipc-concordant="B66D1/44" c-set-base-allowed="false" c-set-subsequent-allowed="true" date-revised="2013-01-01" status="published"><classification-symbol>B66D1/44</classification-symbol><class-title date-revised="2013-01-01"><title-part><text>pneumatic of hydraulic</text></title-part></class-title></classification-item>
<classification-item breakdown-code="false" not-allocatable="false" level="11" additional-only="false" sort-key="B66D1/46" definition-exists="true" ipc-concordant="B66D1/46" c-set-base-allowed="false" c-set-subsequent-allowed="true" date-revised="2013-01-01" status="published"><classification-symbol>B66D1/46</classification-symbol><class-title date-revised="2013-01-01"><title-part><text>electric</text></title-part></class-title></classification-item></classification-item>
<classification-item breakdown-code="false" not-allocatable="false" level="10" additional-only="false" sort-key="B66D1/48" definition-exists="true" ipc-concordant="B66D1/48" c-set-base-allowed="false" c-set-subsequent-allowed="true" date-revised="2013-01-01" status="published"><classification-symbol>B66D1/48</classification-symbol><class-title date-revised="2013-01-01"><title-part><text>automatic</text></title-part></class-title>
<classification-item breakdown-code="false" not-allocatable="false" level="11" additional-only="false" sort-key="B66D1/485" definition-exists="true" ipc-concordant="B66D1/48" c-set-base-allowed="false" c-set-subsequent-allowed="true" date-revised="2013-01-01" status="published"><classification-symbol>B66D1/485</classification-symbol><class-title date-revised="2013-01-01"><title-part><CPC-specific-text><text>electrical</text></CPC-specific-text></title-part></class-title></classification-item>
<classification-item breakdown-code="false" not-allocatable="false" level="11" additional-only="false" sort-key="B66D1/50" definition-exists="true" ipc-concordant="B66D1/50" c-set-base-allowed="false" c-set-subsequent-allowed="true" date-revised="2013-01-01" status="published"><classification-symbol>B66D1/50</classification-symbol><class-title date-revised="2013-01-01"><title-part><text>for maintaining predetermined rope, cable, or chain tension, e.g. in ropes or cables for towing craft, in chains for anchors</text></title-part><title-part><text>Warping or mooring winch-cable tension control</text></title-part></class-title>
<classification-item breakdown-code="false" not-allocatable="false" level="12" additional-only="false" sort-key="B66D1/505" definition-exists="true" ipc-concordant="B66D1/50" c-set-base-allowed="false" c-set-subsequent-allowed="true" date-revised="2013-01-01" status="published"><classification-symbol>B66D1/505</classification-symbol><class-title date-revised="2013-01-01"><title-part><CPC-specific-text><text>electrical</text></CPC-specific-text></title-part></class-title></classification-item></classification-item>
<classification-item breakdown-code="false" not-allocatable="false" level="11" additional-only="false" sort-key="B66D1/52" definition-exists="true" ipc-concordant="B66D1/52" c-set-base-allowed="false" c-set-subsequent-allowed="true" date-revised="2013-01-01" status="published"><classification-symbol>B66D1/52</classification-symbol><class-title date-revised="2013-01-01"><title-part><text>for varying rope or cable tension, e.g. when recovering craft from water</text></title-part></class-title>
<classification-item breakdown-code="false" not-allocatable="false" level="12" additional-only="false" sort-key="B66D1/525" definition-exists="true" ipc-concordant="B66D1/52" c-set-base-allowed="false" c-set-subsequent-allowed="true" date-revised="2013-01-01" status="published"><classification-symbol>B66D1/525</classification-symbol><class-title date-revised="2013-01-01"><title-part><CPC-specific-text><text>electrical</text></CPC-specific-text></title-part></class-title></classification-item></classification-item></classification-item></classification-item></classification-item>
<classification-item breakdown-code="false" not-allocatable="false" level="8" additional-only="false" sort-key="B66D1/54" definition-exists="true" ipc-concordant="B66D1/54" c-set-base-allowed="false" c-set-subsequent-allowed="true" date-revised="2013-01-01" status="published"><classification-symbol>B66D1/54</classification-symbol><class-title date-revised="2013-01-01"><title-part><text>Safety gear</text></title-part></class-title>
<classification-item breakdown-code="false" not-allocatable="false" level="9" additional-only="false" sort-key="B66D1/56" definition-exists="true" ipc-concordant="B66D1/56" c-set-base-allowed="false" c-set-subsequent-allowed="true" date-revised="2013-01-01" status="published"><classification-symbol>B66D1/56</classification-symbol><class-title date-revised="2013-01-01"><title-part><text>Adaptations of limit switches</text></title-part></class-title></classification-item>
<classification-item breakdown-code="false" not-allocatable="false" level="9" additional-only="false" sort-key="B66D1/58" definition-exists="false" ipc-concordant="B66D1/58" c-set-base-allowed="false" c-set-subsequent-allowed="true" date-revised="2013-01-01" status="published"><classification-symbol>B66D1/58</classification-symbol><class-title date-revised="2013-01-01"><title-part><text>responsive to excess of load</text></title-part></class-title></classification-item></classification-item>
<classification-item breakdown-code="false" not-allocatable="false" level="8" additional-only="false" sort-key="B66D1/60" definition-exists="true" ipc-concordant="B66D1/60" c-set-base-allowed="false" c-set-subsequent-allowed="true" date-revised="2013-01-01" status="published"><classification-symbol>B66D1/60</classification-symbol><class-title date-revised="2013-01-01"><title-part><text>adapted for special purposes</text></title-part></class-title>
<classification-item breakdown-code="false" not-allocatable="false" level="9" additional-only="false" sort-key="B66D1/605" definition-exists="true" ipc-concordant="B66D1/60" c-set-base-allowed="false" c-set-subsequent-allowed="true" date-revised="2013-01-01" status="published"><classification-symbol>B66D1/605</classification-symbol><class-title date-revised="2013-01-01"><title-part><CPC-specific-text><text>scaffolding winshes </text><reference><text><class-ref scheme="cpc">B66D1/74</class-ref> takes precedence</text></reference></CPC-specific-text></title-part></class-title></classification-item>
<classification-item breakdown-code="false" not-allocatable="false" level="9" additional-only="false" sort-key="B66D1/62" definition-exists="true" ipc-concordant="B66D1/62" c-set-base-allowed="false" c-set-subsequent-allowed="true" date-revised="2013-01-01" status="published"><classification-symbol>B66D1/62</classification-symbol><class-title date-revised="2013-01-01"><title-part><text>for actuating grab buckets </text><reference><text>electrical control in cranes <class-ref scheme="cpc">B66C13/32</class-ref></text></reference></title-part></class-title>
<classification-item breakdown-code="false" not-allocatable="false" level="10" additional-only="false" sort-key="B66D1/64" definition-exists="true" ipc-concordant="B66D1/64" c-set-base-allowed="false" c-set-subsequent-allowed="true" date-revised="2013-01-01" status="published"><classification-symbol>B66D1/64</classification-symbol><class-title date-revised="2013-01-01"><title-part><text>by means of a single rope or chain</text></title-part></class-title></classification-item>
<classification-item breakdown-code="false" not-allocatable="false" level="10" additional-only="false" sort-key="B66D1/66" definition-exists="true" ipc-concordant="B66D1/66" c-set-base-allowed="false" c-set-subsequent-allowed="true" date-revised="2013-01-01" status="published"><classification-symbol>B66D1/66</classification-symbol><class-title date-revised="2013-01-01"><title-part><text>driven by a single motor</text></title-part></class-title></classification-item>
<classification-item breakdown-code="false" not-allocatable="false" level="10" additional-only="false" sort-key="B66D1/68" definition-exists="true" ipc-concordant="B66D1/68" c-set-base-allowed="false" c-set-subsequent-allowed="true" date-revised="2013-01-01" status="published"><classification-symbol>B66D1/68</classification-symbol><class-title date-revised="2013-01-01"><title-part><text>driven by two motors</text></title-part></class-title></classification-item>
<classification-item breakdown-code="false" not-allocatable="false" level="10" additional-only="false" sort-key="B66D1/70" definition-exists="true" ipc-concordant="B66D1/70" c-set-base-allowed="false" c-set-subsequent-allowed="true" date-revised="2013-01-01" status="published"><classification-symbol>B66D1/70</classification-symbol><class-title date-revised="2013-01-01"><title-part><text>driven through planetary or differential gearings</text></title-part></class-title></classification-item></classification-item>
<classification-item breakdown-code="false" not-allocatable="false" level="9" additional-only="false" sort-key="B66D1/72" definition-exists="true" ipc-concordant="B66D1/72" c-set-base-allowed="false" c-set-subsequent-allowed="true" date-revised="2013-01-01" status="published"><classification-symbol>B66D1/72</classification-symbol><class-title date-revised="2013-01-01"><title-part><text>Anchor-chain sprockets</text></title-part><title-part><text>Anchor capstans</text></title-part></class-title></classification-item>
<classification-item breakdown-code="false" not-allocatable="false" level="9" additional-only="false" sort-key="B66D1/74" definition-exists="true" ipc-concordant="B66D1/74" c-set-base-allowed="false" c-set-subsequent-allowed="true" date-revised="2013-01-01" status="published"><classification-symbol>B66D1/74</classification-symbol><class-title date-revised="2013-01-01"><title-part><text>Capstans</text></title-part></class-title>
<classification-item breakdown-code="false" not-allocatable="false" level="10" additional-only="false" sort-key="B66D1/7405" definition-exists="true" ipc-concordant="B66D1/74" c-set-base-allowed="false" c-set-subsequent-allowed="true" date-revised="2013-01-01" status="published"><classification-symbol>B66D1/7405</classification-symbol><class-title date-revised="2013-01-01"><title-part><CPC-specific-text><text>having two or more drums providing tractive force</text></CPC-specific-text></title-part></class-title>
<classification-item breakdown-code="false" not-allocatable="false" level="11" additional-only="false" sort-key="B66D1/741" definition-exists="true" ipc-concordant="B66D1/74" c-set-base-allowed="false" c-set-subsequent-allowed="true" date-revised="2013-01-01" status="published"><classification-symbol>B66D1/741</classification-symbol><class-title date-revised="2013-01-01"><title-part><CPC-specific-text><text>and having rope storing means</text></CPC-specific-text></title-part></class-title></classification-item></classification-item>
<classification-item breakdown-code="false" not-allocatable="false" level="10" additional-only="false" sort-key="B66D1/7415" definition-exists="true" ipc-concordant="B66D1/74" c-set-base-allowed="false" c-set-subsequent-allowed="true" date-revised="2013-01-01" status="published"><classification-symbol>B66D1/7415</classification-symbol><class-title date-revised="2013-01-01"><title-part><CPC-specific-text><text>Friction drives, e.g. pulleys, having a cable winding angle of less than 360 degrees</text></CPC-specific-text></title-part></class-title></classification-item>
<classification-item breakdown-code="false" not-allocatable="false" level="10" additional-only="false" sort-key="B66D1/7421" definition-exists="false" ipc-concordant="B66D1/74" c-set-base-allowed="false" c-set-subsequent-allowed="true" date-revised="2013-01-01" status="published"><classification-symbol>B66D1/7421</classification-symbol><class-title date-revised="2013-01-01"><title-part><CPC-specific-text><text>having a vertical rotation axis</text></CPC-specific-text></title-part></class-title>
<classification-item breakdown-code="false" not-allocatable="false" level="11" additional-only="false" sort-key="B66D1/7426" definition-exists="false" ipc-concordant="B66D1/74" c-set-base-allowed="false" c-set-subsequent-allowed="true" date-revised="2013-01-01" status="published"><classification-symbol>B66D1/7426</classification-symbol><class-title date-revised="2013-01-01"><title-part><CPC-specific-text><text>driven by motor only</text></CPC-specific-text></title-part></class-title></classification-item>
<classification-item breakdown-code="false" not-allocatable="false" level="11" additional-only="false" sort-key="B66D1/7431" definition-exists="false" ipc-concordant="B66D1/74" c-set-base-allowed="false" c-set-subsequent-allowed="true" date-revised="2013-01-01" status="published"><classification-symbol>B66D1/7431</classification-symbol><class-title date-revised="2013-01-01"><title-part><CPC-specific-text><text>driven manually only</text></CPC-specific-text></title-part></class-title></classification-item>
<classification-item breakdown-code="false" not-allocatable="false" level="11" additional-only="false" sort-key="B66D1/7436" definition-exists="false" ipc-concordant="B66D1/74" c-set-base-allowed="false" c-set-subsequent-allowed="true" date-revised="2013-01-01" status="published"><classification-symbol>B66D1/7436</classification-symbol><class-title date-revised="2013-01-01"><title-part><CPC-specific-text><text>drivable by both motor and manually</text></CPC-specific-text></title-part></class-title></classification-item></classification-item>
<classification-item breakdown-code="false" not-allocatable="false" level="10" additional-only="false" sort-key="B66D1/7442" definition-exists="false" ipc-concordant="B66D1/74" c-set-base-allowed="false" c-set-subsequent-allowed="true" date-revised="2013-01-01" status="published"><classification-symbol>B66D1/7442</classification-symbol><class-title date-revised="2013-01-01"><title-part><CPC-specific-text><text>having a horizontal rotation axis</text></CPC-specific-text></title-part></class-title>
<classification-item breakdown-code="false" not-allocatable="false" level="11" additional-only="false" sort-key="B66D1/7447" definition-exists="false" ipc-concordant="B66D1/74" c-set-base-allowed="false" c-set-subsequent-allowed="true" date-revised="2013-01-01" status="published"><classification-symbol>B66D1/7447</classification-symbol><class-title date-revised="2013-01-01"><title-part><CPC-specific-text><text>driven by motor only</text></CPC-specific-text></title-part></class-title></classification-item>
<classification-item breakdown-code="false" not-allocatable="false" level="11" additional-only="false" sort-key="B66D1/7452" definition-exists="false" ipc-concordant="B66D1/74" c-set-base-allowed="false" c-set-subsequent-allowed="true" date-revised="2013-01-01" status="published"><classification-symbol>B66D1/7452</classification-symbol><class-title date-revised="2013-01-01"><title-part><CPC-specific-text><text>driven manually only</text></CPC-specific-text></title-part></class-title></classification-item>
<classification-item breakdown-code="false" not-allocatable="false" level="11" additional-only="false" sort-key="B66D1/7457" definition-exists="false" ipc-concordant="B66D1/74" c-set-base-allowed="false" c-set-subsequent-allowed="true" date-revised="2013-01-01" status="published"><classification-symbol>B66D1/7457</classification-symbol><class-title date-revised="2013-01-01"><title-part><CPC-specific-text><text>drivable by both motor and manually</text></CPC-specific-text></title-part></class-title></classification-item></classification-item>
<classification-item breakdown-code="false" not-allocatable="false" level="10" additional-only="false" sort-key="B66D1/7463" definition-exists="false" ipc-concordant="B66D1/74" c-set-base-allowed="false" c-set-subsequent-allowed="true" date-revised="2013-01-01" status="published"><classification-symbol>B66D1/7463</classification-symbol><class-title date-revised="2013-01-01"><title-part><CPC-specific-text><text>Accessories</text></CPC-specific-text></title-part></class-title>
<classification-item breakdown-code="false" not-allocatable="false" level="11" additional-only="false" sort-key="B66D1/7468" definition-exists="false" ipc-concordant="B66D1/74" c-set-base-allowed="false" c-set-subsequent-allowed="true" date-revised="2013-01-01" status="published"><classification-symbol>B66D1/7468</classification-symbol><class-title date-revised="2013-01-01"><title-part><CPC-specific-text><text>Handles</text></CPC-specific-text></title-part></class-title>
<classification-item breakdown-code="false" not-allocatable="false" level="12" additional-only="false" sort-key="B66D1/7473" definition-exists="false" ipc-concordant="B66D1/74" c-set-base-allowed="false" c-set-subsequent-allowed="true" date-revised="2013-01-01" status="published"><classification-symbol>B66D1/7473</classification-symbol><class-title date-revised="2013-01-01"><title-part><CPC-specific-text><text>with locking means</text></CPC-specific-text></title-part></class-title></classification-item>
<classification-item breakdown-code="false" not-allocatable="false" level="12" additional-only="false" sort-key="B66D1/7478" definition-exists="false" ipc-concordant="B66D1/74" c-set-base-allowed="false" c-set-subsequent-allowed="true" date-revised="2013-01-01" status="published"><classification-symbol>B66D1/7478</classification-symbol><class-title date-revised="2013-01-01"><title-part><CPC-specific-text><text>Powered handles</text></CPC-specific-text></title-part></class-title></classification-item></classification-item></classification-item>
<classification-item breakdown-code="false" not-allocatable="false" level="10" additional-only="false" sort-key="B66D1/7484" definition-exists="false" ipc-concordant="B66D1/74" c-set-base-allowed="false" c-set-subsequent-allowed="true" date-revised="2013-01-01" status="published"><classification-symbol>B66D1/7484</classification-symbol><class-title date-revised="2013-01-01"><title-part><CPC-specific-text><text>Details concerning gearing arrangements, e.g. multi-speed</text></CPC-specific-text></title-part></class-title></classification-item>
<classification-item breakdown-code="false" not-allocatable="false" level="10" additional-only="false" sort-key="B66D1/7489" definition-exists="false" ipc-concordant="B66D1/74" c-set-base-allowed="false" c-set-subsequent-allowed="true" date-revised="2013-01-01" status="published"><classification-symbol>B66D1/7489</classification-symbol><class-title date-revised="2013-01-01"><title-part><CPC-specific-text><text>having a particular use, e.g. rope ascenders</text></CPC-specific-text></title-part></class-title></classification-item>
<classification-item breakdown-code="false" not-allocatable="false" level="10" additional-only="false" sort-key="B66D1/7494" definition-exists="true" ipc-concordant="B66D1/74" c-set-base-allowed="false" c-set-subsequent-allowed="true" date-revised="2013-01-01" status="published"><classification-symbol>B66D1/7494</classification-symbol><class-title date-revised="2013-01-01"><title-part><CPC-specific-text><text>Self-tailing capstans</text></CPC-specific-text></title-part></class-title></classification-item>
<classification-item breakdown-code="false" not-allocatable="false" level="10" additional-only="false" sort-key="B66D1/76" definition-exists="true" ipc-concordant="B66D1/76" c-set-base-allowed="false" c-set-subsequent-allowed="true" date-revised="2013-01-01" status="published"><classification-symbol>B66D1/76</classification-symbol><class-title date-revised="2013-01-01"><title-part><text>having auxiliary drums or barrels for storing the ropes or cables</text></title-part></class-title></classification-item>
<classification-item breakdown-code="false" not-allocatable="false" level="10" additional-only="false" sort-key="B66D1/78" definition-exists="true" ipc-concordant="B66D1/78" c-set-base-allowed="false" c-set-subsequent-allowed="true" date-revised="2013-01-01" status="published"><classification-symbol>B66D1/78</classification-symbol><class-title date-revised="2013-01-01"><title-part><text>for shunting, e.g. in marshalling yards</text></title-part></class-title></classification-item></classification-item>
<classification-item breakdown-code="false" not-allocatable="false" level="9" additional-only="false" sort-key="B66D1/80" definition-exists="true" ipc-concordant="B66D1/80" c-set-base-allowed="false" c-set-subsequent-allowed="true" date-revised="2013-01-01" status="published"><classification-symbol>B66D1/80</classification-symbol><class-title date-revised="2013-01-01"><title-part><text>for scrapers</text></title-part></class-title></classification-item>
<classification-item breakdown-code="false" not-allocatable="false" level="9" additional-only="false" sort-key="B66D1/82" definition-exists="true" ipc-concordant="B66D1/82" c-set-base-allowed="false" c-set-subsequent-allowed="true" date-revised="2013-01-01" status="published"><classification-symbol>B66D1/82</classification-symbol><class-title date-revised="2013-01-01"><title-part><text>for slewing and hoisting by means of derricks</text></title-part></class-title></classification-item></classification-item></classification-item>
<classification-item breakdown-code="false" not-allocatable="false" level="7" additional-only="false" sort-key="B66D3/00" definition-exists="false" ipc-concordant="B66D3/00" c-set-base-allowed="false" c-set-subsequent-allowed="true" date-revised="2013-01-01" status="published"><classification-symbol>B66D3/00</classification-symbol><class-title date-revised="2013-01-01"><title-part><text>Portable or mobile lifting or hauling appliances</text></title-part></class-title>
<classification-item breakdown-code="false" not-allocatable="false" level="8" additional-only="false" sort-key="B66D3/003" definition-exists="true" ipc-concordant="B66D3/00" c-set-base-allowed="false" c-set-subsequent-allowed="true" date-revised="2013-01-01" status="published"><classification-symbol>B66D3/003</classification-symbol><class-title date-revised="2013-01-01"><title-part><CPC-specific-text><text>using two or more cooperating endless chains</text></CPC-specific-text></title-part></class-title></classification-item>
<classification-item breakdown-code="false" not-allocatable="false" level="8" additional-only="false" sort-key="B66D3/006" definition-exists="true" ipc-concordant="B66D3/00" c-set-base-allowed="false" c-set-subsequent-allowed="true" date-revised="2013-01-01" status="published"><classification-symbol>B66D3/006</classification-symbol><class-title date-revised="2013-01-01"><title-part><CPC-specific-text><text>Power actuated devices operating on ropes, cables, or chains for hauling in a mainly horizontal direction </text><reference><text><class-ref scheme="cpc">B66D3/003</class-ref> takes precedence</text></reference></CPC-specific-text></title-part></class-title></classification-item>
<classification-item breakdown-code="false" not-allocatable="false" level="8" additional-only="false" sort-key="B66D3/02" definition-exists="true" ipc-concordant="B66D3/02" c-set-base-allowed="false" c-set-subsequent-allowed="true" date-revised="2013-01-01" status="published"><classification-symbol>B66D3/02</classification-symbol><class-title date-revised="2013-01-01"><title-part><text>Manually-operated, e.g. lever-actuated, devices operating on ropes, cables, or chains for hauling in a mainly horizontal direction </text><reference><text><class-ref scheme="cpc">B66D3/04</class-ref>, <class-ref scheme="cpc">B66D3/12</class-ref> take precedence</text></reference></title-part></class-title></classification-item>
<classification-item breakdown-code="false" not-allocatable="false" level="8" additional-only="false" sort-key="B66D3/04" definition-exists="false" ipc-concordant="B66D3/04" c-set-base-allowed="false" c-set-subsequent-allowed="true" date-revised="2013-01-01" status="published"><classification-symbol>B66D3/04</classification-symbol><class-title date-revised="2013-01-01"><title-part><text>Pulley blocks or like devices in which force is applied to a rope, cable, or chain which passes over one or more pulleys, e.g. to obtain mechanical advantage </text><reference><text>sheaves <class-ref scheme="cpc">F16H55/00</class-ref></text></reference></title-part></class-title>
<classification-item breakdown-code="false" not-allocatable="false" level="9" additional-only="false" sort-key="B66D3/043" definition-exists="true" ipc-concordant="B66D3/04" c-set-base-allowed="false" c-set-subsequent-allowed="true" date-revised="2013-01-01" status="published"><classification-symbol>B66D3/043</classification-symbol><class-title date-revised="2013-01-01"><title-part><CPC-specific-text><text>Block and tackle system with variable number of cable parts</text></CPC-specific-text></title-part></class-title></classification-item>
<classification-item breakdown-code="false" not-allocatable="false" level="9" additional-only="false" sort-key="B66D3/046" definition-exists="true" ipc-concordant="B66D3/04" c-set-base-allowed="false" c-set-subsequent-allowed="true" date-revised="2013-01-01" status="published"><classification-symbol>B66D3/046</classification-symbol><class-title date-revised="2013-01-01"><title-part><CPC-specific-text><text>Openable pulley blocks</text></CPC-specific-text></title-part></class-title></classification-item>
<classification-item breakdown-code="false" not-allocatable="false" level="9" additional-only="false" sort-key="B66D3/06" definition-exists="true" ipc-concordant="B66D3/06" c-set-base-allowed="false" c-set-subsequent-allowed="true" date-revised="2013-01-01" status="published"><classification-symbol>B66D3/06</classification-symbol><class-title date-revised="2013-01-01"><title-part><text>with more than one pulley</text></title-part></class-title>
<classification-item breakdown-code="false" not-allocatable="false" level="10" additional-only="false" sort-key="B66D3/08" definition-exists="false" ipc-concordant="B66D3/08" c-set-base-allowed="false" c-set-subsequent-allowed="true" date-revised="2013-01-01" status="published"><classification-symbol>B66D3/08</classification-symbol><class-title date-revised="2013-01-01"><title-part><text>Arrangements of sheaves</text></title-part></class-title></classification-item>
<classification-item breakdown-code="false" not-allocatable="false" level="10" additional-only="false" sort-key="B66D3/10" definition-exists="true" ipc-concordant="B66D3/10" c-set-base-allowed="false" c-set-subsequent-allowed="true" date-revised="2013-01-01" status="published"><classification-symbol>B66D3/10</classification-symbol><class-title date-revised="2013-01-01"><title-part><text>Applications of braking or detent devices</text></title-part></class-title></classification-item></classification-item></classification-item>
<classification-item breakdown-code="false" not-allocatable="false" level="8" additional-only="false" sort-key="B66D3/12" definition-exists="false" ipc-concordant="B66D3/12" c-set-base-allowed="false" c-set-subsequent-allowed="true" date-revised="2013-01-01" status="published"><classification-symbol>B66D3/12</classification-symbol><class-title date-revised="2013-01-01"><title-part><text>Chain or like hand-operated tackles with or without power transmission gearing between operating member and lifting rope, chain or cable</text></title-part></class-title>
<classification-item breakdown-code="false" not-allocatable="false" level="9" additional-only="false" sort-key="B66D3/14" definition-exists="true" ipc-concordant="B66D3/14" c-set-base-allowed="false" c-set-subsequent-allowed="true" date-revised="2013-01-01" status="published"><classification-symbol>B66D3/14</classification-symbol><class-title date-revised="2013-01-01"><title-part><text>lever operated</text></title-part></class-title></classification-item>
<classification-item breakdown-code="false" not-allocatable="false" level="9" additional-only="false" sort-key="B66D3/16" definition-exists="true" ipc-concordant="B66D3/16" c-set-base-allowed="false" c-set-subsequent-allowed="true" date-revised="2013-01-01" status="published"><classification-symbol>B66D3/16</classification-symbol><class-title date-revised="2013-01-01"><title-part><text>operated by an endless chain passing over a pulley or a sprocket</text></title-part></class-title></classification-item></classification-item>
<classification-item breakdown-code="false" not-allocatable="false" level="8" additional-only="false" sort-key="B66D3/18" definition-exists="true" ipc-concordant="B66D3/18" c-set-base-allowed="false" c-set-subsequent-allowed="true" date-revised="2013-01-01" status="published"><classification-symbol>B66D3/18</classification-symbol><class-title date-revised="2013-01-01"><title-part><text>Power-operated hoists</text></title-part></class-title>
<classification-item breakdown-code="false" not-allocatable="false" level="9" additional-only="false" sort-key="B66D3/20" definition-exists="true" ipc-concordant="B66D3/20" c-set-base-allowed="false" c-set-subsequent-allowed="true" date-revised="2013-01-01" status="published"><classification-symbol>B66D3/20</classification-symbol><class-title date-revised="2013-01-01"><title-part><text>with driving motor, e.g. electric motor, and drum or barrel contained in a common housing</text></title-part></class-title>
<classification-item breakdown-code="false" not-allocatable="false" level="10" additional-only="false" sort-key="B66D3/22" definition-exists="true" ipc-concordant="B66D3/22" c-set-base-allowed="false" c-set-subsequent-allowed="true" date-revised="2013-01-01" status="published"><classification-symbol>B66D3/22</classification-symbol><class-title date-revised="2013-01-01"><title-part><text>with variable-speed gearings between driving motor and drum or barrel</text></title-part></class-title></classification-item></classification-item>
<classification-item breakdown-code="false" not-allocatable="false" level="9" additional-only="false" sort-key="B66D3/24" definition-exists="true" ipc-concordant="B66D3/24" c-set-base-allowed="false" c-set-subsequent-allowed="true" date-revised="2013-01-01" status="published"><classification-symbol>B66D3/24</classification-symbol><class-title date-revised="2013-01-01"><title-part><text>Applications of limit switches</text></title-part></class-title></classification-item>
<classification-item breakdown-code="false" not-allocatable="false" level="9" additional-only="false" sort-key="B66D3/26" definition-exists="false" ipc-concordant="B66D3/26" c-set-base-allowed="false" c-set-subsequent-allowed="true" date-revised="2013-01-01" status="published"><classification-symbol>B66D3/26</classification-symbol><class-title date-revised="2013-01-01"><title-part><text>Other details, e.g. housings</text></title-part></class-title></classification-item></classification-item></classification-item>
<classification-item breakdown-code="false" not-allocatable="false" level="7" additional-only="false" sort-key="B66D5/00" definition-exists="true" ipc-concordant="B66D5/00" c-set-base-allowed="false" c-set-subsequent-allowed="true" date-revised="2013-01-01" status="published"><classification-symbol>B66D5/00</classification-symbol><class-title date-revised="2013-01-01"><title-part><text>Braking or detent devices characterised by application to lifting or hoisting gear, e.g. for controlling the lowering of loads </text><reference><text>for pulley blocks <class-ref scheme="cpc">B66D3/10</class-ref></text></reference></title-part></class-title>
<classification-item breakdown-code="false" not-allocatable="false" level="8" additional-only="false" sort-key="B66D5/02" definition-exists="true" ipc-concordant="B66D5/02" c-set-base-allowed="false" c-set-subsequent-allowed="true" date-revised="2013-01-01" status="published"><classification-symbol>B66D5/02</classification-symbol><class-title date-revised="2013-01-01"><title-part><text>Crane, lift hoist, or winch brakes operating on drums, barrels, or ropes</text></title-part></class-title>
<classification-item breakdown-code="false" not-allocatable="false" level="9" additional-only="false" sort-key="B66D5/023" definition-exists="true" ipc-concordant="B66D5/02" c-set-base-allowed="false" c-set-subsequent-allowed="true" date-revised="2013-01-01" status="published"><classification-symbol>B66D5/023</classification-symbol><class-title date-revised="2013-01-01"><title-part><CPC-specific-text><text>Cooling of brakes </text><reference><text>in general <class-ref scheme="cpc">F16D</class-ref></text></reference></CPC-specific-text></title-part></class-title></classification-item>
<classification-item breakdown-code="false" not-allocatable="false" level="9" additional-only="false" sort-key="B66D5/026" definition-exists="true" ipc-concordant="B66D5/02" c-set-base-allowed="false" c-set-subsequent-allowed="true" date-revised="2013-01-01" status="published"><classification-symbol>B66D5/026</classification-symbol><class-title date-revised="2013-01-01"><title-part><CPC-specific-text><text>Fluid-resistance brakes</text></CPC-specific-text></title-part></class-title></classification-item>
<classification-item breakdown-code="false" not-allocatable="false" level="9" additional-only="false" sort-key="B66D5/04" definition-exists="true" ipc-concordant="B66D5/04" c-set-base-allowed="false" c-set-subsequent-allowed="true" date-revised="2013-01-01" status="published"><classification-symbol>B66D5/04</classification-symbol><class-title date-revised="2013-01-01"><title-part><text>actuated by centrifugal force</text></title-part></class-title></classification-item>
<classification-item breakdown-code="false" not-allocatable="false" level="9" additional-only="false" sort-key="B66D5/06" definition-exists="false" ipc-concordant="B66D5/06" c-set-base-allowed="false" c-set-subsequent-allowed="true" date-revised="2013-01-01" status="published"><classification-symbol>B66D5/06</classification-symbol><class-title date-revised="2013-01-01"><title-part><text>with radial effect </text><reference><text><class-ref scheme="cpc">B66D5/20</class-ref> takes precedence</text></reference></title-part></class-title>
<classification-item breakdown-code="false" not-allocatable="false" level="10" additional-only="false" sort-key="B66D5/08" definition-exists="true" ipc-concordant="B66D5/08" c-set-base-allowed="false" c-set-subsequent-allowed="true" date-revised="2013-01-01" status="published"><classification-symbol>B66D5/08</classification-symbol><class-title date-revised="2013-01-01"><title-part><text>embodying blocks or shoes</text></title-part></class-title></classification-item>
<classification-item breakdown-code="false" not-allocatable="false" level="10" additional-only="false" sort-key="B66D5/10" definition-exists="true" ipc-concordant="B66D5/10" c-set-base-allowed="false" c-set-subsequent-allowed="true" date-revised="2013-01-01" status="published"><classification-symbol>B66D5/10</classification-symbol><class-title date-revised="2013-01-01"><title-part><text>embodying bands</text></title-part></class-title></classification-item></classification-item>
<classification-item breakdown-code="false" not-allocatable="false" level="9" additional-only="false" sort-key="B66D5/12" definition-exists="true" ipc-concordant="B66D5/12" c-set-base-allowed="false" c-set-subsequent-allowed="true" date-revised="2013-01-01" status="published"><classification-symbol>B66D5/12</classification-symbol><class-title date-revised="2013-01-01"><title-part><text>with axial effect </text><reference><text><class-ref scheme="cpc">B66D5/22</class-ref> takes precedence</text></reference></title-part></class-title>
<classification-item breakdown-code="false" not-allocatable="false" level="10" additional-only="false" sort-key="B66D5/14" definition-exists="true" ipc-concordant="B66D5/14" c-set-base-allowed="false" c-set-subsequent-allowed="true" date-revised="2013-01-01" status="published"><classification-symbol>B66D5/14</classification-symbol><class-title date-revised="2013-01-01"><title-part><text>embodying discs</text></title-part></class-title></classification-item></classification-item>
<classification-item breakdown-code="false" not-allocatable="false" level="9" additional-only="false" sort-key="B66D5/16" definition-exists="true" ipc-concordant="B66D5/16" c-set-base-allowed="false" c-set-subsequent-allowed="true" date-revised="2013-01-01" status="published"><classification-symbol>B66D5/16</classification-symbol><class-title date-revised="2013-01-01"><title-part><text>for action on ropes or cables</text></title-part></class-title></classification-item>
<classification-item breakdown-code="false" not-allocatable="false" level="9" additional-only="false" sort-key="B66D5/18" definition-exists="true" ipc-concordant="B66D5/18" c-set-base-allowed="false" c-set-subsequent-allowed="true" date-revised="2013-01-01" status="published"><classification-symbol>B66D5/18</classification-symbol><class-title date-revised="2013-01-01"><title-part><text>for generating braking forces which are proportional to the loads suspended</text></title-part><title-part><text>Load-actuated brakes</text></title-part></class-title>
<classification-item breakdown-code="false" not-allocatable="false" level="10" additional-only="false" sort-key="B66D5/20" definition-exists="false" ipc-concordant="B66D5/20" c-set-base-allowed="false" c-set-subsequent-allowed="true" date-revised="2013-01-01" status="published"><classification-symbol>B66D5/20</classification-symbol><class-title date-revised="2013-01-01"><title-part><text>with radial effect</text></title-part></class-title></classification-item>
<classification-item breakdown-code="false" not-allocatable="false" level="10" additional-only="false" sort-key="B66D5/22" definition-exists="true" ipc-concordant="B66D5/22" c-set-base-allowed="false" c-set-subsequent-allowed="true" date-revised="2013-01-01" status="published"><classification-symbol>B66D5/22</classification-symbol><class-title date-revised="2013-01-01"><title-part><text>with axial effect</text></title-part></class-title></classification-item></classification-item>
<classification-item breakdown-code="false" not-allocatable="false" level="9" additional-only="false" sort-key="B66D5/24" definition-exists="true" ipc-concordant="B66D5/24" c-set-base-allowed="false" c-set-subsequent-allowed="true" date-revised="2013-01-01" status="published"><classification-symbol>B66D5/24</classification-symbol><class-title date-revised="2013-01-01"><title-part><text>Operating devices</text></title-part></class-title>
<classification-item breakdown-code="false" not-allocatable="false" level="10" additional-only="false" sort-key="B66D5/26" definition-exists="true" ipc-concordant="B66D5/26" c-set-base-allowed="false" c-set-subsequent-allowed="true" date-revised="2013-01-01" status="published"><classification-symbol>B66D5/26</classification-symbol><class-title date-revised="2013-01-01"><title-part><text>pneumatic or hydraulic</text></title-part></class-title>
<classification-item breakdown-code="false" not-allocatable="false" level="11" additional-only="false" sort-key="B66D5/28" definition-exists="false" ipc-concordant="B66D5/28" c-set-base-allowed="false" c-set-subsequent-allowed="true" date-revised="2013-01-01" status="published"><classification-symbol>B66D5/28</classification-symbol><class-title date-revised="2013-01-01"><title-part><text>specially adapted for winding gear, e.g. in mining hoists</text></title-part></class-title></classification-item></classification-item>
<classification-item breakdown-code="false" not-allocatable="false" level="10" additional-only="false" sort-key="B66D5/30" definition-exists="true" ipc-concordant="B66D5/30" c-set-base-allowed="false" c-set-subsequent-allowed="true" date-revised="2013-01-01" status="published"><classification-symbol>B66D5/30</classification-symbol><class-title date-revised="2013-01-01"><title-part><text>electrical</text></title-part></class-title></classification-item></classification-item></classification-item>
<classification-item breakdown-code="false" not-allocatable="false" level="8" additional-only="false" sort-key="B66D5/32" definition-exists="true" ipc-concordant="B66D5/32" c-set-base-allowed="false" c-set-subsequent-allowed="true" date-revised="2013-01-01" status="published"><classification-symbol>B66D5/32</classification-symbol><class-title date-revised="2013-01-01"><title-part><text>Detent devices</text></title-part></class-title>
<classification-item breakdown-code="false" not-allocatable="false" level="9" additional-only="false" sort-key="B66D5/34" definition-exists="true" ipc-concordant="B66D5/34" c-set-base-allowed="false" c-set-subsequent-allowed="true" date-revised="2013-01-01" status="published"><classification-symbol>B66D5/34</classification-symbol><class-title date-revised="2013-01-01"><title-part><text>having latches</text></title-part></class-title></classification-item></classification-item></classification-item></classification-item>
<classification-item breakdown-code="false" not-allocatable="true" level="6" additional-only="true" sort-key="B66D700/00" date-revised="2013-01-01" status="published"><classification-symbol>B66D2700/00</classification-symbol>
<classification-item breakdown-code="true" not-allocatable="false" level="7" additional-only="true" sort-key="B66D700/00" definition-exists="false" ipc-concordant="CPCONLY" c-set-base-allowed="false" c-set-subsequent-allowed="true" date-revised="2013-01-01" status="published"><classification-symbol>B66D2700/00</classification-symbol><class-title date-revised="2013-01-01"><title-part><text>Capstans, winches or hoists</text></title-part></class-title>
<classification-item breakdown-code="true" not-allocatable="false" level="8" additional-only="true" sort-key="B66D700/01" definition-exists="false" ipc-concordant="CPCONLY" c-set-base-allowed="false" c-set-subsequent-allowed="true" date-revised="2013-01-01" status="published"><classification-symbol>B66D2700/01</classification-symbol><class-title date-revised="2013-01-01"><title-part><text>Winches, capstans or pivots</text></title-part></class-title>
<classification-item breakdown-code="true" not-allocatable="false" level="9" additional-only="true" sort-key="B66D700/0108" definition-exists="false" ipc-concordant="CPCONLY" c-set-base-allowed="false" c-set-subsequent-allowed="true" date-revised="2013-01-01" status="published"><classification-symbol>B66D2700/0108</classification-symbol><class-title date-revised="2013-01-01"><title-part><text>with devices for paying out or automatically tightening the cable</text></title-part></class-title></classification-item>
<classification-item breakdown-code="true" not-allocatable="false" level="9" additional-only="true" sort-key="B66D700/0116" definition-exists="false" ipc-concordant="CPCONLY" c-set-base-allowed="false" c-set-subsequent-allowed="true" date-revised="2013-01-01" status="published"><classification-symbol>B66D2700/0116</classification-symbol><class-title date-revised="2013-01-01"><title-part><text>Manually or spring operated winches</text></title-part></class-title></classification-item>
<classification-item breakdown-code="true" not-allocatable="false" level="9" additional-only="true" sort-key="B66D700/0125" definition-exists="false" ipc-concordant="CPCONLY" c-set-base-allowed="false" c-set-subsequent-allowed="true" date-revised="2013-01-01" status="published"><classification-symbol>B66D2700/0125</classification-symbol><class-title date-revised="2013-01-01"><title-part><text>Motor operated winches</text></title-part></class-title>
<classification-item breakdown-code="true" not-allocatable="false" level="10" additional-only="true" sort-key="B66D700/0133" definition-exists="false" ipc-concordant="CPCONLY" c-set-base-allowed="false" c-set-subsequent-allowed="true" date-revised="2013-01-01" status="published"><classification-symbol>B66D2700/0133</classification-symbol><class-title date-revised="2013-01-01"><title-part><text>Fluid actuated</text></title-part></class-title></classification-item>
<classification-item breakdown-code="true" not-allocatable="false" level="10" additional-only="true" sort-key="B66D700/0141" definition-exists="false" ipc-concordant="CPCONLY" c-set-base-allowed="false" c-set-subsequent-allowed="true" date-revised="2013-01-01" status="published"><classification-symbol>B66D2700/0141</classification-symbol><class-title date-revised="2013-01-01"><title-part><text>Electrically actuated</text></title-part></class-title></classification-item>
<classification-item breakdown-code="true" not-allocatable="false" level="10" additional-only="true" sort-key="B66D700/015" definition-exists="false" ipc-concordant="CPCONLY" c-set-base-allowed="false" c-set-subsequent-allowed="true" date-revised="2013-01-01" status="published"><classification-symbol>B66D2700/015</classification-symbol><class-title date-revised="2013-01-01"><title-part><text>Actuated by chain, belt or by friction</text></title-part></class-title></classification-item>
<classification-item breakdown-code="true" not-allocatable="false" level="10" additional-only="true" sort-key="B66D700/0158" definition-exists="false" ipc-concordant="CPCONLY" c-set-base-allowed="false" c-set-subsequent-allowed="true" date-revised="2013-01-01" status="published"><classification-symbol>B66D2700/0158</classification-symbol><class-title date-revised="2013-01-01"><title-part><text>Hydraulically controlled couplings or gearings</text></title-part></class-title></classification-item>
<classification-item breakdown-code="true" not-allocatable="false" level="10" additional-only="true" sort-key="B66D700/0166" definition-exists="false" ipc-concordant="CPCONLY" c-set-base-allowed="false" c-set-subsequent-allowed="true" date-revised="2013-01-01" status="published"><classification-symbol>B66D2700/0166</classification-symbol><class-title date-revised="2013-01-01"><title-part><text>Winches with multiple drums or with drums with multiple parts of different diameter</text></title-part></class-title>
<classification-item breakdown-code="true" not-allocatable="false" level="11" additional-only="true" sort-key="B66D700/0175" definition-exists="false" ipc-concordant="CPCONLY" c-set-base-allowed="false" c-set-subsequent-allowed="true" date-revised="2013-01-01" status="published"><classification-symbol>B66D2700/0175</classification-symbol><class-title date-revised="2013-01-01"><title-part><text>with adjacent drums mounted on a single shaft with a common coupling member</text></title-part></class-title></classification-item></classification-item></classification-item>
<classification-item breakdown-code="true" not-allocatable="false" level="9" additional-only="true" sort-key="B66D700/0183" definition-exists="false" ipc-concordant="CPCONLY" c-set-base-allowed="false" c-set-subsequent-allowed="true" date-revised="2013-01-01" status="published"><classification-symbol>B66D2700/0183</classification-symbol><class-title date-revised="2013-01-01"><title-part><text>Details, e.g. winch drums, cooling, bearings, mounting, base structures, cable guiding or attachment of the cable to the drum</text></title-part></class-title>
<classification-item breakdown-code="true" not-allocatable="false" level="10" additional-only="true" sort-key="B66D700/0191" definition-exists="false" ipc-concordant="CPCONLY" c-set-base-allowed="false" c-set-subsequent-allowed="true" date-revised="2013-01-01" status="published"><classification-symbol>B66D2700/0191</classification-symbol><class-title date-revised="2013-01-01"><title-part><text>Cable guiding during winding or paying out</text></title-part></class-title></classification-item></classification-item></classification-item>
<classification-item breakdown-code="true" not-allocatable="false" level="8" additional-only="true" sort-key="B66D700/02" definition-exists="false" ipc-concordant="CPCONLY" c-set-base-allowed="false" c-set-subsequent-allowed="true" date-revised="2013-01-01" status="published"><classification-symbol>B66D2700/02</classification-symbol><class-title date-revised="2013-01-01"><title-part><text>Hoists or accessories for hoists</text></title-part></class-title>
<classification-item breakdown-code="true" not-allocatable="false" level="9" additional-only="true" sort-key="B66D700/021" definition-exists="false" ipc-concordant="CPCONLY" c-set-base-allowed="false" c-set-subsequent-allowed="true" date-revised="2013-01-01" status="published"><classification-symbol>B66D2700/021</classification-symbol><class-title date-revised="2013-01-01"><title-part><text>Hauling devices</text></title-part></class-title></classification-item>
<classification-item breakdown-code="true" not-allocatable="false" level="9" additional-only="true" sort-key="B66D700/023" definition-exists="false" ipc-concordant="CPCONLY" c-set-base-allowed="false" c-set-subsequent-allowed="true" date-revised="2013-01-01" status="published"><classification-symbol>B66D2700/023</classification-symbol><class-title date-revised="2013-01-01"><title-part><text>Hoists</text></title-part></class-title>
<classification-item breakdown-code="true" not-allocatable="false" level="10" additional-only="true" sort-key="B66D700/025" definition-exists="false" ipc-concordant="CPCONLY" c-set-base-allowed="false" c-set-subsequent-allowed="true" date-revised="2013-01-01" status="published"><classification-symbol>B66D2700/025</classification-symbol><class-title date-revised="2013-01-01"><title-part><text>motor operated</text></title-part></class-title></classification-item></classification-item>
<classification-item breakdown-code="true" not-allocatable="false" level="9" additional-only="true" sort-key="B66D700/026" definition-exists="false" ipc-concordant="CPCONLY" c-set-base-allowed="false" c-set-subsequent-allowed="true" date-revised="2013-01-01" status="published"><classification-symbol>B66D2700/026</classification-symbol><class-title date-revised="2013-01-01"><title-part><text>Pulleys, sheaves, pulley blocks or their mounting</text></title-part></class-title>
<classification-item breakdown-code="true" not-allocatable="false" level="10" additional-only="true" sort-key="B66D700/028" definition-exists="false" ipc-concordant="CPCONLY" c-set-base-allowed="false" c-set-subsequent-allowed="true" date-revised="2013-01-01" status="published"><classification-symbol>B66D2700/028</classification-symbol><class-title date-revised="2013-01-01"><title-part><text>Pulley blocks with multiple sheaves</text></title-part></class-title></classification-item></classification-item></classification-item>
<classification-item breakdown-code="true" not-allocatable="false" level="8" additional-only="true" sort-key="B66D700/03" definition-exists="false" ipc-concordant="CPCONLY" c-set-base-allowed="false" c-set-subsequent-allowed="true" date-revised="2013-01-01" status="published"><classification-symbol>B66D2700/03</classification-symbol><class-title date-revised="2013-01-01"><title-part><text>Mechanisms with latches or braking devices in general for capstans, hoists or similar devices as well as braking devices actuated electrically or by fluid under pressure</text></title-part></class-title>
<classification-item breakdown-code="true" not-allocatable="false" level="9" additional-only="true" sort-key="B66D700/035" definition-exists="false" ipc-concordant="CPCONLY" c-set-base-allowed="false" c-set-subsequent-allowed="true" date-revised="2013-01-01" status="published"><classification-symbol>B66D2700/035</classification-symbol><class-title date-revised="2013-01-01"><title-part><text>Fluid operated braking devices</text></title-part></class-title></classification-item></classification-item>
<classification-item breakdown-code="true" not-allocatable="false" level="8" additional-only="true" sort-key="B66D700/05" definition-exists="false" ipc-concordant="CPCONLY" c-set-base-allowed="false" c-set-subsequent-allowed="true" date-revised="2013-01-01" status="published"><classification-symbol>B66D2700/05</classification-symbol><class-title date-revised="2013-01-01"><title-part><text>Brakes with mechanisms with latches for hoists or similar devices</text></title-part></class-title></classification-item>
<classification-item breakdown-code="true" not-allocatable="false" level="8" additional-only="true" sort-key="B66D700/07" definition-exists="false" ipc-concordant="CPCONLY" c-set-base-allowed="false" c-set-subsequent-allowed="true" date-revised="2013-01-01" status="published"><classification-symbol>B66D2700/07</classification-symbol><class-title date-revised="2013-01-01"><title-part><text>Brakes with axial thrust for winches, hoists or similar devices</text></title-part></class-title></classification-item></classification-item></classification-item></classification-item></class-scheme>