<?xml version="1.0" encoding="UTF-8"?>
<class-scheme publication-date="2021-05-01" scheme-type="cpc" publication-type="official">
<classification-item breakdown-code="false" not-allocatable="true" level="5" additional-only="false" sort-key="C05F" definition-exists="true" date-revised="2018-01-01" status="published"><classification-symbol>C05F</classification-symbol><class-title date-revised="2013-01-01"><title-part><text>ORGANIC FERTILISERS NOT COVERED BY SUBCLASSES <class-ref scheme="cpc">C05B</class-ref>, <class-ref scheme="cpc">C05C</class-ref>, e.g. FERTILISERS FROM WASTE OR REFUSE </text><CPC-specific-text><reference><text>breeding of earthworms <class-ref scheme="cpc">A01K67/0332</class-ref></text></reference></CPC-specific-text></title-part></class-title><notes-and-warnings date-revised="2013-01-01"><note type="note"><note-paragraph>Processes where the composting step is the characterising feature, or apparatus therefor, are classified in group <class-ref scheme="cpc">C05F17/00</class-ref>.</note-paragraph></note><note type="warning"><note-paragraph warning-type="ipc-not-used">The following IPC groups are not in the CPC scheme. The subject matter for these IPC groups is classified in the following CPC groups:  <table><row><entry><class-ref scheme="ipc">C05F15/00</class-ref></entry><entry> covered by </entry><entry><class-ref scheme="cpc">C05F1/00</class-ref>-<class-ref scheme="cpc">C05F11/00</class-ref></entry></row></table>(see also internal note after the title of class <class-ref scheme="cpc">C05</class-ref>)</note-paragraph></note></notes-and-warnings>
<classification-item breakdown-code="false" not-allocatable="true" level="6" additional-only="false" sort-key="C05F1/00" date-revised="2013-01-01" status="published"><classification-symbol>C05F1/00</classification-symbol>
<classification-item breakdown-code="false" not-allocatable="false" level="7" additional-only="false" sort-key="C05F1/00" definition-exists="true" ipc-concordant="C05F1/00" c-set-base-allowed="true" c-set-subsequent-allowed="true" date-revised="2013-01-01" status="published"><classification-symbol>C05F1/00</classification-symbol><class-title date-revised="2013-01-01"><title-part><text>Fertilisers made from animal corpses, or parts thereof</text></title-part></class-title>
<classification-item breakdown-code="false" not-allocatable="false" level="8" additional-only="false" sort-key="C05F1/002" definition-exists="false" ipc-concordant="C05F1/00" c-set-base-allowed="true" c-set-subsequent-allowed="true" date-revised="2013-01-01" status="published"><classification-symbol>C05F1/002</classification-symbol><class-title date-revised="2013-01-01"><title-part><CPC-specific-text><text>from fish or from fish-wastes</text></CPC-specific-text></title-part></class-title></classification-item>
<classification-item breakdown-code="false" not-allocatable="false" level="8" additional-only="false" sort-key="C05F1/005" definition-exists="false" ipc-concordant="C05F1/00" c-set-base-allowed="true" c-set-subsequent-allowed="true" date-revised="2013-01-01" status="published"><classification-symbol>C05F1/005</classification-symbol><class-title date-revised="2013-01-01"><title-part><CPC-specific-text><text>from meat-wastes or from other wastes of animal origin, e.g. skins, hair, hoofs, feathers, blood</text></CPC-specific-text></title-part></class-title></classification-item>
<classification-item breakdown-code="false" not-allocatable="false" level="8" additional-only="false" sort-key="C05F1/007" definition-exists="false" ipc-concordant="C05F1/00" c-set-base-allowed="true" c-set-subsequent-allowed="true" date-revised="2013-01-01" status="published"><classification-symbol>C05F1/007</classification-symbol><class-title date-revised="2013-01-01"><title-part><CPC-specific-text><text>from derived products of animal origin or their wastes, e.g. leather, dairy products</text></CPC-specific-text></title-part></class-title></classification-item>
<classification-item breakdown-code="false" not-allocatable="false" level="8" additional-only="false" sort-key="C05F1/02" definition-exists="false" ipc-concordant="C05F1/02" c-set-base-allowed="true" c-set-subsequent-allowed="true" date-revised="2013-01-01" status="published"><classification-symbol>C05F1/02</classification-symbol><class-title date-revised="2013-01-01"><title-part><text>Apparatus for the manufacture</text></title-part></class-title></classification-item></classification-item>
<classification-item breakdown-code="false" not-allocatable="false" level="7" additional-only="false" sort-key="C05F3/00" definition-exists="true" ipc-concordant="C05F3/00" c-set-base-allowed="true" c-set-subsequent-allowed="true" date-revised="2013-01-01" status="published"><classification-symbol>C05F3/00</classification-symbol><class-title date-revised="2013-01-01"><title-part><text>Fertilisers from human or animal excrements, e.g. manure</text></title-part></class-title>
<classification-item breakdown-code="false" not-allocatable="false" level="8" additional-only="false" sort-key="C05F3/02" definition-exists="false" ipc-concordant="C05F3/02" c-set-base-allowed="true" c-set-subsequent-allowed="true" date-revised="2013-01-01" status="published"><classification-symbol>C05F3/02</classification-symbol><class-title date-revised="2013-01-01"><title-part><text>Guano</text></title-part></class-title></classification-item>
<classification-item breakdown-code="false" not-allocatable="false" level="8" additional-only="false" sort-key="C05F3/04" definition-exists="false" ipc-concordant="C05F3/04" c-set-base-allowed="true" c-set-subsequent-allowed="true" date-revised="2013-01-01" status="published"><classification-symbol>C05F3/04</classification-symbol><class-title date-revised="2013-01-01"><title-part><text>from human faecal masses</text></title-part></class-title></classification-item>
<classification-item breakdown-code="false" not-allocatable="false" level="8" additional-only="false" sort-key="C05F3/06" definition-exists="true" ipc-concordant="C05F3/06" c-set-base-allowed="true" c-set-subsequent-allowed="true" date-revised="2013-01-01" status="published"><classification-symbol>C05F3/06</classification-symbol><class-title date-revised="2013-01-01"><title-part><text>Apparatus for the manufacture</text></title-part></class-title></classification-item></classification-item>
<classification-item breakdown-code="false" not-allocatable="false" level="7" additional-only="false" sort-key="C05F5/00" definition-exists="false" ipc-concordant="C05F5/00" c-set-base-allowed="true" c-set-subsequent-allowed="true" date-revised="2013-01-01" status="published"><classification-symbol>C05F5/00</classification-symbol><class-title date-revised="2013-01-01"><title-part><text>Fertilisers from distillery wastes, molasses, vinasses, sugar plant or similar wastes or residues, </text><CPC-specific-text><text>e.g. from waste originating from industrial processing of raw material of agricultural origin or derived products thereof</text></CPC-specific-text></title-part></class-title>
<classification-item breakdown-code="false" not-allocatable="false" level="8" additional-only="false" sort-key="C05F5/002" definition-exists="false" ipc-concordant="C05F5/00" c-set-base-allowed="true" c-set-subsequent-allowed="true" date-revised="2013-01-01" status="published"><classification-symbol>C05F5/002</classification-symbol><class-title date-revised="2013-01-01"><title-part><CPC-specific-text><text>Solid waste from mechanical processing of material, e.g. seed coats, olive pits, almond shells, fruit residue, rice hulls</text></CPC-specific-text></title-part></class-title></classification-item>
<classification-item breakdown-code="false" not-allocatable="false" level="8" additional-only="false" sort-key="C05F5/004" definition-exists="false" ipc-concordant="C05F5/00" c-set-base-allowed="true" c-set-subsequent-allowed="true" date-revised="2013-01-01" status="published"><classification-symbol>C05F5/004</classification-symbol><class-title date-revised="2013-01-01"><title-part><CPC-specific-text><text>Liquid waste from mechanical processing of material, e.g. wash-water, milling fluid, filtrate</text></CPC-specific-text></title-part></class-title></classification-item>
<classification-item breakdown-code="false" not-allocatable="false" level="8" additional-only="false" sort-key="C05F5/006" definition-exists="false" ipc-concordant="C05F5/00" c-set-base-allowed="true" c-set-subsequent-allowed="true" date-revised="2013-01-01" status="published"><classification-symbol>C05F5/006</classification-symbol><class-title date-revised="2013-01-01"><title-part><CPC-specific-text><text>Waste from chemical processing of material, e.g. diestillation, roasting, cooking</text></CPC-specific-text></title-part></class-title>
<classification-item breakdown-code="false" not-allocatable="false" level="9" additional-only="false" sort-key="C05F5/008" definition-exists="false" ipc-concordant="C05F5/00" c-set-base-allowed="true" c-set-subsequent-allowed="true" date-revised="2013-01-01" status="published"><classification-symbol>C05F5/008</classification-symbol><class-title date-revised="2013-01-01"><title-part><CPC-specific-text><text>Waste from biochemical processing of material, e.g. fermentation, breweries</text></CPC-specific-text></title-part></class-title></classification-item></classification-item></classification-item>
<classification-item breakdown-code="false" not-allocatable="false" level="7" additional-only="false" sort-key="C05F7/00" definition-exists="true" ipc-concordant="C05F7/00" c-set-base-allowed="true" c-set-subsequent-allowed="true" date-revised="2016-11-01" status="published"><classification-symbol>C05F7/00</classification-symbol><class-title date-revised="2016-11-01"><title-part><text>Fertilisers from waste water, sewage sludge, sea slime, ooze or similar masses</text></title-part></class-title>
<classification-item breakdown-code="false" not-allocatable="false" level="8" additional-only="false" sort-key="C05F7/005" definition-exists="false" ipc-concordant="C05F7/00" c-set-base-allowed="true" c-set-subsequent-allowed="true" date-revised="2013-01-01" status="published"><classification-symbol>C05F7/005</classification-symbol><class-title date-revised="2013-01-01"><title-part><CPC-specific-text><text>Waste water from industrial processing material neither of agricultural nor of animal origin</text></CPC-specific-text></title-part></class-title></classification-item>
<classification-item breakdown-code="false" not-allocatable="false" level="8" additional-only="false" sort-key="C05F7/02" definition-exists="false" ipc-concordant="C05F7/02" c-set-base-allowed="true" c-set-subsequent-allowed="true" date-revised="2013-01-01" status="published"><classification-symbol>C05F7/02</classification-symbol><class-title date-revised="2013-01-01"><title-part><text>from sulfite liquor or other waste lyes from the manufacture of cellulose</text></title-part></class-title></classification-item>
<classification-item breakdown-code="false" not-allocatable="false" level="8" additional-only="false" sort-key="C05F7/04" definition-exists="false" ipc-concordant="C05F7/04" c-set-base-allowed="true" c-set-subsequent-allowed="true" date-revised="2013-01-01" status="published"><classification-symbol>C05F7/04</classification-symbol><class-title date-revised="2013-01-01"><title-part><text>from waste liquors in the potash industry</text></title-part></class-title></classification-item></classification-item>
<classification-item breakdown-code="false" not-allocatable="false" level="7" additional-only="false" sort-key="C05F9/00" definition-exists="true" ipc-concordant="C05F9/00" c-set-base-allowed="true" c-set-subsequent-allowed="true" date-revised="2013-01-01" status="published"><classification-symbol>C05F9/00</classification-symbol><class-title date-revised="2013-01-01"><title-part><text>Fertilisers from household or town refuse</text></title-part></class-title>
<classification-item breakdown-code="false" not-allocatable="false" level="8" additional-only="false" sort-key="C05F9/02" definition-exists="false" ipc-concordant="C05F9/02" c-set-base-allowed="true" c-set-subsequent-allowed="true" date-revised="2013-01-01" status="published"><classification-symbol>C05F9/02</classification-symbol><class-title date-revised="2013-01-01"><title-part><text>Apparatus for the manufacture</text></title-part></class-title></classification-item>
<classification-item breakdown-code="false" not-allocatable="false" level="8" additional-only="false" sort-key="C05F9/04" definition-exists="true" ipc-concordant="C05F9/04" c-set-base-allowed="true" c-set-subsequent-allowed="true" date-revised="2013-01-01" status="published"><classification-symbol>C05F9/04</classification-symbol><class-title date-revised="2013-01-01"><title-part><text>Biological compost</text></title-part></class-title></classification-item></classification-item>
<classification-item breakdown-code="false" not-allocatable="false" level="7" additional-only="false" sort-key="C05F11/00" definition-exists="true" ipc-concordant="C05F11/00" c-set-base-allowed="true" c-set-subsequent-allowed="true" date-revised="2013-01-01" status="published"><classification-symbol>C05F11/00</classification-symbol><class-title date-revised="2013-01-01"><title-part><text>Other organic fertilisers</text></title-part></class-title>
<classification-item breakdown-code="false" not-allocatable="false" level="8" additional-only="false" sort-key="C05F11/02" definition-exists="true" ipc-concordant="C05F11/02" c-set-base-allowed="true" c-set-subsequent-allowed="true" date-revised="2013-01-01" status="published"><classification-symbol>C05F11/02</classification-symbol><class-title date-revised="2013-01-01"><title-part><text>from peat, brown coal, and similar vegetable deposits</text></title-part></class-title>
<classification-item breakdown-code="false" not-allocatable="false" level="9" additional-only="false" sort-key="C05F11/04" definition-exists="true" ipc-concordant="C05F11/04" c-set-base-allowed="true" c-set-subsequent-allowed="true" date-revised="2018-02-01" status="published"><classification-symbol>C05F11/04</classification-symbol><class-title date-revised="2018-02-01"><title-part><text>Horticultural earth from peat </text><reference><text>growth substrates containing peat <class-ref scheme="cpc">A01G24/28</class-ref></text></reference></title-part></class-title><notes-and-warnings><note type="warning"><note-paragraph warning-type="reclass-source"> Group <class-ref scheme="cpc">C05F11/04</class-ref> is impacted by reclassification into group <class-ref scheme="cpc">A01G24/28</class-ref>.  <br/> Groups <class-ref scheme="cpc">C05F11/04</class-ref> and <class-ref scheme="cpc">A01G24/28</class-ref> should be considered in order to perform a complete search. </note-paragraph></note></notes-and-warnings></classification-item>
<classification-item breakdown-code="false" not-allocatable="false" level="9" additional-only="false" sort-key="C05F11/06" definition-exists="false" ipc-concordant="C05F11/06" c-set-base-allowed="true" c-set-subsequent-allowed="true" date-revised="2013-01-01" status="published"><classification-symbol>C05F11/06</classification-symbol><class-title date-revised="2013-01-01"><title-part><text>Apparatus for the manufacture</text></title-part></class-title></classification-item></classification-item>
<classification-item breakdown-code="false" not-allocatable="false" level="8" additional-only="false" sort-key="C05F11/08" definition-exists="false" ipc-concordant="C05F11/08" c-set-base-allowed="true" c-set-subsequent-allowed="true" date-revised="2013-01-01" status="published"><classification-symbol>C05F11/08</classification-symbol><class-title date-revised="2013-01-01"><title-part><text>Organic fertilisers containing added bacterial cultures, mycelia or the like</text></title-part></class-title></classification-item>
<classification-item breakdown-code="false" not-allocatable="false" level="8" additional-only="false" sort-key="C05F11/10" definition-exists="false" ipc-concordant="C05F11/10" c-set-base-allowed="true" c-set-subsequent-allowed="true" date-revised="2013-01-01" status="published"><classification-symbol>C05F11/10</classification-symbol><class-title date-revised="2013-01-01"><title-part><text>Fertilisers containing plant vitamins or hormones</text></title-part></class-title></classification-item></classification-item>
<classification-item breakdown-code="false" not-allocatable="false" level="7" additional-only="false" sort-key="C05F17/00" definition-exists="true" ipc-concordant="C05F17/00" c-set-base-allowed="false" c-set-subsequent-allowed="true" date-revised="2020-01-01" status="published"><classification-symbol>C05F17/00</classification-symbol><class-title date-revised="2020-01-01"><title-part><text>Preparation of fertilisers characterised by biological or biochemical treatment steps, e.g. composting or fermentation</text></title-part></class-title>
<classification-item breakdown-code="false" not-allocatable="false" level="8" additional-only="false" sort-key="C05F17/05" definition-exists="true" ipc-concordant="C05F17/05" c-set-base-allowed="false" c-set-subsequent-allowed="true" date-revised="2020-01-01" status="published"><classification-symbol>C05F17/05</classification-symbol><class-title date-revised="2020-01-01"><title-part><text>Treatments involving invertebrates, e.g. worms, flies or maggots</text></title-part></class-title></classification-item>
<classification-item breakdown-code="false" not-allocatable="false" level="8" additional-only="false" sort-key="C05F17/10" definition-exists="true" ipc-concordant="C05F17/10" c-set-base-allowed="false" c-set-subsequent-allowed="true" date-revised="2020-01-01" status="published"><classification-symbol>C05F17/10</classification-symbol><class-title date-revised="2020-01-01"><title-part><text>Addition or removal of substances other than water or air to or from the material during the treatment </text><reference><text>for activating or stimulating the treatment <class-ref scheme="cpc">C05F17/20</class-ref></text></reference></title-part></class-title>
<classification-item breakdown-code="false" not-allocatable="false" level="9" additional-only="false" sort-key="C05F17/15" definition-exists="true" ipc-concordant="C05F17/10" c-set-base-allowed="false" c-set-subsequent-allowed="true" date-revised="2020-01-01" status="published"><classification-symbol>C05F17/15</classification-symbol><class-title date-revised="2020-01-01"><title-part><CPC-specific-text><text>the material being gas</text></CPC-specific-text></title-part></class-title></classification-item></classification-item>
<classification-item breakdown-code="false" not-allocatable="false" level="8" additional-only="false" sort-key="C05F17/20" definition-exists="true" ipc-concordant="C05F17/20" c-set-base-allowed="false" c-set-subsequent-allowed="true" date-revised="2020-01-01" status="published"><classification-symbol>C05F17/20</classification-symbol><class-title date-revised="2020-01-01"><title-part><text>using specific microorganisms or substances, e.g. enzymes, for activating or stimulating the treatment </text><reference><text>use of invertebrates <class-ref scheme="cpc">C05F17/05</class-ref></text></reference></title-part></class-title></classification-item>
<classification-item breakdown-code="false" not-allocatable="false" level="8" additional-only="false" sort-key="C05F17/30" definition-exists="false" ipc-concordant="C05F17/30" c-set-base-allowed="false" c-set-subsequent-allowed="true" date-revised="2020-01-01" status="published"><classification-symbol>C05F17/30</classification-symbol><class-title date-revised="2020-01-01"><title-part><text>using irradiation, e.g. solar or nuclear radiation</text></title-part><title-part><text>using electric or magnetic fields</text></title-part></class-title></classification-item>
<classification-item breakdown-code="false" not-allocatable="false" level="8" additional-only="false" sort-key="C05F17/40" definition-exists="true" ipc-concordant="C05F17/40" c-set-base-allowed="false" c-set-subsequent-allowed="true" date-revised="2020-01-01" status="published"><classification-symbol>C05F17/40</classification-symbol><class-title date-revised="2020-01-01"><title-part><text>Treatment of liquids or slurries</text></title-part></class-title></classification-item>
<classification-item breakdown-code="false" not-allocatable="false" level="8" additional-only="false" sort-key="C05F17/50" definition-exists="false" ipc-concordant="C05F17/50" c-set-base-allowed="false" c-set-subsequent-allowed="true" date-revised="2020-01-01" status="published"><classification-symbol>C05F17/50</classification-symbol><class-title date-revised="2020-01-01"><title-part><text>Treatments combining two or more different biological or biochemical treatments, e.g. anaerobic and aerobic treatment or vermicomposting and aerobic treatment</text></title-part></class-title></classification-item>
<classification-item breakdown-code="false" not-allocatable="false" level="8" additional-only="false" sort-key="C05F17/60" definition-exists="false" ipc-concordant="C05F17/60" c-set-base-allowed="false" c-set-subsequent-allowed="true" date-revised="2020-01-01" status="published"><classification-symbol>C05F17/60</classification-symbol><class-title date-revised="2020-01-01"><title-part><text>Heating or cooling during the treatment</text></title-part></class-title></classification-item>
<classification-item breakdown-code="false" not-allocatable="false" level="8" additional-only="false" sort-key="C05F17/70" definition-exists="false" ipc-concordant="C05F17/70" c-set-base-allowed="false" c-set-subsequent-allowed="true" date-revised="2020-01-01" status="published"><classification-symbol>C05F17/70</classification-symbol><class-title date-revised="2020-01-01"><title-part><text>Controlling the treatment in response to process parameters</text></title-part></class-title></classification-item>
<classification-item breakdown-code="false" not-allocatable="false" level="8" additional-only="false" sort-key="C05F17/80" definition-exists="false" ipc-concordant="C05F17/80" c-set-base-allowed="false" c-set-subsequent-allowed="true" date-revised="2020-01-01" status="published"><classification-symbol>C05F17/80</classification-symbol><class-title date-revised="2020-01-01"><title-part><text>Separation, elimination or disposal of harmful substances during the treatment</text></title-part></class-title></classification-item>
<classification-item breakdown-code="false" not-allocatable="false" level="8" additional-only="false" sort-key="C05F17/90" definition-exists="true" ipc-concordant="C05F17/90" c-set-base-allowed="false" c-set-subsequent-allowed="true" date-revised="2020-01-01" status="published"><classification-symbol>C05F17/90</classification-symbol><class-title date-revised="2020-01-01"><title-part><text>Apparatus therefor</text></title-part></class-title>
<classification-item breakdown-code="false" not-allocatable="false" level="9" additional-only="false" sort-key="C05F17/907" definition-exists="true" ipc-concordant="C05F17/907" c-set-base-allowed="false" c-set-subsequent-allowed="true" date-revised="2020-01-01" status="published"><classification-symbol>C05F17/907</classification-symbol><class-title date-revised="2020-01-01"><title-part><text>Small-scale devices without mechanical means for feeding or discharging material, e.g. garden compost bins</text></title-part></class-title></classification-item>
<classification-item breakdown-code="false" not-allocatable="false" level="9" additional-only="false" sort-key="C05F17/914" definition-exists="false" ipc-concordant="C05F17/914" c-set-base-allowed="false" c-set-subsequent-allowed="true" date-revised="2020-01-01" status="published"><classification-symbol>C05F17/914</classification-symbol><class-title date-revised="2020-01-01"><title-part><text>Portable or transportable devices, e.g. transport containers or trucks</text></title-part></class-title></classification-item>
<classification-item breakdown-code="false" not-allocatable="false" level="9" additional-only="false" sort-key="C05F17/921" definition-exists="false" ipc-concordant="C05F17/921" c-set-base-allowed="false" c-set-subsequent-allowed="true" date-revised="2020-01-01" status="published"><classification-symbol>C05F17/921</classification-symbol><class-title date-revised="2020-01-01"><title-part><text>Devices in which the material is conveyed essentially horizontally between inlet and discharge means</text></title-part></class-title>
<classification-item breakdown-code="false" not-allocatable="false" level="10" additional-only="false" sort-key="C05F17/929" definition-exists="false" ipc-concordant="C05F17/929" c-set-base-allowed="false" c-set-subsequent-allowed="true" date-revised="2020-01-01" status="published"><classification-symbol>C05F17/929</classification-symbol><class-title date-revised="2020-01-01"><title-part><text>Cylinders or drums</text></title-part></class-title></classification-item>
<classification-item breakdown-code="false" not-allocatable="false" level="10" additional-only="false" sort-key="C05F17/936" definition-exists="false" ipc-concordant="C05F17/936" c-set-base-allowed="false" c-set-subsequent-allowed="true" date-revised="2020-01-01" status="published"><classification-symbol>C05F17/936</classification-symbol><class-title date-revised="2020-01-01"><title-part><text>Tunnels</text></title-part></class-title></classification-item>
<classification-item breakdown-code="false" not-allocatable="false" level="10" additional-only="false" sort-key="C05F17/939" definition-exists="false" ipc-concordant="C05F17/921" c-set-base-allowed="false" c-set-subsequent-allowed="true" date-revised="2020-01-01" status="published"><classification-symbol>C05F17/939</classification-symbol><class-title date-revised="2020-01-01"><title-part><CPC-specific-text><text>Means for mixing or moving with predetermined or fixed paths, e.g. rails or cables</text></CPC-specific-text></title-part></class-title></classification-item>
<classification-item breakdown-code="false" not-allocatable="false" level="10" additional-only="false" sort-key="C05F17/943" definition-exists="false" ipc-concordant="C05F17/943" c-set-base-allowed="false" c-set-subsequent-allowed="true" date-revised="2020-01-01" status="published"><classification-symbol>C05F17/943</classification-symbol><class-title date-revised="2020-01-01"><title-part><text>Means for combined mixing and conveying</text></title-part></class-title></classification-item></classification-item>
<classification-item breakdown-code="false" not-allocatable="false" level="9" additional-only="false" sort-key="C05F17/95" definition-exists="false" ipc-concordant="C05F17/95" c-set-base-allowed="false" c-set-subsequent-allowed="true" date-revised="2020-01-01" status="published"><classification-symbol>C05F17/95</classification-symbol><class-title date-revised="2020-01-01"><title-part><text>Devices in which the material is conveyed essentially vertically between inlet and discharge means</text></title-part></class-title>
<classification-item breakdown-code="false" not-allocatable="false" level="10" additional-only="false" sort-key="C05F17/955" definition-exists="false" ipc-concordant="C05F17/95" c-set-base-allowed="false" c-set-subsequent-allowed="true" date-revised="2020-01-01" status="published"><classification-symbol>C05F17/955</classification-symbol><class-title date-revised="2020-01-01"><title-part><CPC-specific-text><text>the material going from platform to platform</text></CPC-specific-text></title-part></class-title></classification-item></classification-item>
<classification-item breakdown-code="false" not-allocatable="false" level="9" additional-only="false" sort-key="C05F17/957" definition-exists="false" ipc-concordant="C05F17/957" c-set-base-allowed="false" c-set-subsequent-allowed="true" date-revised="2020-01-01" status="published"><classification-symbol>C05F17/957</classification-symbol><class-title date-revised="2020-01-01"><title-part><text>using two or more serially arranged devices</text></title-part></class-title></classification-item>
<classification-item breakdown-code="false" not-allocatable="false" level="9" additional-only="false" sort-key="C05F17/964" definition-exists="false" ipc-concordant="C05F17/964" c-set-base-allowed="false" c-set-subsequent-allowed="true" date-revised="2020-01-01" status="published"><classification-symbol>C05F17/964</classification-symbol><class-title date-revised="2020-01-01"><title-part><text>Constructional parts, e.g. floors, covers or doors</text></title-part></class-title>
<classification-item breakdown-code="false" not-allocatable="false" level="10" additional-only="false" sort-key="C05F17/971" definition-exists="false" ipc-concordant="C05F17/971" c-set-base-allowed="false" c-set-subsequent-allowed="true" date-revised="2020-01-01" status="published"><classification-symbol>C05F17/971</classification-symbol><class-title date-revised="2020-01-01"><title-part><text>for feeding or discharging materials to be treated</text></title-part><title-part><text>for feeding or discharging other material</text></title-part></class-title>
<classification-item breakdown-code="false" not-allocatable="false" level="11" additional-only="false" sort-key="C05F17/979" definition-exists="true" ipc-concordant="C05F17/979" c-set-base-allowed="false" c-set-subsequent-allowed="true" date-revised="2020-01-01" status="published"><classification-symbol>C05F17/979</classification-symbol><class-title date-revised="2020-01-01"><title-part><text>the other material being gaseous</text></title-part></class-title></classification-item>
<classification-item breakdown-code="false" not-allocatable="false" level="11" additional-only="false" sort-key="C05F17/986" definition-exists="true" ipc-concordant="C05F17/986" c-set-base-allowed="false" c-set-subsequent-allowed="true" date-revised="2020-01-01" status="published"><classification-symbol>C05F17/986</classification-symbol><class-title date-revised="2020-01-01"><title-part><text>the other material being liquid</text></title-part></class-title></classification-item></classification-item></classification-item>
<classification-item breakdown-code="false" not-allocatable="false" level="9" additional-only="false" sort-key="C05F17/989" definition-exists="false" ipc-concordant="C05F17/90" c-set-base-allowed="false" c-set-subsequent-allowed="true" date-revised="2020-01-01" status="published"><classification-symbol>C05F17/989</classification-symbol><class-title date-revised="2020-01-01"><title-part><CPC-specific-text><text>Flow sheets for biological or biochemical treatment</text></CPC-specific-text></title-part></class-title></classification-item>
<classification-item breakdown-code="false" not-allocatable="false" level="9" additional-only="false" sort-key="C05F17/993" definition-exists="false" ipc-concordant="C05F17/993" c-set-base-allowed="false" c-set-subsequent-allowed="true" date-revised="2020-01-01" status="published"><classification-symbol>C05F17/993</classification-symbol><class-title date-revised="2020-01-01"><title-part><text>Arrangements for measuring process parameters, e.g. temperature, pressure or humidity</text></title-part></class-title></classification-item></classification-item></classification-item></classification-item></classification-item></class-scheme>