<?xml version="1.0" encoding="UTF-8"?>
<class-scheme publication-date="2021-05-01" scheme-type="cpc" publication-type="official">
<classification-item breakdown-code="false" not-allocatable="true" level="5" additional-only="false" sort-key="B27H" definition-exists="true" date-revised="2018-08-01" status="published"><classification-symbol>B27H</classification-symbol><class-title date-revised="2013-01-01"><title-part><text>BENDING WOOD OR SIMILAR MATERIAL</text></title-part><title-part><text>COOPERAGE</text></title-part><title-part><text>MAKING WHEELS FROM WOOD OR SIMILAR MATERIAL</text></title-part></class-title><notes-and-warnings><note type="warning"><note-paragraph>In this subclass non-limiting references (in the sense of paragraph 39 of the Guide to the IPC) may still be displayed in the scheme.</note-paragraph></note></notes-and-warnings>
<classification-item breakdown-code="false" not-allocatable="true" level="6" additional-only="false" sort-key="B27H1/00" date-revised="2013-01-01" status="published"><classification-symbol>B27H1/00</classification-symbol>
<classification-item breakdown-code="false" not-allocatable="false" level="7" additional-only="false" sort-key="B27H1/00" definition-exists="true" ipc-concordant="B27H1/00" c-set-base-allowed="false" c-set-subsequent-allowed="true" date-revised="2013-01-01" status="published"><classification-symbol>B27H1/00</classification-symbol><class-title date-revised="2013-01-01"><title-part><text>Bending wood stock, e.g. boards</text></title-part></class-title></classification-item>
<classification-item breakdown-code="false" not-allocatable="false" level="7" additional-only="false" sort-key="B27H3/00" definition-exists="true" ipc-concordant="B27H3/00" c-set-base-allowed="false" c-set-subsequent-allowed="true" date-revised="2013-01-01" status="published"><classification-symbol>B27H3/00</classification-symbol><class-title date-revised="2013-01-01"><title-part><text>Manufacture of constructional elements of tubes, coops, or barrels </text><reference><text>assembly, e.g. coopering, <class-ref scheme="cpc">B27H5/00</class-ref></text></reference></title-part></class-title>
<classification-item breakdown-code="false" not-allocatable="false" level="8" additional-only="false" sort-key="B27H3/02" definition-exists="false" ipc-concordant="B27H3/02" c-set-base-allowed="false" c-set-subsequent-allowed="true" date-revised="2013-01-01" status="published"><classification-symbol>B27H3/02</classification-symbol><class-title date-revised="2013-01-01"><title-part><text>Manufacture of barrel staves</text></title-part></class-title></classification-item>
<classification-item breakdown-code="false" not-allocatable="false" level="8" additional-only="false" sort-key="B27H3/04" definition-exists="false" ipc-concordant="B27H3/04" c-set-base-allowed="false" c-set-subsequent-allowed="true" date-revised="2013-01-01" status="published"><classification-symbol>B27H3/04</classification-symbol><class-title date-revised="2013-01-01"><title-part><text>Manufacture of barrel heads or casings</text></title-part></class-title></classification-item></classification-item>
<classification-item breakdown-code="false" not-allocatable="false" level="7" additional-only="false" sort-key="B27H5/00" definition-exists="true" ipc-concordant="B27H5/00" c-set-base-allowed="false" c-set-subsequent-allowed="true" date-revised="2013-01-01" status="published"><classification-symbol>B27H5/00</classification-symbol><class-title date-revised="2013-01-01"><title-part><text>Manufacture of tubes, coops, or barrels </text><reference><text>from veneer strips or sheets <class-ref scheme="cpc">B27D1/00</class-ref></text></reference></title-part></class-title>
<classification-item breakdown-code="false" not-allocatable="false" level="8" additional-only="false" sort-key="B27H5/02" definition-exists="false" ipc-concordant="B27H5/02" c-set-base-allowed="false" c-set-subsequent-allowed="true" date-revised="2013-01-01" status="published"><classification-symbol>B27H5/02</classification-symbol><class-title date-revised="2013-01-01"><title-part><text>Building up with staves</text></title-part></class-title>
<classification-item breakdown-code="false" not-allocatable="false" level="9" additional-only="false" sort-key="B27H5/04" definition-exists="false" ipc-concordant="B27H5/04" c-set-base-allowed="false" c-set-subsequent-allowed="true" date-revised="2013-01-01" status="published"><classification-symbol>B27H5/04</classification-symbol><class-title date-revised="2013-01-01"><title-part><text>Forming staves into the final shape and assembling same</text></title-part></class-title></classification-item></classification-item>
<classification-item breakdown-code="false" not-allocatable="false" level="8" additional-only="false" sort-key="B27H5/08" definition-exists="false" ipc-concordant="B27H5/08" c-set-base-allowed="false" c-set-subsequent-allowed="true" date-revised="2013-01-01" status="published"><classification-symbol>B27H5/08</classification-symbol><class-title date-revised="2013-01-01"><title-part><text>Finishing barrels, e.g. cutting grooves</text></title-part></class-title>
<classification-item breakdown-code="false" not-allocatable="false" level="9" additional-only="false" sort-key="B27H5/10" definition-exists="false" ipc-concordant="B27H5/10" c-set-base-allowed="false" c-set-subsequent-allowed="true" date-revised="2013-01-01" status="published"><classification-symbol>B27H5/10</classification-symbol><class-title date-revised="2013-01-01"><title-part><text>Trussing or hooping barrels</text></title-part></class-title></classification-item>
<classification-item breakdown-code="false" not-allocatable="false" level="9" additional-only="false" sort-key="B27H5/12" definition-exists="false" ipc-concordant="B27H5/12" c-set-base-allowed="false" c-set-subsequent-allowed="true" date-revised="2013-01-01" status="published"><classification-symbol>B27H5/12</classification-symbol><class-title date-revised="2013-01-01"><title-part><text>Making bungs from wood</text></title-part><title-part><text>Drilling or reaming bung holes</text></title-part></class-title></classification-item></classification-item></classification-item>
<classification-item breakdown-code="false" not-allocatable="false" level="7" additional-only="false" sort-key="B27H7/00" definition-exists="true" ipc-concordant="B27H7/00" c-set-base-allowed="false" c-set-subsequent-allowed="true" date-revised="2013-01-01" status="published"><classification-symbol>B27H7/00</classification-symbol><class-title date-revised="2013-01-01"><title-part><text>Manufacture of wood-rimmed wheels, e.g. cart wheels, steering wheels </text><CPC-specific-text><reference><text><class-ref scheme="cpc">B23B3/265</class-ref>, <class-ref scheme="cpc">B23B5/38</class-ref>, <class-ref scheme="cpc">B23B41/06</class-ref> take precedence</text></reference></CPC-specific-text></title-part></class-title></classification-item></classification-item></classification-item></class-scheme>