<?xml version="1.0" encoding="UTF-8"?>
<class-scheme publication-date="2021-05-01" scheme-type="cpc" publication-type="official">
<classification-item breakdown-code="false" not-allocatable="true" level="5" additional-only="false" sort-key="C10B" definition-exists="true" date-revised="2018-08-01" status="published"><classification-symbol>C10B</classification-symbol><class-title date-revised="2013-01-01"><title-part><text>DESTRUCTIVE DISTILLATION OF CARBONAGEOUS MATERIALS FOR PRODUCTION OF GAS, COKE, TAR, OR SIMILAR MATERIALS </text><reference><text>cracking oils <class-ref scheme="cpc">C10G</class-ref>; underground gasification of minerals <class-ref scheme="cpc">E21B43/295</class-ref></text></reference></title-part></class-title><notes-and-warnings><note type="warning"><note-paragraph>In this subclass non-limiting references (in the sense of paragraph 39 of the Guide to the IPC) may still be displayed in the scheme.</note-paragraph></note></notes-and-warnings>
<classification-item breakdown-code="false" not-allocatable="true" level="6" additional-only="false" sort-key="C10B1/00" date-revised="2013-01-01" status="published"><classification-symbol>C10B1/00</classification-symbol><class-title date-revised="2013-01-01"><title-part><text>Retort and coke ovens</text></title-part></class-title>
<classification-item breakdown-code="false" not-allocatable="false" level="7" additional-only="false" sort-key="C10B1/00" definition-exists="false" ipc-concordant="C10B1/00" c-set-base-allowed="false" c-set-subsequent-allowed="true" date-revised="2013-01-01" status="published"><classification-symbol>C10B1/00</classification-symbol><class-title date-revised="2013-01-01"><title-part><text>Retorts</text></title-part></class-title>
<classification-item breakdown-code="false" not-allocatable="false" level="8" additional-only="false" sort-key="C10B1/02" definition-exists="false" ipc-concordant="C10B1/02" c-set-base-allowed="false" c-set-subsequent-allowed="true" date-revised="2013-01-01" status="published"><classification-symbol>C10B1/02</classification-symbol><class-title date-revised="2013-01-01"><title-part><text>Stationary retorts</text></title-part></class-title>
<classification-item breakdown-code="false" not-allocatable="false" level="9" additional-only="false" sort-key="C10B1/04" definition-exists="false" ipc-concordant="C10B1/04" c-set-base-allowed="false" c-set-subsequent-allowed="true" date-revised="2013-01-01" status="published"><classification-symbol>C10B1/04</classification-symbol><class-title date-revised="2013-01-01"><title-part><text>Vertical retorts</text></title-part></class-title></classification-item>
<classification-item breakdown-code="false" not-allocatable="false" level="9" additional-only="false" sort-key="C10B1/06" definition-exists="false" ipc-concordant="C10B1/06" c-set-base-allowed="false" c-set-subsequent-allowed="true" date-revised="2013-01-01" status="published"><classification-symbol>C10B1/06</classification-symbol><class-title date-revised="2013-01-01"><title-part><text>Horizontal retorts</text></title-part></class-title></classification-item>
<classification-item breakdown-code="false" not-allocatable="false" level="9" additional-only="false" sort-key="C10B1/08" definition-exists="false" ipc-concordant="C10B1/08" c-set-base-allowed="false" c-set-subsequent-allowed="true" date-revised="2013-01-01" status="published"><classification-symbol>C10B1/08</classification-symbol><class-title date-revised="2013-01-01"><title-part><text>Inclined retorts</text></title-part></class-title></classification-item></classification-item>
<classification-item breakdown-code="false" not-allocatable="false" level="8" additional-only="false" sort-key="C10B1/10" definition-exists="false" ipc-concordant="C10B1/10" c-set-base-allowed="false" c-set-subsequent-allowed="true" date-revised="2013-01-01" status="published"><classification-symbol>C10B1/10</classification-symbol><class-title date-revised="2013-01-01"><title-part><text>Rotary retorts</text></title-part></class-title></classification-item></classification-item>
<classification-item breakdown-code="false" not-allocatable="false" level="7" additional-only="false" sort-key="C10B3/00" definition-exists="false" ipc-concordant="C10B3/00" c-set-base-allowed="false" c-set-subsequent-allowed="true" date-revised="2013-01-01" status="published"><classification-symbol>C10B3/00</classification-symbol><class-title date-revised="2013-01-01"><title-part><text>Coke ovens with vertical chambers</text></title-part></class-title>
<classification-item breakdown-code="false" not-allocatable="false" level="8" additional-only="false" sort-key="C10B3/02" definition-exists="false" ipc-concordant="C10B3/02" c-set-base-allowed="false" c-set-subsequent-allowed="true" date-revised="2013-01-01" status="published"><classification-symbol>C10B3/02</classification-symbol><class-title date-revised="2013-01-01"><title-part><text>with heat-exchange devices</text></title-part></class-title></classification-item></classification-item>
<classification-item breakdown-code="false" not-allocatable="false" level="7" additional-only="false" sort-key="C10B5/00" definition-exists="false" ipc-concordant="C10B5/00" c-set-base-allowed="false" c-set-subsequent-allowed="true" date-revised="2013-01-01" status="published"><classification-symbol>C10B5/00</classification-symbol><class-title date-revised="2013-01-01"><title-part><text>Coke ovens with horizontal chambers</text></title-part></class-title>
<classification-item breakdown-code="false" not-allocatable="false" level="8" additional-only="false" sort-key="C10B5/02" definition-exists="false" ipc-concordant="C10B5/02" c-set-base-allowed="false" c-set-subsequent-allowed="true" date-revised="2013-01-01" status="published"><classification-symbol>C10B5/02</classification-symbol><class-title date-revised="2013-01-01"><title-part><text>with vertical heating flues</text></title-part></class-title>
<classification-item breakdown-code="false" not-allocatable="false" level="9" additional-only="false" sort-key="C10B5/04" definition-exists="false" ipc-concordant="C10B5/04" c-set-base-allowed="false" c-set-subsequent-allowed="true" date-revised="2013-01-01" status="published"><classification-symbol>C10B5/04</classification-symbol><class-title date-revised="2013-01-01"><title-part><text>with cross-over inter-connections</text></title-part></class-title></classification-item></classification-item>
<classification-item breakdown-code="false" not-allocatable="false" level="8" additional-only="false" sort-key="C10B5/06" definition-exists="false" ipc-concordant="C10B5/06" c-set-base-allowed="false" c-set-subsequent-allowed="true" date-revised="2013-01-01" status="published"><classification-symbol>C10B5/06</classification-symbol><class-title date-revised="2013-01-01"><title-part><text>with horizontal heating flues</text></title-part></class-title></classification-item>
<classification-item breakdown-code="false" not-allocatable="false" level="8" additional-only="false" sort-key="C10B5/08" definition-exists="false" ipc-concordant="C10B5/08" c-set-base-allowed="false" c-set-subsequent-allowed="true" date-revised="2013-01-01" status="published"><classification-symbol>C10B5/08</classification-symbol><class-title date-revised="2013-01-01"><title-part><text>with horizontal and vertical heating flues</text></title-part></class-title></classification-item>
<classification-item breakdown-code="false" not-allocatable="false" level="8" additional-only="false" sort-key="C10B5/10" definition-exists="false" ipc-concordant="C10B5/10" c-set-base-allowed="false" c-set-subsequent-allowed="true" date-revised="2013-01-01" status="published"><classification-symbol>C10B5/10</classification-symbol><class-title date-revised="2013-01-01"><title-part><text>with heat-exchange devices</text></title-part></class-title>
<classification-item breakdown-code="false" not-allocatable="false" level="9" additional-only="false" sort-key="C10B5/12" definition-exists="false" ipc-concordant="C10B5/12" c-set-base-allowed="false" c-set-subsequent-allowed="true" date-revised="2013-01-01" status="published"><classification-symbol>C10B5/12</classification-symbol><class-title date-revised="2013-01-01"><title-part><text>with regenerators</text></title-part></class-title>
<classification-item breakdown-code="false" not-allocatable="false" level="10" additional-only="false" sort-key="C10B5/14" definition-exists="false" ipc-concordant="C10B5/14" c-set-base-allowed="false" c-set-subsequent-allowed="true" date-revised="2013-01-01" status="published"><classification-symbol>C10B5/14</classification-symbol><class-title date-revised="2013-01-01"><title-part><text>situated in the longitudinal direction of the chambers</text></title-part></class-title>
<classification-item breakdown-code="false" not-allocatable="false" level="11" additional-only="false" sort-key="C10B5/16" definition-exists="false" ipc-concordant="C10B5/16" c-set-base-allowed="false" c-set-subsequent-allowed="true" date-revised="2013-01-01" status="published"><classification-symbol>C10B5/16</classification-symbol><class-title date-revised="2013-01-01"><title-part><text>with separated flues</text></title-part></class-title></classification-item></classification-item>
<classification-item breakdown-code="false" not-allocatable="false" level="10" additional-only="false" sort-key="C10B5/18" definition-exists="false" ipc-concordant="C10B5/18" c-set-base-allowed="false" c-set-subsequent-allowed="true" date-revised="2013-01-01" status="published"><classification-symbol>C10B5/18</classification-symbol><class-title date-revised="2013-01-01"><title-part><text>situated in the longitudinal direction of the oven battery</text></title-part></class-title></classification-item></classification-item>
<classification-item breakdown-code="false" not-allocatable="false" level="9" additional-only="false" sort-key="C10B5/20" definition-exists="false" ipc-concordant="C10B5/20" c-set-base-allowed="false" c-set-subsequent-allowed="true" date-revised="2013-01-01" status="published"><classification-symbol>C10B5/20</classification-symbol><class-title date-revised="2013-01-01"><title-part><text>with recuperators</text></title-part></class-title></classification-item></classification-item></classification-item>
<classification-item breakdown-code="false" not-allocatable="false" level="7" additional-only="false" sort-key="C10B7/00" definition-exists="false" ipc-concordant="C10B7/00" c-set-base-allowed="false" c-set-subsequent-allowed="true" date-revised="2013-01-01" status="published"><classification-symbol>C10B7/00</classification-symbol><class-title date-revised="2013-01-01"><title-part><text>Coke ovens with mechanical conveying means for the raw material inside the oven</text></title-part></class-title>
<classification-item breakdown-code="false" not-allocatable="false" level="8" additional-only="false" sort-key="C10B7/02" definition-exists="false" ipc-concordant="C10B7/02" c-set-base-allowed="false" c-set-subsequent-allowed="true" date-revised="2013-01-01" status="published"><classification-symbol>C10B7/02</classification-symbol><class-title date-revised="2013-01-01"><title-part><text>with rotary scraping devices</text></title-part></class-title></classification-item>
<classification-item breakdown-code="false" not-allocatable="false" level="8" additional-only="false" sort-key="C10B7/04" definition-exists="false" ipc-concordant="C10B7/04" c-set-base-allowed="false" c-set-subsequent-allowed="true" date-revised="2013-01-01" status="published"><classification-symbol>C10B7/04</classification-symbol><class-title date-revised="2013-01-01"><title-part><text>with shaking or vibrating devices</text></title-part></class-title></classification-item>
<classification-item breakdown-code="false" not-allocatable="false" level="8" additional-only="false" sort-key="C10B7/06" definition-exists="false" ipc-concordant="C10B7/06" c-set-base-allowed="false" c-set-subsequent-allowed="true" date-revised="2013-01-01" status="published"><classification-symbol>C10B7/06</classification-symbol><class-title date-revised="2013-01-01"><title-part><text>with endless conveying devices</text></title-part></class-title>
<classification-item breakdown-code="false" not-allocatable="false" level="9" additional-only="false" sort-key="C10B7/08" definition-exists="false" ipc-concordant="C10B7/08" c-set-base-allowed="false" c-set-subsequent-allowed="true" date-revised="2013-01-01" status="published"><classification-symbol>C10B7/08</classification-symbol><class-title date-revised="2013-01-01"><title-part><text>in vertical direction</text></title-part></class-title></classification-item></classification-item>
<classification-item breakdown-code="false" not-allocatable="false" level="8" additional-only="false" sort-key="C10B7/10" definition-exists="false" ipc-concordant="C10B7/10" c-set-base-allowed="false" c-set-subsequent-allowed="true" date-revised="2016-05-01" status="published"><classification-symbol>C10B7/10</classification-symbol><class-title date-revised="2016-05-01"><title-part><text>with conveyor-screws</text></title-part></class-title></classification-item>
<classification-item breakdown-code="false" not-allocatable="false" level="8" additional-only="false" sort-key="C10B7/12" definition-exists="false" ipc-concordant="C10B7/12" c-set-base-allowed="false" c-set-subsequent-allowed="true" date-revised="2013-01-01" status="published"><classification-symbol>C10B7/12</classification-symbol><class-title date-revised="2013-01-01"><title-part><text>with tilting or rocking means</text></title-part></class-title></classification-item>
<classification-item breakdown-code="false" not-allocatable="false" level="8" additional-only="false" sort-key="C10B7/14" definition-exists="false" ipc-concordant="C10B7/14" c-set-base-allowed="false" c-set-subsequent-allowed="true" date-revised="2013-01-01" status="published"><classification-symbol>C10B7/14</classification-symbol><class-title date-revised="2013-01-01"><title-part><text>with trucks, containers, or trays</text></title-part></class-title></classification-item></classification-item>
<classification-item breakdown-code="false" not-allocatable="false" level="7" additional-only="false" sort-key="C10B9/00" definition-exists="false" ipc-concordant="C10B9/00" c-set-base-allowed="false" c-set-subsequent-allowed="true" date-revised="2013-01-01" status="published"><classification-symbol>C10B9/00</classification-symbol><class-title date-revised="2013-01-01"><title-part><text>Beehive ovens</text></title-part></class-title></classification-item>
<classification-item breakdown-code="false" not-allocatable="false" level="7" additional-only="false" sort-key="C10B11/00" definition-exists="false" ipc-concordant="C10B11/00" c-set-base-allowed="false" c-set-subsequent-allowed="true" date-revised="2013-01-01" status="published"><classification-symbol>C10B11/00</classification-symbol><class-title date-revised="2013-01-01"><title-part><text>Coke ovens with inclined chambers</text></title-part></class-title></classification-item>
<classification-item breakdown-code="false" not-allocatable="false" level="7" additional-only="false" sort-key="C10B13/00" definition-exists="false" ipc-concordant="C10B13/00" c-set-base-allowed="false" c-set-subsequent-allowed="true" date-revised="2013-01-01" status="published"><classification-symbol>C10B13/00</classification-symbol><class-title date-revised="2013-01-01"><title-part><text>Coke ovens with means for bringing and keeping the charge under mechanical pressure</text></title-part></class-title></classification-item>
<classification-item breakdown-code="false" not-allocatable="false" level="7" additional-only="false" sort-key="C10B15/00" definition-exists="false" ipc-concordant="C10B15/00" c-set-base-allowed="false" c-set-subsequent-allowed="true" date-revised="2013-01-01" status="published"><classification-symbol>C10B15/00</classification-symbol><class-title date-revised="2013-01-01"><title-part><text>Other coke ovens</text></title-part></class-title>
<classification-item breakdown-code="false" not-allocatable="false" level="8" additional-only="false" sort-key="C10B15/02" definition-exists="true" ipc-concordant="C10B15/02" c-set-base-allowed="false" c-set-subsequent-allowed="true" date-revised="2013-01-01" status="published"><classification-symbol>C10B15/02</classification-symbol><class-title date-revised="2013-01-01"><title-part><text>with floor heating</text></title-part></class-title></classification-item></classification-item></classification-item>
<classification-item breakdown-code="false" not-allocatable="true" level="6" additional-only="false" sort-key="C10B17/00" date-revised="2013-01-01" status="published"><classification-symbol>C10B17/00</classification-symbol><class-title date-revised="2013-01-01"><title-part><text>Heating of coke ovens</text></title-part></class-title>
<classification-item breakdown-code="false" not-allocatable="false" level="7" additional-only="false" sort-key="C10B17/00" definition-exists="false" ipc-concordant="C10B17/00" c-set-base-allowed="false" c-set-subsequent-allowed="true" date-revised="2013-01-01" status="published"><classification-symbol>C10B17/00</classification-symbol><class-title date-revised="2013-01-01"><title-part><text>Preheating of coke ovens</text></title-part></class-title></classification-item>
<classification-item breakdown-code="false" not-allocatable="false" level="7" additional-only="false" sort-key="C10B19/00" definition-exists="true" ipc-concordant="C10B19/00" c-set-base-allowed="false" c-set-subsequent-allowed="true" date-revised="2013-01-01" status="published"><classification-symbol>C10B19/00</classification-symbol><class-title date-revised="2013-01-01"><title-part><text>Heating of coke ovens by electrical means</text></title-part></class-title></classification-item>
<classification-item breakdown-code="false" not-allocatable="false" level="7" additional-only="false" sort-key="C10B21/00" definition-exists="false" ipc-concordant="C10B21/00" c-set-base-allowed="false" c-set-subsequent-allowed="true" date-revised="2013-01-01" status="published"><classification-symbol>C10B21/00</classification-symbol><class-title date-revised="2013-01-01"><title-part><text>Heating of coke ovens with combustible gases</text></title-part></class-title>
<classification-item breakdown-code="false" not-allocatable="false" level="8" additional-only="false" sort-key="C10B21/02" definition-exists="false" ipc-concordant="C10B21/02" c-set-base-allowed="false" c-set-subsequent-allowed="true" date-revised="2013-01-01" status="published"><classification-symbol>C10B21/02</classification-symbol><class-title date-revised="2013-01-01"><title-part><text>with lean gas</text></title-part></class-title></classification-item>
<classification-item breakdown-code="false" not-allocatable="false" level="8" additional-only="false" sort-key="C10B21/04" definition-exists="false" ipc-concordant="C10B21/04" c-set-base-allowed="false" c-set-subsequent-allowed="true" date-revised="2013-01-01" status="published"><classification-symbol>C10B21/04</classification-symbol><class-title date-revised="2013-01-01"><title-part><text>with rich gas</text></title-part></class-title></classification-item>
<classification-item breakdown-code="false" not-allocatable="false" level="8" additional-only="false" sort-key="C10B21/06" definition-exists="false" ipc-concordant="C10B21/06" c-set-base-allowed="false" c-set-subsequent-allowed="true" date-revised="2013-01-01" status="published"><classification-symbol>C10B21/06</classification-symbol><class-title date-revised="2013-01-01"><title-part><text>in coke ovens suitable for the use of lean gas or rich gas</text></title-part></class-title></classification-item>
<classification-item breakdown-code="false" not-allocatable="false" level="8" additional-only="false" sort-key="C10B21/08" definition-exists="false" ipc-concordant="C10B21/08" c-set-base-allowed="false" c-set-subsequent-allowed="true" date-revised="2013-01-01" status="published"><classification-symbol>C10B21/08</classification-symbol><class-title date-revised="2013-01-01"><title-part><text>by applying special heating gases</text></title-part></class-title></classification-item>
<classification-item breakdown-code="false" not-allocatable="false" level="8" additional-only="false" sort-key="C10B21/10" definition-exists="false" ipc-concordant="C10B21/10" c-set-base-allowed="false" c-set-subsequent-allowed="true" date-revised="2013-01-01" status="published"><classification-symbol>C10B21/10</classification-symbol><class-title date-revised="2013-01-01"><title-part><text>Regulating and controlling the combustion</text></title-part></class-title>
<classification-item breakdown-code="false" not-allocatable="false" level="9" additional-only="false" sort-key="C10B21/12" definition-exists="false" ipc-concordant="C10B21/12" c-set-base-allowed="false" c-set-subsequent-allowed="true" date-revised="2013-01-01" status="published"><classification-symbol>C10B21/12</classification-symbol><class-title date-revised="2013-01-01"><title-part><text>Burners</text></title-part></class-title></classification-item>
<classification-item breakdown-code="false" not-allocatable="false" level="9" additional-only="false" sort-key="C10B21/14" definition-exists="false" ipc-concordant="C10B21/14" c-set-base-allowed="false" c-set-subsequent-allowed="true" date-revised="2013-01-01" status="published"><classification-symbol>C10B21/14</classification-symbol><class-title date-revised="2013-01-01"><title-part><text>Devices for reversing the draught</text></title-part></class-title></classification-item>
<classification-item breakdown-code="false" not-allocatable="false" level="9" additional-only="false" sort-key="C10B21/16" definition-exists="false" ipc-concordant="C10B21/16" c-set-base-allowed="false" c-set-subsequent-allowed="true" date-revised="2013-01-01" status="published"><classification-symbol>C10B21/16</classification-symbol><class-title date-revised="2013-01-01"><title-part><text>by controlling or varying the openings between the heating flues and the regenerator flues</text></title-part></class-title></classification-item>
<classification-item breakdown-code="false" not-allocatable="false" level="9" additional-only="false" sort-key="C10B21/18" definition-exists="false" ipc-concordant="C10B21/18" c-set-base-allowed="false" c-set-subsequent-allowed="true" date-revised="2013-01-01" status="published"><classification-symbol>C10B21/18</classification-symbol><class-title date-revised="2013-01-01"><title-part><text>Recirculating the flue gases</text></title-part></class-title></classification-item></classification-item>
<classification-item breakdown-code="false" not-allocatable="false" level="8" additional-only="false" sort-key="C10B21/20" definition-exists="false" ipc-concordant="C10B21/20" c-set-base-allowed="false" c-set-subsequent-allowed="true" date-revised="2013-01-01" status="published"><classification-symbol>C10B21/20</classification-symbol><class-title date-revised="2013-01-01"><title-part><text>Methods of heating ovens of the chamber oven type</text></title-part></class-title>
<classification-item breakdown-code="false" not-allocatable="false" level="9" additional-only="false" sort-key="C10B21/22" definition-exists="false" ipc-concordant="C10B21/22" c-set-base-allowed="false" c-set-subsequent-allowed="true" date-revised="2013-01-01" status="published"><classification-symbol>C10B21/22</classification-symbol><class-title date-revised="2013-01-01"><title-part><text>by introducing the heating gas and air at various levels</text></title-part></class-title>
<classification-item breakdown-code="false" not-allocatable="false" level="10" additional-only="false" sort-key="C10B21/24" definition-exists="false" ipc-concordant="C10B21/24" c-set-base-allowed="false" c-set-subsequent-allowed="true" date-revised="2013-01-01" status="published"><classification-symbol>C10B21/24</classification-symbol><class-title date-revised="2013-01-01"><title-part><text>at the top and the bottom of the vertical heating flues</text></title-part></class-title></classification-item></classification-item>
<classification-item breakdown-code="false" not-allocatable="false" level="9" additional-only="false" sort-key="C10B21/26" definition-exists="false" ipc-concordant="C10B21/26" c-set-base-allowed="false" c-set-subsequent-allowed="true" date-revised="2013-01-01" status="published"><classification-symbol>C10B21/26</classification-symbol><class-title date-revised="2013-01-01"><title-part><text>by introducing the heating gas and air at the top of the vertical flues only</text></title-part></class-title></classification-item></classification-item></classification-item>
<classification-item breakdown-code="false" not-allocatable="false" level="7" additional-only="false" sort-key="C10B23/00" definition-exists="true" ipc-concordant="C10B23/00" c-set-base-allowed="false" c-set-subsequent-allowed="true" date-revised="2013-01-01" status="published"><classification-symbol>C10B23/00</classification-symbol><class-title date-revised="2013-01-01"><title-part><text>Other methods of heating coke ovens</text></title-part></class-title></classification-item>
<classification-item breakdown-code="false" not-allocatable="false" level="7" additional-only="false" sort-key="C10B25/00" definition-exists="true" ipc-concordant="C10B25/00" c-set-base-allowed="false" c-set-subsequent-allowed="true" date-revised="2013-01-01" status="published"><classification-symbol>C10B25/00</classification-symbol><class-title date-revised="2013-01-01"><title-part><text>Doors or closures for coke ovens</text></title-part></class-title>
<classification-item breakdown-code="false" not-allocatable="false" level="8" additional-only="false" sort-key="C10B25/02" definition-exists="false" ipc-concordant="C10B25/02" c-set-base-allowed="false" c-set-subsequent-allowed="true" date-revised="2013-01-01" status="published"><classification-symbol>C10B25/02</classification-symbol><class-title date-revised="2013-01-01"><title-part><text>Doors</text></title-part><title-part><text>Door frames</text></title-part></class-title>
<classification-item breakdown-code="false" not-allocatable="false" level="9" additional-only="false" sort-key="C10B25/04" definition-exists="false" ipc-concordant="C10B25/04" c-set-base-allowed="false" c-set-subsequent-allowed="true" date-revised="2013-01-01" status="published"><classification-symbol>C10B25/04</classification-symbol><class-title date-revised="2013-01-01"><title-part><text>for ovens with vertical chambers</text></title-part></class-title></classification-item>
<classification-item breakdown-code="false" not-allocatable="false" level="9" additional-only="false" sort-key="C10B25/06" definition-exists="false" ipc-concordant="C10B25/06" c-set-base-allowed="false" c-set-subsequent-allowed="true" date-revised="2013-01-01" status="published"><classification-symbol>C10B25/06</classification-symbol><class-title date-revised="2013-01-01"><title-part><text>for ovens with horizontal chambers</text></title-part></class-title></classification-item>
<classification-item breakdown-code="false" not-allocatable="false" level="9" additional-only="false" sort-key="C10B25/08" definition-exists="false" ipc-concordant="C10B25/08" c-set-base-allowed="false" c-set-subsequent-allowed="true" date-revised="2013-01-01" status="published"><classification-symbol>C10B25/08</classification-symbol><class-title date-revised="2013-01-01"><title-part><text>Closing and opening the doors</text></title-part></class-title>
<classification-item breakdown-code="false" not-allocatable="false" level="10" additional-only="false" sort-key="C10B25/10" definition-exists="false" ipc-concordant="C10B25/10" c-set-base-allowed="false" c-set-subsequent-allowed="true" date-revised="2013-01-01" status="published"><classification-symbol>C10B25/10</classification-symbol><class-title date-revised="2013-01-01"><title-part><text>for ovens with vertical chambers</text></title-part></class-title></classification-item>
<classification-item breakdown-code="false" not-allocatable="false" level="10" additional-only="false" sort-key="C10B25/12" definition-exists="false" ipc-concordant="C10B25/12" c-set-base-allowed="false" c-set-subsequent-allowed="true" date-revised="2013-01-01" status="published"><classification-symbol>C10B25/12</classification-symbol><class-title date-revised="2013-01-01"><title-part><text>for ovens with horizontal chambers</text></title-part></class-title></classification-item>
<classification-item breakdown-code="false" not-allocatable="false" level="10" additional-only="false" sort-key="C10B25/14" definition-exists="false" ipc-concordant="C10B25/14" c-set-base-allowed="false" c-set-subsequent-allowed="true" date-revised="2013-01-01" status="published"><classification-symbol>C10B25/14</classification-symbol><class-title date-revised="2013-01-01"><title-part><text>Devices for lifting doors</text></title-part></class-title></classification-item></classification-item>
<classification-item breakdown-code="false" not-allocatable="false" level="9" additional-only="false" sort-key="C10B25/16" definition-exists="false" ipc-concordant="C10B25/16" c-set-base-allowed="false" c-set-subsequent-allowed="true" date-revised="2013-01-01" status="published"><classification-symbol>C10B25/16</classification-symbol><class-title date-revised="2013-01-01"><title-part><text>Sealing</text></title-part><title-part><text>Means for sealing</text></title-part></class-title></classification-item>
<classification-item breakdown-code="false" not-allocatable="false" level="9" additional-only="false" sort-key="C10B25/18" definition-exists="false" ipc-concordant="C10B25/18" c-set-base-allowed="false" c-set-subsequent-allowed="true" date-revised="2013-01-01" status="published"><classification-symbol>C10B25/18</classification-symbol><class-title date-revised="2013-01-01"><title-part><text>Cooling</text></title-part></class-title></classification-item></classification-item>
<classification-item breakdown-code="false" not-allocatable="false" level="8" additional-only="false" sort-key="C10B25/20" definition-exists="false" ipc-concordant="C10B25/20" c-set-base-allowed="false" c-set-subsequent-allowed="true" date-revised="2013-01-01" status="published"><classification-symbol>C10B25/20</classification-symbol><class-title date-revised="2013-01-01"><title-part><text>Lids or closures for charging holes</text></title-part></class-title>
<classification-item breakdown-code="false" not-allocatable="false" level="9" additional-only="false" sort-key="C10B25/22" definition-exists="false" ipc-concordant="C10B25/22" c-set-base-allowed="false" c-set-subsequent-allowed="true" date-revised="2013-01-01" status="published"><classification-symbol>C10B25/22</classification-symbol><class-title date-revised="2013-01-01"><title-part><text>for ovens with vertical chambers</text></title-part></class-title></classification-item>
<classification-item breakdown-code="false" not-allocatable="false" level="9" additional-only="false" sort-key="C10B25/24" definition-exists="false" ipc-concordant="C10B25/24" c-set-base-allowed="false" c-set-subsequent-allowed="true" date-revised="2013-01-01" status="published"><classification-symbol>C10B25/24</classification-symbol><class-title date-revised="2013-01-01"><title-part><text>for ovens with horizontal chambers</text></title-part></class-title></classification-item></classification-item></classification-item>
<classification-item breakdown-code="false" not-allocatable="false" level="7" additional-only="false" sort-key="C10B27/00" definition-exists="false" ipc-concordant="C10B27/00" c-set-base-allowed="false" c-set-subsequent-allowed="true" date-revised="2013-01-01" status="published"><classification-symbol>C10B27/00</classification-symbol><class-title date-revised="2013-01-01"><title-part><text>Arrangements for withdrawal of the distillation gases</text></title-part></class-title>
<classification-item breakdown-code="false" not-allocatable="false" level="8" additional-only="false" sort-key="C10B27/02" definition-exists="false" ipc-concordant="C10B27/02" c-set-base-allowed="false" c-set-subsequent-allowed="true" date-revised="2013-01-01" status="published"><classification-symbol>C10B27/02</classification-symbol><class-title date-revised="2013-01-01"><title-part><text>with outlets arranged at different levels in the chamber</text></title-part></class-title></classification-item>
<classification-item breakdown-code="false" not-allocatable="false" level="8" additional-only="false" sort-key="C10B27/04" definition-exists="false" ipc-concordant="C10B27/04" c-set-base-allowed="false" c-set-subsequent-allowed="true" date-revised="2013-01-01" status="published"><classification-symbol>C10B27/04</classification-symbol><class-title date-revised="2013-01-01"><title-part><text>during the charging operation of the oven</text></title-part></class-title></classification-item>
<classification-item breakdown-code="false" not-allocatable="false" level="8" additional-only="false" sort-key="C10B27/06" definition-exists="false" ipc-concordant="C10B27/06" c-set-base-allowed="false" c-set-subsequent-allowed="true" date-revised="2013-01-01" status="published"><classification-symbol>C10B27/06</classification-symbol><class-title date-revised="2013-01-01"><title-part><text>Conduit details, e.g. valves</text></title-part></class-title></classification-item></classification-item>
<classification-item breakdown-code="false" not-allocatable="false" level="7" additional-only="false" sort-key="C10B29/00" definition-exists="false" ipc-concordant="C10B29/00" c-set-base-allowed="false" c-set-subsequent-allowed="true" date-revised="2013-01-01" status="published"><classification-symbol>C10B29/00</classification-symbol><class-title date-revised="2013-01-01"><title-part><text>Other details of coke ovens</text></title-part></class-title>
<classification-item breakdown-code="false" not-allocatable="false" level="8" additional-only="false" sort-key="C10B29/02" definition-exists="false" ipc-concordant="C10B29/02" c-set-base-allowed="false" c-set-subsequent-allowed="true" date-revised="2013-01-01" status="published"><classification-symbol>C10B29/02</classification-symbol><class-title date-revised="2013-01-01"><title-part><text>Brickwork, e.g. casings, linings, walls</text></title-part></class-title></classification-item>
<classification-item breakdown-code="false" not-allocatable="false" level="8" additional-only="false" sort-key="C10B29/04" definition-exists="false" ipc-concordant="C10B29/04" c-set-base-allowed="false" c-set-subsequent-allowed="true" date-revised="2013-01-01" status="published"><classification-symbol>C10B29/04</classification-symbol><class-title date-revised="2013-01-01"><title-part><text>Controlling or preventing expansion or contraction</text></title-part></class-title></classification-item>
<classification-item breakdown-code="false" not-allocatable="false" level="8" additional-only="false" sort-key="C10B29/06" definition-exists="false" ipc-concordant="C10B29/06" c-set-base-allowed="false" c-set-subsequent-allowed="true" date-revised="2013-01-01" status="published"><classification-symbol>C10B29/06</classification-symbol><class-title date-revised="2013-01-01"><title-part><text>Preventing or repairing leakages of the brickwork</text></title-part></class-title></classification-item>
<classification-item breakdown-code="false" not-allocatable="false" level="8" additional-only="false" sort-key="C10B29/08" definition-exists="false" ipc-concordant="C10B29/08" c-set-base-allowed="false" c-set-subsequent-allowed="true" date-revised="2013-01-01" status="published"><classification-symbol>C10B29/08</classification-symbol><class-title date-revised="2013-01-01"><title-part><text>Bracing or foundation of the ovens</text></title-part></class-title></classification-item></classification-item></classification-item>
<classification-item breakdown-code="false" not-allocatable="true" level="6" additional-only="false" sort-key="C10B31/00" date-revised="2013-01-01" status="published"><classification-symbol>C10B31/00</classification-symbol><class-title date-revised="2013-01-01"><title-part><text>Devices for charging and discharging coke ovens</text></title-part><title-part><text>Mechanical treatments of coal charges</text></title-part></class-title>
<classification-item breakdown-code="false" not-allocatable="false" level="7" additional-only="false" sort-key="C10B31/00" definition-exists="false" ipc-concordant="C10B31/00" c-set-base-allowed="false" c-set-subsequent-allowed="true" date-revised="2013-01-01" status="published"><classification-symbol>C10B31/00</classification-symbol><class-title date-revised="2013-01-01"><title-part><text>Charging devices</text></title-part></class-title>
<classification-item breakdown-code="false" not-allocatable="false" level="8" additional-only="false" sort-key="C10B31/02" definition-exists="false" ipc-concordant="C10B31/02" c-set-base-allowed="false" c-set-subsequent-allowed="true" date-revised="2013-01-01" status="published"><classification-symbol>C10B31/02</classification-symbol><class-title date-revised="2013-01-01"><title-part><text>for charging vertically</text></title-part></class-title>
<classification-item breakdown-code="false" not-allocatable="false" level="9" additional-only="false" sort-key="C10B31/04" definition-exists="false" ipc-concordant="C10B31/04" c-set-base-allowed="false" c-set-subsequent-allowed="true" date-revised="2013-01-01" status="published"><classification-symbol>C10B31/04</classification-symbol><class-title date-revised="2013-01-01"><title-part><text>coke ovens with horizontal chambers</text></title-part></class-title></classification-item></classification-item>
<classification-item breakdown-code="false" not-allocatable="false" level="8" additional-only="false" sort-key="C10B31/06" definition-exists="false" ipc-concordant="C10B31/06" c-set-base-allowed="false" c-set-subsequent-allowed="true" date-revised="2013-01-01" status="published"><classification-symbol>C10B31/06</classification-symbol><class-title date-revised="2013-01-01"><title-part><text>for charging horizontally</text></title-part></class-title>
<classification-item breakdown-code="false" not-allocatable="false" level="9" additional-only="false" sort-key="C10B31/08" definition-exists="false" ipc-concordant="C10B31/08" c-set-base-allowed="false" c-set-subsequent-allowed="true" date-revised="2013-01-01" status="published"><classification-symbol>C10B31/08</classification-symbol><class-title date-revised="2013-01-01"><title-part><text>coke ovens with horizontal chambers</text></title-part></class-title>
<classification-item breakdown-code="false" not-allocatable="false" level="10" additional-only="false" sort-key="C10B31/10" definition-exists="false" ipc-concordant="C10B31/10" c-set-base-allowed="false" c-set-subsequent-allowed="true" date-revised="2013-01-01" status="published"><classification-symbol>C10B31/10</classification-symbol><class-title date-revised="2013-01-01"><title-part><text>with one compact charge</text></title-part></class-title></classification-item></classification-item></classification-item>
<classification-item breakdown-code="false" not-allocatable="false" level="8" additional-only="false" sort-key="C10B31/12" definition-exists="false" ipc-concordant="C10B31/12" c-set-base-allowed="false" c-set-subsequent-allowed="true" date-revised="2013-01-01" status="published"><classification-symbol>C10B31/12</classification-symbol><class-title date-revised="2013-01-01"><title-part><text>for liquid materials</text></title-part></class-title></classification-item></classification-item>
<classification-item breakdown-code="false" not-allocatable="false" level="7" additional-only="false" sort-key="C10B33/00" definition-exists="false" ipc-concordant="C10B33/00" c-set-base-allowed="false" c-set-subsequent-allowed="true" date-revised="2013-01-01" status="published"><classification-symbol>C10B33/00</classification-symbol><class-title date-revised="2013-01-01"><title-part><text>Discharging devices</text></title-part><title-part><text>Coke guides</text></title-part></class-title>
<classification-item breakdown-code="false" not-allocatable="false" level="8" additional-only="false" sort-key="C10B33/003" definition-exists="false" ipc-concordant="C10B33/00" c-set-base-allowed="false" c-set-subsequent-allowed="true" date-revised="2013-01-01" status="published"><classification-symbol>C10B33/003</classification-symbol><class-title date-revised="2013-01-01"><title-part><CPC-specific-text><text>Arrangements for pollution-free discharge</text></CPC-specific-text></title-part></class-title></classification-item>
<classification-item breakdown-code="false" not-allocatable="false" level="8" additional-only="false" sort-key="C10B33/006" definition-exists="false" ipc-concordant="C10B33/00" c-set-base-allowed="false" c-set-subsequent-allowed="true" date-revised="2013-01-01" status="published"><classification-symbol>C10B33/006</classification-symbol><class-title date-revised="2013-01-01"><title-part><CPC-specific-text><text>Decoking tools, e.g. hydraulic coke removing tools with boring or cutting nozzles</text></CPC-specific-text></title-part></class-title></classification-item>
<classification-item breakdown-code="false" not-allocatable="false" level="8" additional-only="false" sort-key="C10B33/02" definition-exists="false" ipc-concordant="C10B33/02" c-set-base-allowed="false" c-set-subsequent-allowed="true" date-revised="2013-01-01" status="published"><classification-symbol>C10B33/02</classification-symbol><class-title date-revised="2013-01-01"><title-part><text>Extracting coke with built-in devices, e.g. gears, screws</text></title-part></class-title></classification-item>
<classification-item breakdown-code="false" not-allocatable="false" level="8" additional-only="false" sort-key="C10B33/04" definition-exists="false" ipc-concordant="C10B33/04" c-set-base-allowed="false" c-set-subsequent-allowed="true" date-revised="2013-01-01" status="published"><classification-symbol>C10B33/04</classification-symbol><class-title date-revised="2013-01-01"><title-part><text>Pulling-out devices</text></title-part></class-title>
<classification-item breakdown-code="false" not-allocatable="false" level="9" additional-only="false" sort-key="C10B33/06" definition-exists="false" ipc-concordant="C10B33/06" c-set-base-allowed="false" c-set-subsequent-allowed="true" date-revised="2013-01-01" status="published"><classification-symbol>C10B33/06</classification-symbol><class-title date-revised="2013-01-01"><title-part><text>for horizontal chambers</text></title-part></class-title></classification-item></classification-item>
<classification-item breakdown-code="false" not-allocatable="false" level="8" additional-only="false" sort-key="C10B33/08" definition-exists="false" ipc-concordant="C10B33/08" c-set-base-allowed="false" c-set-subsequent-allowed="true" date-revised="2013-01-01" status="published"><classification-symbol>C10B33/08</classification-symbol><class-title date-revised="2013-01-01"><title-part><text>Pushers, e.g. rams</text></title-part></class-title>
<classification-item breakdown-code="false" not-allocatable="false" level="9" additional-only="false" sort-key="C10B33/10" definition-exists="false" ipc-concordant="C10B33/10" c-set-base-allowed="false" c-set-subsequent-allowed="true" date-revised="2013-01-01" status="published"><classification-symbol>C10B33/10</classification-symbol><class-title date-revised="2013-01-01"><title-part><text>for horizontal chambers</text></title-part></class-title></classification-item></classification-item>
<classification-item breakdown-code="false" not-allocatable="false" level="8" additional-only="false" sort-key="C10B33/12" definition-exists="false" ipc-concordant="C10B33/12" c-set-base-allowed="false" c-set-subsequent-allowed="true" date-revised="2013-01-01" status="published"><classification-symbol>C10B33/12</classification-symbol><class-title date-revised="2013-01-01"><title-part><text>Discharge valves</text></title-part></class-title></classification-item>
<classification-item breakdown-code="false" not-allocatable="false" level="8" additional-only="false" sort-key="C10B33/14" definition-exists="false" ipc-concordant="C10B33/14" c-set-base-allowed="false" c-set-subsequent-allowed="true" date-revised="2013-01-01" status="published"><classification-symbol>C10B33/14</classification-symbol><class-title date-revised="2013-01-01"><title-part><text>Coke guides</text></title-part></class-title></classification-item></classification-item>
<classification-item breakdown-code="false" not-allocatable="false" level="7" additional-only="false" sort-key="C10B35/00" definition-exists="false" ipc-concordant="C10B35/00" c-set-base-allowed="false" c-set-subsequent-allowed="true" date-revised="2013-01-01" status="published"><classification-symbol>C10B35/00</classification-symbol><class-title date-revised="2013-01-01"><title-part><text>Combined charging and discharging devices</text></title-part></class-title></classification-item>
<classification-item breakdown-code="false" not-allocatable="false" level="7" additional-only="false" sort-key="C10B37/00" definition-exists="false" ipc-concordant="C10B37/00" c-set-base-allowed="false" c-set-subsequent-allowed="true" date-revised="2013-01-01" status="published"><classification-symbol>C10B37/00</classification-symbol><class-title date-revised="2013-01-01"><title-part><text>Mechanical treatments of coal charges in the oven</text></title-part></class-title>
<classification-item breakdown-code="false" not-allocatable="false" level="8" additional-only="false" sort-key="C10B37/02" definition-exists="false" ipc-concordant="C10B37/02" c-set-base-allowed="false" c-set-subsequent-allowed="true" date-revised="2013-01-01" status="published"><classification-symbol>C10B37/02</classification-symbol><class-title date-revised="2013-01-01"><title-part><text>Levelling charges, e.g. with bars</text></title-part></class-title></classification-item>
<classification-item breakdown-code="false" not-allocatable="false" level="8" additional-only="false" sort-key="C10B37/04" definition-exists="true" ipc-concordant="C10B37/04" c-set-base-allowed="false" c-set-subsequent-allowed="true" date-revised="2013-01-01" status="published"><classification-symbol>C10B37/04</classification-symbol><class-title date-revised="2013-01-01"><title-part><text>Compressing charges </text><reference><text>during coking <class-ref scheme="cpc">C10B47/12</class-ref></text></reference></title-part></class-title></classification-item>
<classification-item breakdown-code="false" not-allocatable="false" level="8" additional-only="false" sort-key="C10B37/06" definition-exists="false" ipc-concordant="C10B37/06" c-set-base-allowed="false" c-set-subsequent-allowed="true" date-revised="2013-01-01" status="published"><classification-symbol>C10B37/06</classification-symbol><class-title date-revised="2013-01-01"><title-part><text>Forming holes in charges</text></title-part></class-title></classification-item></classification-item>
<classification-item breakdown-code="false" not-allocatable="false" level="7" additional-only="false" sort-key="C10B39/00" definition-exists="false" ipc-concordant="C10B39/00" c-set-base-allowed="false" c-set-subsequent-allowed="true" date-revised="2013-01-01" status="published"><classification-symbol>C10B39/00</classification-symbol><class-title date-revised="2013-01-01"><title-part><text>Cooling or quenching coke</text></title-part></class-title>
<classification-item breakdown-code="false" not-allocatable="false" level="8" additional-only="false" sort-key="C10B39/02" definition-exists="false" ipc-concordant="C10B39/02" c-set-base-allowed="false" c-set-subsequent-allowed="true" date-revised="2013-01-01" status="published"><classification-symbol>C10B39/02</classification-symbol><class-title date-revised="2013-01-01"><title-part><text>Dry cooling outside the oven</text></title-part></class-title></classification-item>
<classification-item breakdown-code="false" not-allocatable="false" level="8" additional-only="false" sort-key="C10B39/04" definition-exists="false" ipc-concordant="C10B39/04" c-set-base-allowed="false" c-set-subsequent-allowed="true" date-revised="2013-01-01" status="published"><classification-symbol>C10B39/04</classification-symbol><class-title date-revised="2013-01-01"><title-part><text>Wet quenching</text></title-part></class-title>
<classification-item breakdown-code="false" not-allocatable="false" level="9" additional-only="false" sort-key="C10B39/06" definition-exists="false" ipc-concordant="C10B39/06" c-set-base-allowed="false" c-set-subsequent-allowed="true" date-revised="2013-01-01" status="published"><classification-symbol>C10B39/06</classification-symbol><class-title date-revised="2013-01-01"><title-part><text>in the oven</text></title-part></class-title></classification-item>
<classification-item breakdown-code="false" not-allocatable="false" level="9" additional-only="false" sort-key="C10B39/08" definition-exists="false" ipc-concordant="C10B39/08" c-set-base-allowed="false" c-set-subsequent-allowed="true" date-revised="2013-01-01" status="published"><classification-symbol>C10B39/08</classification-symbol><class-title date-revised="2013-01-01"><title-part><text>Coke-quenching towers</text></title-part></class-title></classification-item></classification-item>
<classification-item breakdown-code="false" not-allocatable="false" level="8" additional-only="false" sort-key="C10B39/10" definition-exists="false" ipc-concordant="C10B39/10" c-set-base-allowed="false" c-set-subsequent-allowed="true" date-revised="2013-01-01" status="published"><classification-symbol>C10B39/10</classification-symbol><class-title date-revised="2013-01-01"><title-part><text>combined with agitating means, e.g. rotating tables or drums</text></title-part></class-title></classification-item>
<classification-item breakdown-code="false" not-allocatable="false" level="8" additional-only="false" sort-key="C10B39/12" definition-exists="false" ipc-concordant="C10B39/12" c-set-base-allowed="false" c-set-subsequent-allowed="true" date-revised="2013-01-01" status="published"><classification-symbol>C10B39/12</classification-symbol><class-title date-revised="2013-01-01"><title-part><text>combined with conveying means</text></title-part></class-title></classification-item>
<classification-item breakdown-code="false" not-allocatable="false" level="8" additional-only="false" sort-key="C10B39/14" definition-exists="false" ipc-concordant="C10B39/14" c-set-base-allowed="false" c-set-subsequent-allowed="true" date-revised="2013-01-01" status="published"><classification-symbol>C10B39/14</classification-symbol><class-title date-revised="2013-01-01"><title-part><text>Cars</text></title-part></class-title></classification-item>
<classification-item breakdown-code="false" not-allocatable="false" level="8" additional-only="false" sort-key="C10B39/16" definition-exists="false" ipc-concordant="C10B39/16" c-set-base-allowed="false" c-set-subsequent-allowed="true" date-revised="2013-01-01" status="published"><classification-symbol>C10B39/16</classification-symbol><class-title date-revised="2013-01-01"><title-part><text>combined with sorting</text></title-part></class-title></classification-item>
<classification-item breakdown-code="false" not-allocatable="false" level="8" additional-only="false" sort-key="C10B39/18" definition-exists="false" ipc-concordant="C10B39/18" c-set-base-allowed="false" c-set-subsequent-allowed="true" date-revised="2013-01-01" status="published"><classification-symbol>C10B39/18</classification-symbol><class-title date-revised="2013-01-01"><title-part><text>Coke ramps</text></title-part></class-title></classification-item></classification-item>
<classification-item breakdown-code="false" not-allocatable="false" level="7" additional-only="false" sort-key="C10B41/00" definition-exists="false" ipc-concordant="C10B41/00" c-set-base-allowed="false" c-set-subsequent-allowed="true" date-revised="2013-01-01" status="published"><classification-symbol>C10B41/00</classification-symbol><class-title date-revised="2013-01-01"><title-part><text>Safety devices, e.g. signalling or controlling devices for use in the discharge of coke</text></title-part></class-title>
<classification-item breakdown-code="false" not-allocatable="false" level="8" additional-only="false" sort-key="C10B41/005" definition-exists="false" ipc-concordant="C10B41/00" c-set-base-allowed="false" c-set-subsequent-allowed="true" date-revised="2013-01-01" status="published"><classification-symbol>C10B41/005</classification-symbol><class-title date-revised="2013-01-01"><title-part><CPC-specific-text><text>for charging coal</text></CPC-specific-text></title-part></class-title></classification-item>
<classification-item breakdown-code="false" not-allocatable="false" level="8" additional-only="false" sort-key="C10B41/02" definition-exists="false" ipc-concordant="C10B41/02" c-set-base-allowed="false" c-set-subsequent-allowed="true" date-revised="2013-01-01" status="published"><classification-symbol>C10B41/02</classification-symbol><class-title date-revised="2013-01-01"><title-part><text>for discharging coke</text></title-part></class-title>
<classification-item breakdown-code="false" not-allocatable="false" level="9" additional-only="false" sort-key="C10B41/04" definition-exists="false" ipc-concordant="C10B41/04" c-set-base-allowed="false" c-set-subsequent-allowed="true" date-revised="2013-01-01" status="published"><classification-symbol>C10B41/04</classification-symbol><class-title date-revised="2013-01-01"><title-part><text>by electrical means</text></title-part></class-title></classification-item>
<classification-item breakdown-code="false" not-allocatable="false" level="9" additional-only="false" sort-key="C10B41/06" definition-exists="false" ipc-concordant="C10B41/06" c-set-base-allowed="false" c-set-subsequent-allowed="true" date-revised="2013-01-01" status="published"><classification-symbol>C10B41/06</classification-symbol><class-title date-revised="2013-01-01"><title-part><text>by pneumatic or hydraulic means</text></title-part></class-title></classification-item></classification-item>
<classification-item breakdown-code="false" not-allocatable="false" level="8" additional-only="false" sort-key="C10B41/08" definition-exists="false" ipc-concordant="C10B41/08" c-set-base-allowed="false" c-set-subsequent-allowed="true" date-revised="2013-01-01" status="published"><classification-symbol>C10B41/08</classification-symbol><class-title date-revised="2013-01-01"><title-part><text>for the withdrawal of the distillation gases</text></title-part></class-title></classification-item></classification-item>
<classification-item breakdown-code="false" not-allocatable="false" level="7" additional-only="false" sort-key="C10B43/00" definition-exists="false" ipc-concordant="C10B43/00" c-set-base-allowed="false" c-set-subsequent-allowed="true" date-revised="2013-01-01" status="published"><classification-symbol>C10B43/00</classification-symbol><class-title date-revised="2013-01-01"><title-part><text>Preventing or removing incrustations</text></title-part></class-title>
<classification-item breakdown-code="false" not-allocatable="false" level="8" additional-only="false" sort-key="C10B43/02" definition-exists="false" ipc-concordant="C10B43/02" c-set-base-allowed="false" c-set-subsequent-allowed="true" date-revised="2013-01-01" status="published"><classification-symbol>C10B43/02</classification-symbol><class-title date-revised="2013-01-01"><title-part><text>Removing incrustations</text></title-part></class-title>
<classification-item breakdown-code="false" not-allocatable="false" level="9" additional-only="false" sort-key="C10B43/04" definition-exists="false" ipc-concordant="C10B43/04" c-set-base-allowed="false" c-set-subsequent-allowed="true" date-revised="2013-01-01" status="published"><classification-symbol>C10B43/04</classification-symbol><class-title date-revised="2013-01-01"><title-part><text>by mechanical means</text></title-part></class-title>
<classification-item breakdown-code="false" not-allocatable="false" level="10" additional-only="false" sort-key="C10B43/06" definition-exists="false" ipc-concordant="C10B43/06" c-set-base-allowed="false" c-set-subsequent-allowed="true" date-revised="2013-01-01" status="published"><classification-symbol>C10B43/06</classification-symbol><class-title date-revised="2013-01-01"><title-part><text>from conduits, valves or the like</text></title-part></class-title></classification-item></classification-item>
<classification-item breakdown-code="false" not-allocatable="false" level="9" additional-only="false" sort-key="C10B43/08" definition-exists="false" ipc-concordant="C10B43/08" c-set-base-allowed="false" c-set-subsequent-allowed="true" date-revised="2013-01-01" status="published"><classification-symbol>C10B43/08</classification-symbol><class-title date-revised="2013-01-01"><title-part><text>with liquids</text></title-part></class-title></classification-item>
<classification-item breakdown-code="false" not-allocatable="false" level="9" additional-only="false" sort-key="C10B43/10" definition-exists="false" ipc-concordant="C10B43/10" c-set-base-allowed="false" c-set-subsequent-allowed="true" date-revised="2013-01-01" status="published"><classification-symbol>C10B43/10</classification-symbol><class-title date-revised="2013-01-01"><title-part><text>by burning out</text></title-part></class-title>
<classification-item breakdown-code="false" not-allocatable="false" level="10" additional-only="false" sort-key="C10B43/12" definition-exists="false" ipc-concordant="C10B43/12" c-set-base-allowed="false" c-set-subsequent-allowed="true" date-revised="2013-01-01" status="published"><classification-symbol>C10B43/12</classification-symbol><class-title date-revised="2013-01-01"><title-part><text>Burners</text></title-part></class-title></classification-item></classification-item></classification-item>
<classification-item breakdown-code="false" not-allocatable="false" level="8" additional-only="false" sort-key="C10B43/14" definition-exists="false" ipc-concordant="C10B43/14" c-set-base-allowed="false" c-set-subsequent-allowed="true" date-revised="2013-01-01" status="published"><classification-symbol>C10B43/14</classification-symbol><class-title date-revised="2013-01-01"><title-part><text>Preventing incrustations</text></title-part></class-title></classification-item></classification-item>
<classification-item breakdown-code="false" not-allocatable="false" level="7" additional-only="false" sort-key="C10B45/00" definition-exists="true" ipc-concordant="C10B45/00" c-set-base-allowed="false" c-set-subsequent-allowed="true" date-revised="2013-01-01" status="published"><classification-symbol>C10B45/00</classification-symbol><class-title date-revised="2013-01-01"><title-part><text>Other details</text></title-part></class-title>
<classification-item breakdown-code="false" not-allocatable="false" level="8" additional-only="false" sort-key="C10B45/005" definition-exists="false" ipc-concordant="C10B45/00" c-set-base-allowed="false" c-set-subsequent-allowed="true" date-revised="2013-01-01" status="published"><classification-symbol>C10B45/005</classification-symbol><class-title date-revised="2013-01-01"><title-part><CPC-specific-text><text>Devices for recovering spilled coke, e.g. recovering the coke falling out the oven when opening doors or withdrawing the leveler bar</text></CPC-specific-text></title-part></class-title></classification-item>
<classification-item breakdown-code="false" not-allocatable="false" level="8" additional-only="false" sort-key="C10B45/02" definition-exists="true" ipc-concordant="C10B45/02" c-set-base-allowed="false" c-set-subsequent-allowed="true" date-revised="2013-01-01" status="published"><classification-symbol>C10B45/02</classification-symbol><class-title date-revised="2013-01-01"><title-part><text>Devices for producing compact unified coal charges outside the oven </text><reference><text>briquetting presses <class-ref scheme="cpc">B30B</class-ref></text></reference></title-part></class-title></classification-item></classification-item></classification-item>
<classification-item breakdown-code="false" not-allocatable="true" level="6" additional-only="false" sort-key="C10B47/00" date-revised="2013-01-01" status="published"><classification-symbol>C10B47/00</classification-symbol><class-title date-revised="2013-01-01"><title-part><text>Carbonising or coking processes</text></title-part></class-title>
<classification-item breakdown-code="false" not-allocatable="false" level="7" additional-only="false" sort-key="C10B47/00" definition-exists="false" ipc-concordant="C10B47/00" c-set-base-allowed="false" c-set-subsequent-allowed="true" date-revised="2017-08-01" status="published"><classification-symbol>C10B47/00</classification-symbol><class-title date-revised="2017-08-01"><title-part><text>Destructive distillation of solid carbonaceous materials with indirect heating, e.g. by external combustion</text></title-part></class-title>
<classification-item breakdown-code="false" not-allocatable="false" level="8" additional-only="false" sort-key="C10B47/02" definition-exists="false" ipc-concordant="C10B47/02" c-set-base-allowed="false" c-set-subsequent-allowed="true" date-revised="2013-01-01" status="published"><classification-symbol>C10B47/02</classification-symbol><class-title date-revised="2013-01-01"><title-part><text>with stationary charge</text></title-part></class-title>
<classification-item breakdown-code="false" not-allocatable="false" level="9" additional-only="false" sort-key="C10B47/04" definition-exists="false" ipc-concordant="C10B47/04" c-set-base-allowed="false" c-set-subsequent-allowed="true" date-revised="2013-01-01" status="published"><classification-symbol>C10B47/04</classification-symbol><class-title date-revised="2013-01-01"><title-part><text>in shaft furnaces</text></title-part></class-title></classification-item>
<classification-item breakdown-code="false" not-allocatable="false" level="9" additional-only="false" sort-key="C10B47/06" definition-exists="false" ipc-concordant="C10B47/06" c-set-base-allowed="false" c-set-subsequent-allowed="true" date-revised="2013-01-01" status="published"><classification-symbol>C10B47/06</classification-symbol><class-title date-revised="2013-01-01"><title-part><text>in retorts</text></title-part></class-title></classification-item>
<classification-item breakdown-code="false" not-allocatable="false" level="9" additional-only="false" sort-key="C10B47/08" definition-exists="false" ipc-concordant="C10B47/08" c-set-base-allowed="false" c-set-subsequent-allowed="true" date-revised="2013-01-01" status="published"><classification-symbol>C10B47/08</classification-symbol><class-title date-revised="2013-01-01"><title-part><text>in beehive ovens</text></title-part></class-title></classification-item>
<classification-item breakdown-code="false" not-allocatable="false" level="9" additional-only="false" sort-key="C10B47/10" definition-exists="false" ipc-concordant="C10B47/10" c-set-base-allowed="false" c-set-subsequent-allowed="true" date-revised="2013-01-01" status="published"><classification-symbol>C10B47/10</classification-symbol><class-title date-revised="2013-01-01"><title-part><text>in coke ovens of the chamber type</text></title-part></class-title></classification-item>
<classification-item breakdown-code="false" not-allocatable="false" level="9" additional-only="false" sort-key="C10B47/12" definition-exists="false" ipc-concordant="C10B47/12" c-set-base-allowed="false" c-set-subsequent-allowed="true" date-revised="2013-01-01" status="published"><classification-symbol>C10B47/12</classification-symbol><class-title date-revised="2013-01-01"><title-part><text>in which the charge is subjected to mechanical pressures during coking</text></title-part></class-title></classification-item>
<classification-item breakdown-code="false" not-allocatable="false" level="9" additional-only="false" sort-key="C10B47/14" definition-exists="false" ipc-concordant="C10B47/14" c-set-base-allowed="false" c-set-subsequent-allowed="true" date-revised="2013-01-01" status="published"><classification-symbol>C10B47/14</classification-symbol><class-title date-revised="2013-01-01"><title-part><text>with the aid of hot liquids, e.g. molten salts</text></title-part></class-title></classification-item>
<classification-item breakdown-code="false" not-allocatable="false" level="9" additional-only="false" sort-key="C10B47/16" definition-exists="false" ipc-concordant="C10B47/16" c-set-base-allowed="false" c-set-subsequent-allowed="true" date-revised="2013-01-01" status="published"><classification-symbol>C10B47/16</classification-symbol><class-title date-revised="2013-01-01"><title-part><text>with indirect heating means both inside and outside the retorts</text></title-part></class-title></classification-item></classification-item>
<classification-item breakdown-code="false" not-allocatable="false" level="8" additional-only="false" sort-key="C10B47/18" definition-exists="false" ipc-concordant="C10B47/18" c-set-base-allowed="false" c-set-subsequent-allowed="true" date-revised="2013-01-01" status="published"><classification-symbol>C10B47/18</classification-symbol><class-title date-revised="2013-01-01"><title-part><text>with moving charge</text></title-part></class-title>
<classification-item breakdown-code="false" not-allocatable="false" level="9" additional-only="false" sort-key="C10B47/20" definition-exists="false" ipc-concordant="C10B47/20" c-set-base-allowed="false" c-set-subsequent-allowed="true" date-revised="2013-01-01" status="published"><classification-symbol>C10B47/20</classification-symbol><class-title date-revised="2013-01-01"><title-part><text>according to the moving bed type </text><reference><text><class-ref scheme="cpc">C10B47/26</class-ref> takes precedence</text></reference></title-part></class-title></classification-item>
<classification-item breakdown-code="false" not-allocatable="false" level="9" additional-only="false" sort-key="C10B47/22" definition-exists="false" ipc-concordant="C10B47/22" c-set-base-allowed="false" c-set-subsequent-allowed="true" date-revised="2013-01-01" status="published"><classification-symbol>C10B47/22</classification-symbol><class-title date-revised="2013-01-01"><title-part><text>in dispersed form </text><reference><text><class-ref scheme="cpc">C10B47/26</class-ref> takes precedence</text></reference></title-part></class-title>
<classification-item breakdown-code="false" not-allocatable="false" level="10" additional-only="false" sort-key="C10B47/24" definition-exists="false" ipc-concordant="C10B47/24" c-set-base-allowed="false" c-set-subsequent-allowed="true" date-revised="2013-01-01" status="published"><classification-symbol>C10B47/24</classification-symbol><class-title date-revised="2013-01-01"><title-part><text>according to the &quot;fluidised bed&quot; technique</text></title-part></class-title></classification-item></classification-item>
<classification-item breakdown-code="false" not-allocatable="false" level="9" additional-only="false" sort-key="C10B47/26" definition-exists="false" ipc-concordant="C10B47/26" c-set-base-allowed="false" c-set-subsequent-allowed="true" date-revised="2013-01-01" status="published"><classification-symbol>C10B47/26</classification-symbol><class-title date-revised="2013-01-01"><title-part><text>with the aid of hot liquids, e.g. molten salts</text></title-part></class-title></classification-item></classification-item>
<classification-item breakdown-code="false" not-allocatable="false" level="8" additional-only="false" sort-key="C10B47/28" definition-exists="false" ipc-concordant="C10B47/28" c-set-base-allowed="false" c-set-subsequent-allowed="true" date-revised="2013-01-01" status="published"><classification-symbol>C10B47/28</classification-symbol><class-title date-revised="2013-01-01"><title-part><text>Other processes</text></title-part></class-title>
<classification-item breakdown-code="false" not-allocatable="false" level="9" additional-only="false" sort-key="C10B47/30" definition-exists="false" ipc-concordant="C10B47/30" c-set-base-allowed="false" c-set-subsequent-allowed="true" date-revised="2013-01-01" status="published"><classification-symbol>C10B47/30</classification-symbol><class-title date-revised="2013-01-01"><title-part><text>in rotary ovens or retorts</text></title-part></class-title></classification-item>
<classification-item breakdown-code="false" not-allocatable="false" level="9" additional-only="false" sort-key="C10B47/32" definition-exists="false" ipc-concordant="C10B47/32" c-set-base-allowed="false" c-set-subsequent-allowed="true" date-revised="2013-01-01" status="published"><classification-symbol>C10B47/32</classification-symbol><class-title date-revised="2013-01-01"><title-part><text>in ovens with mechanical conveying means</text></title-part></class-title>
<classification-item breakdown-code="false" not-allocatable="false" level="10" additional-only="false" sort-key="C10B47/34" definition-exists="false" ipc-concordant="C10B47/34" c-set-base-allowed="false" c-set-subsequent-allowed="true" date-revised="2013-01-01" status="published"><classification-symbol>C10B47/34</classification-symbol><class-title date-revised="2013-01-01"><title-part><text>with rotary scraping devices</text></title-part></class-title>
<classification-item breakdown-code="false" not-allocatable="false" level="11" additional-only="false" sort-key="C10B47/36" definition-exists="false" ipc-concordant="C10B47/36" c-set-base-allowed="false" c-set-subsequent-allowed="true" date-revised="2013-01-01" status="published"><classification-symbol>C10B47/36</classification-symbol><class-title date-revised="2013-01-01"><title-part><text>in multi-stage ovens</text></title-part></class-title></classification-item></classification-item>
<classification-item breakdown-code="false" not-allocatable="false" level="10" additional-only="false" sort-key="C10B47/38" definition-exists="false" ipc-concordant="C10B47/38" c-set-base-allowed="false" c-set-subsequent-allowed="true" date-revised="2013-01-01" status="published"><classification-symbol>C10B47/38</classification-symbol><class-title date-revised="2013-01-01"><title-part><text>with shaking or vibrating devices</text></title-part></class-title></classification-item>
<classification-item breakdown-code="false" not-allocatable="false" level="10" additional-only="false" sort-key="C10B47/40" definition-exists="false" ipc-concordant="C10B47/40" c-set-base-allowed="false" c-set-subsequent-allowed="true" date-revised="2013-01-01" status="published"><classification-symbol>C10B47/40</classification-symbol><class-title date-revised="2013-01-01"><title-part><text>with endless conveying devices</text></title-part></class-title>
<classification-item breakdown-code="false" not-allocatable="false" level="11" additional-only="false" sort-key="C10B47/42" definition-exists="false" ipc-concordant="C10B47/42" c-set-base-allowed="false" c-set-subsequent-allowed="true" date-revised="2013-01-01" status="published"><classification-symbol>C10B47/42</classification-symbol><class-title date-revised="2013-01-01"><title-part><text>in vertical direction</text></title-part></class-title></classification-item></classification-item>
<classification-item breakdown-code="false" not-allocatable="false" level="10" additional-only="false" sort-key="C10B47/44" definition-exists="false" ipc-concordant="C10B47/44" c-set-base-allowed="false" c-set-subsequent-allowed="true" date-revised="2016-05-01" status="published"><classification-symbol>C10B47/44</classification-symbol><class-title date-revised="2016-05-01"><title-part><text>with conveyor-screws</text></title-part></class-title></classification-item>
<classification-item breakdown-code="false" not-allocatable="false" level="10" additional-only="false" sort-key="C10B47/46" definition-exists="false" ipc-concordant="C10B47/46" c-set-base-allowed="false" c-set-subsequent-allowed="true" date-revised="2013-01-01" status="published"><classification-symbol>C10B47/46</classification-symbol><class-title date-revised="2013-01-01"><title-part><text>with trucks, containers, or trays</text></title-part></class-title></classification-item>
<classification-item breakdown-code="false" not-allocatable="false" level="10" additional-only="false" sort-key="C10B47/48" definition-exists="false" ipc-concordant="C10B47/48" c-set-base-allowed="false" c-set-subsequent-allowed="true" date-revised="2013-01-01" status="published"><classification-symbol>C10B47/48</classification-symbol><class-title date-revised="2013-01-01"><title-part><text>with tilting or rocking means</text></title-part></class-title></classification-item></classification-item></classification-item></classification-item>
<classification-item breakdown-code="false" not-allocatable="false" level="7" additional-only="false" sort-key="C10B49/00" definition-exists="false" ipc-concordant="C10B49/00" c-set-base-allowed="false" c-set-subsequent-allowed="true" date-revised="2013-01-01" status="published"><classification-symbol>C10B49/00</classification-symbol><class-title date-revised="2013-01-01"><title-part><text>Destructive distillation of solid carbonaceous materials by direct heating with heat-carrying agents including the partial combustion of the solid material to be treated</text></title-part></class-title>
<classification-item breakdown-code="false" not-allocatable="false" level="8" additional-only="false" sort-key="C10B49/02" definition-exists="false" ipc-concordant="C10B49/02" c-set-base-allowed="false" c-set-subsequent-allowed="true" date-revised="2013-01-01" status="published"><classification-symbol>C10B49/02</classification-symbol><class-title date-revised="2013-01-01"><title-part><text>with hot gases or vapours, e.g. hot gases obtained by partial combustion of the charge</text></title-part></class-title>
<classification-item breakdown-code="false" not-allocatable="false" level="9" additional-only="false" sort-key="C10B49/04" definition-exists="false" ipc-concordant="C10B49/04" c-set-base-allowed="false" c-set-subsequent-allowed="true" date-revised="2013-01-01" status="published"><classification-symbol>C10B49/04</classification-symbol><class-title date-revised="2013-01-01"><title-part><text>while moving the solid material to be treated</text></title-part></class-title>
<classification-item breakdown-code="false" not-allocatable="false" level="10" additional-only="false" sort-key="C10B49/06" definition-exists="false" ipc-concordant="C10B49/06" c-set-base-allowed="false" c-set-subsequent-allowed="true" date-revised="2013-01-01" status="published"><classification-symbol>C10B49/06</classification-symbol><class-title date-revised="2013-01-01"><title-part><text>according to the moving bed type</text></title-part></class-title></classification-item>
<classification-item breakdown-code="false" not-allocatable="false" level="10" additional-only="false" sort-key="C10B49/08" definition-exists="false" ipc-concordant="C10B49/08" c-set-base-allowed="false" c-set-subsequent-allowed="true" date-revised="2013-01-01" status="published"><classification-symbol>C10B49/08</classification-symbol><class-title date-revised="2013-01-01"><title-part><text>in dispersed form</text></title-part></class-title>
<classification-item breakdown-code="false" not-allocatable="false" level="11" additional-only="false" sort-key="C10B49/10" definition-exists="false" ipc-concordant="C10B49/10" c-set-base-allowed="false" c-set-subsequent-allowed="true" date-revised="2013-01-01" status="published"><classification-symbol>C10B49/10</classification-symbol><class-title date-revised="2013-01-01"><title-part><text>according to the &quot;fluidised bed&quot; technique</text></title-part></class-title></classification-item>
<classification-item breakdown-code="false" not-allocatable="false" level="11" additional-only="false" sort-key="C10B49/12" definition-exists="false" ipc-concordant="C10B49/12" c-set-base-allowed="false" c-set-subsequent-allowed="true" date-revised="2017-02-01" status="published"><classification-symbol>C10B49/12</classification-symbol><class-title date-revised="2017-02-01"><title-part><text>by mixing tangentially, e.g. in vortex chambers</text></title-part></class-title></classification-item></classification-item></classification-item></classification-item>
<classification-item breakdown-code="false" not-allocatable="false" level="8" additional-only="false" sort-key="C10B49/14" definition-exists="false" ipc-concordant="C10B49/14" c-set-base-allowed="false" c-set-subsequent-allowed="true" date-revised="2013-01-01" status="published"><classification-symbol>C10B49/14</classification-symbol><class-title date-revised="2013-01-01"><title-part><text>with hot liquids, e.g. molten metals</text></title-part></class-title></classification-item>
<classification-item breakdown-code="false" not-allocatable="false" level="8" additional-only="false" sort-key="C10B49/16" definition-exists="false" ipc-concordant="C10B49/16" c-set-base-allowed="false" c-set-subsequent-allowed="true" date-revised="2013-01-01" status="published"><classification-symbol>C10B49/16</classification-symbol><class-title date-revised="2013-01-01"><title-part><text>with moving solid heat-carriers in divided form</text></title-part></class-title>
<classification-item breakdown-code="false" not-allocatable="false" level="9" additional-only="false" sort-key="C10B49/18" definition-exists="false" ipc-concordant="C10B49/18" c-set-base-allowed="false" c-set-subsequent-allowed="true" date-revised="2013-01-01" status="published"><classification-symbol>C10B49/18</classification-symbol><class-title date-revised="2013-01-01"><title-part><text>according to the &quot;moving bed&quot; type</text></title-part></class-title></classification-item>
<classification-item breakdown-code="false" not-allocatable="false" level="9" additional-only="false" sort-key="C10B49/20" definition-exists="false" ipc-concordant="C10B49/20" c-set-base-allowed="false" c-set-subsequent-allowed="true" date-revised="2013-01-01" status="published"><classification-symbol>C10B49/20</classification-symbol><class-title date-revised="2013-01-01"><title-part><text>in dispersed form</text></title-part></class-title>
<classification-item breakdown-code="false" not-allocatable="false" level="10" additional-only="false" sort-key="C10B49/22" definition-exists="false" ipc-concordant="C10B49/22" c-set-base-allowed="false" c-set-subsequent-allowed="true" date-revised="2013-01-01" status="published"><classification-symbol>C10B49/22</classification-symbol><class-title date-revised="2013-01-01"><title-part><text>according to the &quot;fluidised bed&quot; technique</text></title-part></class-title></classification-item></classification-item></classification-item></classification-item>
<classification-item breakdown-code="false" not-allocatable="false" level="7" additional-only="false" sort-key="C10B51/00" definition-exists="false" ipc-concordant="C10B51/00" c-set-base-allowed="false" c-set-subsequent-allowed="true" date-revised="2013-01-01" status="published"><classification-symbol>C10B51/00</classification-symbol><class-title date-revised="2013-01-01"><title-part><text>Destructive distillation of solid carbonaceous materials by combined direct and indirect heating</text></title-part></class-title></classification-item>
<classification-item breakdown-code="false" not-allocatable="false" level="7" additional-only="false" sort-key="C10B53/00" definition-exists="true" ipc-concordant="C10B53/00" c-set-base-allowed="false" c-set-subsequent-allowed="true" date-revised="2013-01-01" status="published"><classification-symbol>C10B53/00</classification-symbol><class-title date-revised="2013-01-01"><title-part><text>Destructive distillation, specially adapted for particular solid raw materials or solid raw materials in special form </text><reference><text>wet carbonising of peat <class-ref scheme="cpc">C10F</class-ref></text></reference></title-part></class-title>
<classification-item breakdown-code="false" not-allocatable="false" level="8" additional-only="false" sort-key="C10B53/02" definition-exists="false" ipc-concordant="C10B53/02" c-set-base-allowed="false" c-set-subsequent-allowed="true" date-revised="2013-01-01" status="published"><classification-symbol>C10B53/02</classification-symbol><class-title date-revised="2013-01-01"><title-part><text>of cellulose-containing material </text><reference><text>production of pyroligneous acid <class-ref scheme="cpc">C10C5/00</class-ref></text></reference></title-part></class-title></classification-item>
<classification-item breakdown-code="false" not-allocatable="false" level="8" additional-only="false" sort-key="C10B53/04" definition-exists="false" ipc-concordant="C10B53/04" c-set-base-allowed="false" c-set-subsequent-allowed="true" date-revised="2013-01-01" status="published"><classification-symbol>C10B53/04</classification-symbol><class-title date-revised="2013-01-01"><title-part><text>of powdered coal</text></title-part></class-title></classification-item>
<classification-item breakdown-code="false" not-allocatable="false" level="8" additional-only="false" sort-key="C10B53/06" definition-exists="false" ipc-concordant="C10B53/06" c-set-base-allowed="false" c-set-subsequent-allowed="true" date-revised="2013-01-01" status="published"><classification-symbol>C10B53/06</classification-symbol><class-title date-revised="2013-01-01"><title-part><text>of oil shale and/or or bituminous rocks</text></title-part></class-title></classification-item>
<classification-item breakdown-code="false" not-allocatable="false" level="8" additional-only="false" sort-key="C10B53/07" definition-exists="false" ipc-concordant="C10B53/07" c-set-base-allowed="false" c-set-subsequent-allowed="true" date-revised="2013-01-01" status="published"><classification-symbol>C10B53/07</classification-symbol><class-title date-revised="2013-01-01"><title-part><CPC-specific-text><text>of solid raw materials consisting</text></CPC-specific-text><text> of synthetic polymeric materials, e.g. tyres </text><reference><CPC-specific-text><text>waste in general, e.g. household waste <class-ref scheme="cpc">C10B53/00</class-ref>;</text></CPC-specific-text><text> recovery or working-up of waste materials of organic macromolecular compounds or compositions based thereon by dry-heat treatment for obtaining partially depolymerised materials <class-ref scheme="cpc">C08J11/10</class-ref>; production of liquid hydrocarbon mixtures from rubber or rubber waste <class-ref scheme="cpc">C10G1/10</class-ref></text></reference></title-part></class-title></classification-item>
<classification-item breakdown-code="false" not-allocatable="false" level="8" additional-only="false" sort-key="C10B53/08" definition-exists="false" ipc-concordant="C10B53/08" c-set-base-allowed="false" c-set-subsequent-allowed="true" date-revised="2013-01-01" status="published"><classification-symbol>C10B53/08</classification-symbol><class-title date-revised="2013-01-01"><title-part><text>in the form of briquettes, lumps and the like</text></title-part></class-title></classification-item></classification-item>
<classification-item breakdown-code="false" not-allocatable="false" level="7" additional-only="false" sort-key="C10B55/00" definition-exists="false" ipc-concordant="C10B55/00" c-set-base-allowed="false" c-set-subsequent-allowed="true" date-revised="2013-01-01" status="published"><classification-symbol>C10B55/00</classification-symbol><class-title date-revised="2013-01-01"><title-part><text>Coking mineral oils, bitumen, tar, and the like or mixtures thereof with solid carbonaceous material </text><reference><text>cracking oils <class-ref scheme="cpc">C10G</class-ref></text></reference></title-part></class-title>
<classification-item breakdown-code="false" not-allocatable="false" level="8" additional-only="false" sort-key="C10B55/02" definition-exists="false" ipc-concordant="C10B55/02" c-set-base-allowed="false" c-set-subsequent-allowed="true" date-revised="2013-01-01" status="published"><classification-symbol>C10B55/02</classification-symbol><class-title date-revised="2013-01-01"><title-part><text>with solid materials</text></title-part></class-title>
<classification-item breakdown-code="false" not-allocatable="false" level="9" additional-only="false" sort-key="C10B55/04" definition-exists="false" ipc-concordant="C10B55/04" c-set-base-allowed="false" c-set-subsequent-allowed="true" date-revised="2013-01-01" status="published"><classification-symbol>C10B55/04</classification-symbol><class-title date-revised="2013-01-01"><title-part><text>with moving solid materials</text></title-part></class-title>
<classification-item breakdown-code="false" not-allocatable="false" level="10" additional-only="false" sort-key="C10B55/06" definition-exists="false" ipc-concordant="C10B55/06" c-set-base-allowed="false" c-set-subsequent-allowed="true" date-revised="2013-01-01" status="published"><classification-symbol>C10B55/06</classification-symbol><class-title date-revised="2013-01-01"><title-part><text>according to the &quot;moving bed&quot; type</text></title-part></class-title></classification-item>
<classification-item breakdown-code="false" not-allocatable="false" level="10" additional-only="false" sort-key="C10B55/08" definition-exists="false" ipc-concordant="C10B55/08" c-set-base-allowed="false" c-set-subsequent-allowed="true" date-revised="2013-01-01" status="published"><classification-symbol>C10B55/08</classification-symbol><class-title date-revised="2013-01-01"><title-part><text>in dispersed form</text></title-part></class-title>
<classification-item breakdown-code="false" not-allocatable="false" level="11" additional-only="false" sort-key="C10B55/10" definition-exists="false" ipc-concordant="C10B55/10" c-set-base-allowed="false" c-set-subsequent-allowed="true" date-revised="2013-01-01" status="published"><classification-symbol>C10B55/10</classification-symbol><class-title date-revised="2013-01-01"><title-part><text>according to the &quot;fluidised bed&quot; technique</text></title-part></class-title></classification-item></classification-item></classification-item></classification-item></classification-item>
<classification-item breakdown-code="false" not-allocatable="false" level="7" additional-only="false" sort-key="C10B57/00" definition-exists="false" ipc-concordant="C10B57/00" c-set-base-allowed="false" c-set-subsequent-allowed="true" date-revised="2013-01-01" status="published"><classification-symbol>C10B57/00</classification-symbol><class-title date-revised="2013-01-01"><title-part><text>Other processes not covered before</text></title-part><title-part><text>Features of destructive distillation processes in general</text></title-part></class-title>
<classification-item breakdown-code="false" not-allocatable="false" level="8" additional-only="false" sort-key="C10B57/005" definition-exists="false" ipc-concordant="C10B57/00" c-set-base-allowed="false" c-set-subsequent-allowed="true" date-revised="2013-01-01" status="published"><classification-symbol>C10B57/005</classification-symbol><class-title date-revised="2013-01-01"><title-part><CPC-specific-text><text>After-treatment of coke, e.g. calcination desulfurization</text></CPC-specific-text></title-part></class-title></classification-item>
<classification-item breakdown-code="false" not-allocatable="false" level="8" additional-only="false" sort-key="C10B57/02" definition-exists="false" ipc-concordant="C10B57/02" c-set-base-allowed="false" c-set-subsequent-allowed="true" date-revised="2013-01-01" status="published"><classification-symbol>C10B57/02</classification-symbol><class-title date-revised="2013-01-01"><title-part><text>Multi-step carbonising or coking processes</text></title-part></class-title></classification-item>
<classification-item breakdown-code="false" not-allocatable="false" level="8" additional-only="false" sort-key="C10B57/04" definition-exists="false" ipc-concordant="C10B57/04" c-set-base-allowed="false" c-set-subsequent-allowed="true" date-revised="2017-08-01" status="published"><classification-symbol>C10B57/04</classification-symbol><class-title date-revised="2017-08-01"><title-part><text>using charges of special composition</text></title-part></class-title>
<classification-item breakdown-code="false" not-allocatable="false" level="9" additional-only="false" sort-key="C10B57/045" definition-exists="false" ipc-concordant="C10B57/04" c-set-base-allowed="false" c-set-subsequent-allowed="true" date-revised="2013-01-01" status="published"><classification-symbol>C10B57/045</classification-symbol><class-title date-revised="2013-01-01"><title-part><CPC-specific-text><text>containing mineral oils, bitumen, tar or the like or mixtures thereof</text></CPC-specific-text></title-part></class-title></classification-item>
<classification-item breakdown-code="false" not-allocatable="false" level="9" additional-only="false" sort-key="C10B57/06" definition-exists="false" ipc-concordant="C10B57/06" c-set-base-allowed="false" c-set-subsequent-allowed="true" date-revised="2013-01-01" status="published"><classification-symbol>C10B57/06</classification-symbol><class-title date-revised="2013-01-01"><title-part><text>containing additives</text></title-part></class-title></classification-item></classification-item>
<classification-item breakdown-code="false" not-allocatable="false" level="8" additional-only="false" sort-key="C10B57/08" definition-exists="true" ipc-concordant="C10B57/08" c-set-base-allowed="false" c-set-subsequent-allowed="true" date-revised="2017-08-01" status="published"><classification-symbol>C10B57/08</classification-symbol><class-title date-revised="2017-08-01"><title-part><text>Non-mechanical pretreatment of the charge </text><reference><text><class-ref scheme="cpc">C10L9/00</class-ref> takes precedence</text></reference><text>, </text><CPC-specific-text><text>e.g. desulfurization</text></CPC-specific-text></title-part></class-title>
<classification-item breakdown-code="false" not-allocatable="false" level="9" additional-only="false" sort-key="C10B57/10" definition-exists="false" ipc-concordant="C10B57/10" c-set-base-allowed="false" c-set-subsequent-allowed="true" date-revised="2013-01-01" status="published"><classification-symbol>C10B57/10</classification-symbol><class-title date-revised="2013-01-01"><title-part><text>Drying</text></title-part></class-title></classification-item></classification-item>
<classification-item breakdown-code="false" not-allocatable="false" level="8" additional-only="false" sort-key="C10B57/12" definition-exists="false" ipc-concordant="C10B57/12" c-set-base-allowed="false" c-set-subsequent-allowed="true" date-revised="2013-01-01" status="published"><classification-symbol>C10B57/12</classification-symbol><class-title date-revised="2013-01-01"><title-part><text>Applying additives during coking</text></title-part></class-title></classification-item>
<classification-item breakdown-code="false" not-allocatable="false" level="8" additional-only="false" sort-key="C10B57/14" definition-exists="false" ipc-concordant="C10B57/14" c-set-base-allowed="false" c-set-subsequent-allowed="true" date-revised="2013-01-01" status="published"><classification-symbol>C10B57/14</classification-symbol><class-title date-revised="2013-01-01"><title-part><text>Features of low-temperature carbonising processes</text></title-part></class-title></classification-item>
<classification-item breakdown-code="false" not-allocatable="false" level="8" additional-only="false" sort-key="C10B57/16" definition-exists="false" ipc-concordant="C10B57/16" c-set-base-allowed="false" c-set-subsequent-allowed="true" date-revised="2013-01-01" status="published"><classification-symbol>C10B57/16</classification-symbol><class-title date-revised="2013-01-01"><title-part><text>Features of high-temperature carbonising processes</text></title-part></class-title></classification-item>
<classification-item breakdown-code="false" not-allocatable="false" level="8" additional-only="false" sort-key="C10B57/18" definition-exists="false" ipc-concordant="C10B57/18" c-set-base-allowed="false" c-set-subsequent-allowed="true" date-revised="2013-01-01" status="published"><classification-symbol>C10B57/18</classification-symbol><class-title date-revised="2013-01-01"><title-part><text>Modifying the properties of the distillation gases in the oven </text><reference><text>outside the oven <class-ref scheme="cpc">C10K</class-ref></text></reference></title-part></class-title></classification-item></classification-item></classification-item></classification-item></class-scheme>