<?xml version="1.0" encoding="UTF-8"?>
<class-scheme publication-date="2021-05-01" scheme-type="cpc" publication-type="official">
<classification-item breakdown-code="false" not-allocatable="true" level="5" additional-only="false" sort-key="C06B" definition-exists="true" date-revised="2020-05-01" status="published"><classification-symbol>C06B</classification-symbol><class-title date-revised="2013-01-01"><title-part><text>EXPLOSIVES OR THERMIC COMPOSITIONS </text><reference><text>blasting <class-ref scheme="cpc">F42D</class-ref></text></reference></title-part><title-part><text>MANUFACTURE THEREOF</text></title-part><title-part><text>USE OF SINGLE SUBSTANCES AS EXPLOSIVES </text><reference><text>compounds in general <class-ref scheme="cpc">C01</class-ref>, <class-ref scheme="cpc">C07</class-ref> or <class-ref scheme="cpc">C08</class-ref>; </text><CPC-specific-text><text>demolition agents based on cementitious or like materials <class-ref scheme="cpc">C04B41/0009</class-ref></text></CPC-specific-text></reference></title-part></class-title><notes-and-warnings date-revised="2013-01-01"><note type="note"><note-paragraph>This subclass <u>covers</u>:<subnote type="bullet"><note-paragraph>compositions which are:<subnote type="alpha"><note-paragraph>explosive: compositions included are those containing both a fuel and sufficient oxidiser so that, upon initiation, they are capable of undergoing a chemical change of a relatively high rate of speed, resulting in the production of usable force for blasting, firearms, propelling missiles, or the like;</note-paragraph><note-paragraph>thermic: compositions included have <subnote type="roman"><note-paragraph>a consumable fuel component which consists of any element which is a metal, B, Si, Se or Te, or mixtures, intercompounds, or hydrides thereof; and </note-paragraph><note-paragraph>in combination an oxidant component which is either a metal oxide or a salt (organic or inorganic) capable of yielding a metal oxide on decomposition;</note-paragraph></subnote></note-paragraph><note-paragraph>fuels for rocket engines and intended for reaction with an oxidant, excluding air, in order to provide thrust for motive power purposes;</note-paragraph><note-paragraph>for use in affecting the explosion environment, e.g. for neutralising the poisonous gases of explosives, for cooling the explosion gases, or the like;</note-paragraph></subnote></note-paragraph><note-paragraph>methods or apparatus for preparing or treating such compositions not otherwise  provided for;</note-paragraph><note-paragraph>methods of using single substances as explosives.</note-paragraph></subnote></note-paragraph><note-paragraph>In this subclass, the following term is used with the meaning indicated: <subnote type="bullet"><note-paragraph>&quot;nitrated&quot; covers compounds having a nitro group or a nitrate ester group.</note-paragraph></subnote></note-paragraph><note-paragraph>Methods or apparatus for preparing or treating such compositions are classified according to the particular components of the compositions.</note-paragraph><note-paragraph>In this subclass, the words &quot;based on&quot;, with reference to explosive compositions, refer to the explosive ingredient present in the largest proportion by weight</note-paragraph><note-paragraph>In the absence of an indication to the contrary a composition is classified in the last place that provides for an ingredient</note-paragraph></note><note type="warning"><note-paragraph>In this subclass non-limiting references (in the sense of paragraph 39 of the Guide to the IPC) may still be displayed in the scheme.</note-paragraph></note></notes-and-warnings>
<classification-item breakdown-code="false" not-allocatable="true" level="6" additional-only="false" sort-key="C06B21/00" date-revised="2013-01-01" status="published"><classification-symbol>C06B21/00</classification-symbol>
<classification-item breakdown-code="false" not-allocatable="false" level="7" additional-only="false" sort-key="C06B21/00" definition-exists="true" ipc-concordant="C06B21/00" c-set-base-allowed="false" c-set-subsequent-allowed="true" date-revised="2013-01-01" status="published"><classification-symbol>C06B21/00</classification-symbol><class-title date-revised="2013-01-01"><title-part><text>Apparatus or methods for working-up explosives, e.g. forming, cutting, drying</text></title-part></class-title><notes-and-warnings date-revised="2013-01-01"><note type="note"><note-paragraph> In the absence of an indication to the contrary a process is classified in the last appropriate place, e.g. granulation by extrusion and chopping <class-ref scheme="cpc">C06B21/0075</class-ref>)]</note-paragraph></note></notes-and-warnings>
<classification-item breakdown-code="false" not-allocatable="false" level="8" additional-only="false" sort-key="C06B21/0008" definition-exists="true" ipc-concordant="C06B21/00" c-set-base-allowed="false" c-set-subsequent-allowed="true" date-revised="2013-01-01" status="published"><classification-symbol>C06B21/0008</classification-symbol><class-title date-revised="2013-01-01"><title-part><CPC-specific-text><text>Compounding the ingredient</text></CPC-specific-text></title-part></class-title>
<classification-item breakdown-code="false" not-allocatable="false" level="9" additional-only="false" sort-key="C06B21/0016" definition-exists="true" ipc-concordant="C06B21/00" c-set-base-allowed="false" c-set-subsequent-allowed="true" date-revised="2013-01-01" status="published"><classification-symbol>C06B21/0016</classification-symbol><class-title date-revised="2013-01-01"><title-part><CPC-specific-text><text>the ingredient being nitrocellulose or oranitro cellulose based propellant; Working up; gelatinising; stabilising </text><reference><text>stabilising of explosives in general <class-ref scheme="cpc">C06B21/0091</class-ref></text></reference></CPC-specific-text></title-part></class-title></classification-item>
<classification-item breakdown-code="false" not-allocatable="false" level="9" additional-only="false" sort-key="C06B21/0025" definition-exists="true" ipc-concordant="C06B21/00" c-set-base-allowed="false" c-set-subsequent-allowed="true" date-revised="2013-01-01" status="published"><classification-symbol>C06B21/0025</classification-symbol><class-title date-revised="2013-01-01"><title-part><CPC-specific-text><text>the ingredient being a polymer bonded explosive or thermic component</text></CPC-specific-text></title-part></class-title></classification-item></classification-item>
<classification-item breakdown-code="false" not-allocatable="false" level="8" additional-only="false" sort-key="C06B21/0033" definition-exists="true" ipc-concordant="C06B21/00" c-set-base-allowed="false" c-set-subsequent-allowed="true" date-revised="2013-01-01" status="published"><classification-symbol>C06B21/0033</classification-symbol><class-title date-revised="2013-01-01"><title-part><CPC-specific-text><text>Shaping the mixture</text></CPC-specific-text></title-part></class-title>
<classification-item breakdown-code="false" not-allocatable="false" level="9" additional-only="false" sort-key="C06B21/0041" definition-exists="true" ipc-concordant="C06B21/00" c-set-base-allowed="false" c-set-subsequent-allowed="true" date-revised="2013-01-01" status="published"><classification-symbol>C06B21/0041</classification-symbol><class-title date-revised="2013-01-01"><title-part><CPC-specific-text><text>by compression</text></CPC-specific-text></title-part></class-title></classification-item>
<classification-item breakdown-code="false" not-allocatable="false" level="9" additional-only="false" sort-key="C06B21/005" definition-exists="true" ipc-concordant="C06B21/00" c-set-base-allowed="false" c-set-subsequent-allowed="true" date-revised="2013-01-01" status="published"><classification-symbol>C06B21/005</classification-symbol><class-title date-revised="2013-01-01"><title-part><CPC-specific-text><text>By a process involving melting at least part of the ingredients</text></CPC-specific-text></title-part></class-title></classification-item>
<classification-item breakdown-code="false" not-allocatable="false" level="9" additional-only="false" sort-key="C06B21/0058" definition-exists="true" ipc-concordant="C06B21/00" c-set-base-allowed="false" c-set-subsequent-allowed="true" date-revised="2013-01-01" status="published"><classification-symbol>C06B21/0058</classification-symbol><class-title date-revised="2013-01-01"><title-part><CPC-specific-text><text>by casting a curable composition, e.g. of the plastisol type</text></CPC-specific-text></title-part></class-title></classification-item>
<classification-item breakdown-code="false" not-allocatable="false" level="9" additional-only="false" sort-key="C06B21/0066" definition-exists="true" ipc-concordant="C06B21/00" c-set-base-allowed="false" c-set-subsequent-allowed="true" date-revised="2013-01-01" status="published"><classification-symbol>C06B21/0066</classification-symbol><class-title date-revised="2013-01-01"><title-part><CPC-specific-text><text>by granulation, e.g. flaking</text></CPC-specific-text></title-part></class-title></classification-item>
<classification-item breakdown-code="false" not-allocatable="false" level="9" additional-only="false" sort-key="C06B21/0075" definition-exists="true" ipc-concordant="C06B21/00" c-set-base-allowed="false" c-set-subsequent-allowed="true" date-revised="2013-01-01" status="published"><classification-symbol>C06B21/0075</classification-symbol><class-title date-revised="2013-01-01"><title-part><CPC-specific-text><text>by extrusion</text></CPC-specific-text></title-part></class-title></classification-item></classification-item>
<classification-item breakdown-code="false" not-allocatable="false" level="8" additional-only="false" sort-key="C06B21/0083" definition-exists="true" ipc-concordant="C06B21/00" c-set-base-allowed="false" c-set-subsequent-allowed="true" date-revised="2013-01-01" status="published"><classification-symbol>C06B21/0083</classification-symbol><class-title date-revised="2013-01-01"><title-part><CPC-specific-text><text>Treatment of solid structures, e.g. for coating or impregnating with a modifier </text><reference><text>compositions therefor <class-ref scheme="cpc">C06B23/00</class-ref></text></reference></CPC-specific-text></title-part></class-title></classification-item>
<classification-item breakdown-code="false" not-allocatable="false" level="8" additional-only="false" sort-key="C06B21/0091" definition-exists="true" ipc-concordant="C06B21/00" c-set-base-allowed="false" c-set-subsequent-allowed="true" date-revised="2013-01-01" status="published"><classification-symbol>C06B21/0091</classification-symbol><class-title date-revised="2013-01-01"><title-part><CPC-specific-text><text>Elimination of undesirable or temporary components of an intermediate or finished product, e.g. making porous or low density products, purifying, stabilising, drying; Deactivating; Reclaiming; </text><reference><text>porous inert particles or chemicals compounded for these purposes <class-ref scheme="cpc">C06B23/00</class-ref></text></reference></CPC-specific-text></title-part></class-title></classification-item></classification-item>
<classification-item breakdown-code="false" not-allocatable="false" level="7" additional-only="false" sort-key="C06B23/00" definition-exists="true" ipc-concordant="C06B23/00" c-set-base-allowed="false" c-set-subsequent-allowed="true" date-revised="2013-01-01" status="published"><classification-symbol>C06B23/00</classification-symbol><class-title date-revised="2013-01-01"><title-part><text>Compositions characterised by non-explosive or non-thermic constituents </text><CPC-specific-text><reference><text>in combination with specific explosives <class-ref scheme="cpc">C06B25/20</class-ref>, <class-ref scheme="cpc">C06B25/26</class-ref>, <class-ref scheme="cpc">C06B29/04</class-ref>, <class-ref scheme="cpc">C06B29/08</class-ref>, <class-ref scheme="cpc">C06B31/06</class-ref>, <class-ref scheme="cpc">C06B31/40</class-ref>, <class-ref scheme="cpc">C06B33/02</class-ref></text></reference></CPC-specific-text></title-part></class-title>
<classification-item breakdown-code="false" not-allocatable="false" level="8" additional-only="false" sort-key="C06B23/001" definition-exists="true" ipc-concordant="C06B23/00" c-set-base-allowed="false" c-set-subsequent-allowed="true" date-revised="2013-01-01" status="published"><classification-symbol>C06B23/001</classification-symbol><class-title date-revised="2013-01-01"><title-part><CPC-specific-text><text>Fillers, gelling and thickening agents (e.g. fibres) , absorbents for nitroglycerine </text><reference><text>binders, plasticisers for propellants <class-ref scheme="cpc">C06B45/10</class-ref>; crosslinking or curing agents <class-ref scheme="cpc">C06B45/10</class-ref></text></reference></CPC-specific-text></title-part></class-title></classification-item>
<classification-item breakdown-code="false" not-allocatable="false" level="8" additional-only="false" sort-key="C06B23/002" definition-exists="false" ipc-concordant="C06B23/00" c-set-base-allowed="false" c-set-subsequent-allowed="true" date-revised="2013-01-01" status="published"><classification-symbol>C06B23/002</classification-symbol><class-title date-revised="2013-01-01"><title-part><CPC-specific-text><text>Sensitisers or density reducing agents, foam stabilisers, crystal habit modifiers</text></CPC-specific-text></title-part></class-title>
<classification-item breakdown-code="false" not-allocatable="false" level="9" additional-only="false" sort-key="C06B23/003" definition-exists="true" ipc-concordant="C06B23/00" c-set-base-allowed="false" c-set-subsequent-allowed="true" date-revised="2013-01-01" status="published"><classification-symbol>C06B23/003</classification-symbol><class-title date-revised="2013-01-01"><title-part><CPC-specific-text><text>Porous or hollow inert particles </text><reference><text>preparation <class-ref scheme="cpc">C06B21/0091</class-ref></text></reference></CPC-specific-text></title-part></class-title></classification-item>
<classification-item breakdown-code="false" not-allocatable="false" level="9" additional-only="false" sort-key="C06B23/004" definition-exists="false" ipc-concordant="C06B23/00" c-set-base-allowed="false" c-set-subsequent-allowed="true" date-revised="2013-01-01" status="published"><classification-symbol>C06B23/004</classification-symbol><class-title date-revised="2013-01-01"><title-part><CPC-specific-text><text>Chemical sensitisers</text></CPC-specific-text></title-part></class-title></classification-item></classification-item>
<classification-item breakdown-code="false" not-allocatable="false" level="8" additional-only="false" sort-key="C06B23/005" definition-exists="true" ipc-concordant="C06B23/00" c-set-base-allowed="false" c-set-subsequent-allowed="true" date-revised="2013-01-01" status="published"><classification-symbol>C06B23/005</classification-symbol><class-title date-revised="2013-01-01"><title-part><CPC-specific-text><text>Desensitisers, phlegmatisers </text><reference><text>coolants for mining explosives <class-ref scheme="cpc">C06B23/04</class-ref>; deactivating <class-ref scheme="cpc">C06B21/0091</class-ref></text></reference></CPC-specific-text></title-part></class-title></classification-item>
<classification-item breakdown-code="false" not-allocatable="false" level="8" additional-only="false" sort-key="C06B23/006" definition-exists="true" ipc-concordant="C06B23/00" c-set-base-allowed="false" c-set-subsequent-allowed="true" date-revised="2013-01-01" status="published"><classification-symbol>C06B23/006</classification-symbol><class-title date-revised="2013-01-01"><title-part><CPC-specific-text><text>Stabilisers (e.g. thermal stabilisers) </text><reference><text>processes <class-ref scheme="cpc">C06B21/0091</class-ref>; foam stabilisers <class-ref scheme="cpc">C06B23/002</class-ref></text></reference></CPC-specific-text></title-part></class-title></classification-item>
<classification-item breakdown-code="false" not-allocatable="false" level="8" additional-only="false" sort-key="C06B23/007" definition-exists="false" ipc-concordant="C06B23/00" c-set-base-allowed="false" c-set-subsequent-allowed="true" date-revised="2013-01-01" status="published"><classification-symbol>C06B23/007</classification-symbol><class-title date-revised="2013-01-01"><title-part><CPC-specific-text><text>Ballistic modifiers, burning rate catalysts, burning rate depressing agents, e.g. for gas generating</text></CPC-specific-text></title-part></class-title></classification-item>
<classification-item breakdown-code="false" not-allocatable="false" level="8" additional-only="false" sort-key="C06B23/008" definition-exists="false" ipc-concordant="C06B23/00" c-set-base-allowed="false" c-set-subsequent-allowed="true" date-revised="2013-01-01" status="published"><classification-symbol>C06B23/008</classification-symbol><class-title date-revised="2013-01-01"><title-part><CPC-specific-text><text>Tagging additives</text></CPC-specific-text></title-part></class-title></classification-item>
<classification-item breakdown-code="false" not-allocatable="false" level="8" additional-only="false" sort-key="C06B23/009" definition-exists="false" ipc-concordant="C06B23/00" c-set-base-allowed="false" c-set-subsequent-allowed="true" date-revised="2013-01-01" status="published"><classification-symbol>C06B23/009</classification-symbol><class-title date-revised="2013-01-01"><title-part><CPC-specific-text><text>Wetting agents, hydrophobing agents, dehydrating agents, antistatic additives, viscosity improvers, antiagglomerating agents, grinding agents and other additives for working up</text></CPC-specific-text></title-part></class-title></classification-item>
<classification-item breakdown-code="false" not-allocatable="false" level="8" additional-only="false" sort-key="C06B23/02" definition-exists="true" ipc-concordant="C06B23/02" c-set-base-allowed="false" c-set-subsequent-allowed="true" date-revised="2013-01-01" status="published"><classification-symbol>C06B23/02</classification-symbol><class-title date-revised="2013-01-01"><title-part><text>for neutralising poisonous gases from explosives produced during blasting</text></title-part></class-title></classification-item>
<classification-item breakdown-code="false" not-allocatable="false" level="8" additional-only="false" sort-key="C06B23/04" definition-exists="true" ipc-concordant="C06B23/04" c-set-base-allowed="false" c-set-subsequent-allowed="true" date-revised="2013-01-01" status="published"><classification-symbol>C06B23/04</classification-symbol><class-title date-revised="2013-01-01"><title-part><text>for cooling the explosion gases </text><CPC-specific-text><text>including antifouling and flash suppressing agents</text></CPC-specific-text></title-part></class-title></classification-item></classification-item>
<classification-item breakdown-code="false" not-allocatable="false" level="7" additional-only="false" sort-key="C06B25/00" definition-exists="true" ipc-concordant="C06B25/00" c-set-base-allowed="false" c-set-subsequent-allowed="true" date-revised="2013-01-01" status="published"><classification-symbol>C06B25/00</classification-symbol><class-title date-revised="2013-01-01"><title-part><text>Compositions containing a nitrated organic compound</text></title-part></class-title>
<classification-item breakdown-code="false" not-allocatable="false" level="8" additional-only="false" sort-key="C06B25/02" definition-exists="false" ipc-concordant="C06B25/02" c-set-base-allowed="false" c-set-subsequent-allowed="true" date-revised="2013-01-01" status="published"><classification-symbol>C06B25/02</classification-symbol><class-title date-revised="2013-01-01"><title-part><text>the nitrated compound being starch or sugar</text></title-part></class-title></classification-item>
<classification-item breakdown-code="false" not-allocatable="false" level="8" additional-only="false" sort-key="C06B25/04" definition-exists="true" ipc-concordant="C06B25/04" c-set-base-allowed="false" c-set-subsequent-allowed="true" date-revised="2013-01-01" status="published"><classification-symbol>C06B25/04</classification-symbol><class-title date-revised="2013-01-01"><title-part><text>the nitrated compound being an aromatic</text></title-part></class-title>
<classification-item breakdown-code="false" not-allocatable="false" level="9" additional-only="false" sort-key="C06B25/06" definition-exists="false" ipc-concordant="C06B25/06" c-set-base-allowed="false" c-set-subsequent-allowed="true" date-revised="2013-01-01" status="published"><classification-symbol>C06B25/06</classification-symbol><class-title date-revised="2013-01-01"><title-part><text>with two or more nitrated aromatic compounds present</text></title-part></class-title>
<classification-item breakdown-code="false" not-allocatable="false" level="10" additional-only="false" sort-key="C06B25/08" definition-exists="false" ipc-concordant="C06B25/08" c-set-base-allowed="false" c-set-subsequent-allowed="true" date-revised="2013-01-01" status="published"><classification-symbol>C06B25/08</classification-symbol><class-title date-revised="2013-01-01"><title-part><text>at least one of which is nitrated toluene</text></title-part></class-title></classification-item></classification-item></classification-item>
<classification-item breakdown-code="false" not-allocatable="false" level="8" additional-only="false" sort-key="C06B25/10" definition-exists="true" ipc-concordant="C06B25/10" c-set-base-allowed="false" c-set-subsequent-allowed="true" date-revised="2013-01-01" status="published"><classification-symbol>C06B25/10</classification-symbol><class-title date-revised="2013-01-01"><title-part><text>the compound being nitroglycerine</text></title-part></class-title>
<classification-item breakdown-code="false" not-allocatable="false" level="9" additional-only="false" sort-key="C06B25/12" definition-exists="false" ipc-concordant="C06B25/12" c-set-base-allowed="false" c-set-subsequent-allowed="true" date-revised="2013-01-01" status="published"><classification-symbol>C06B25/12</classification-symbol><class-title date-revised="2013-01-01"><title-part><text>with other nitrated organic compounds</text></title-part></class-title>
<classification-item breakdown-code="false" not-allocatable="false" level="10" additional-only="false" sort-key="C06B25/14" definition-exists="false" ipc-concordant="C06B25/14" c-set-base-allowed="false" c-set-subsequent-allowed="true" date-revised="2013-01-01" status="published"><classification-symbol>C06B25/14</classification-symbol><class-title date-revised="2013-01-01"><title-part><text>the other compound being a nitrated aliphatic diol</text></title-part></class-title></classification-item>
<classification-item breakdown-code="false" not-allocatable="false" level="10" additional-only="false" sort-key="C06B25/16" definition-exists="false" ipc-concordant="C06B25/16" c-set-base-allowed="false" c-set-subsequent-allowed="true" date-revised="2013-01-01" status="published"><classification-symbol>C06B25/16</classification-symbol><class-title date-revised="2013-01-01"><title-part><text>the other compound being a nitrated aromatic</text></title-part></class-title></classification-item></classification-item></classification-item>
<classification-item breakdown-code="false" not-allocatable="false" level="8" additional-only="false" sort-key="C06B25/18" definition-exists="true" ipc-concordant="C06B25/18" c-set-base-allowed="false" c-set-subsequent-allowed="true" date-revised="2013-01-01" status="published"><classification-symbol>C06B25/18</classification-symbol><class-title date-revised="2013-01-01"><title-part><text>the compound being nitrocellulose present as 10% or more by weight of the total composition</text></title-part></class-title>
<classification-item breakdown-code="false" not-allocatable="false" level="9" additional-only="false" sort-key="C06B25/20" definition-exists="false" ipc-concordant="C06B25/20" c-set-base-allowed="false" c-set-subsequent-allowed="true" date-revised="2013-01-01" status="published"><classification-symbol>C06B25/20</classification-symbol><class-title date-revised="2013-01-01"><title-part><text>with a non-explosive or a non-explosive or a non-thermic component</text></title-part></class-title></classification-item>
<classification-item breakdown-code="false" not-allocatable="false" level="9" additional-only="false" sort-key="C06B25/22" definition-exists="false" ipc-concordant="C06B25/22" c-set-base-allowed="false" c-set-subsequent-allowed="true" date-revised="2013-01-01" status="published"><classification-symbol>C06B25/22</classification-symbol><class-title date-revised="2013-01-01"><title-part><text>with a nitrated aromatic compound</text></title-part></class-title></classification-item>
<classification-item breakdown-code="false" not-allocatable="false" level="9" additional-only="false" sort-key="C06B25/24" definition-exists="true" ipc-concordant="C06B25/24" c-set-base-allowed="false" c-set-subsequent-allowed="true" date-revised="2013-01-01" status="published"><classification-symbol>C06B25/24</classification-symbol><class-title date-revised="2013-01-01"><title-part><text>with nitroglycerine</text></title-part></class-title>
<classification-item breakdown-code="false" not-allocatable="false" level="10" additional-only="false" sort-key="C06B25/26" definition-exists="true" ipc-concordant="C06B25/26" c-set-base-allowed="false" c-set-subsequent-allowed="true" date-revised="2013-01-01" status="published"><classification-symbol>C06B25/26</classification-symbol><class-title date-revised="2013-01-01"><title-part><text>with an organic non-explosive or an organic non-thermic component</text></title-part></class-title></classification-item></classification-item></classification-item>
<classification-item breakdown-code="false" not-allocatable="false" level="8" additional-only="false" sort-key="C06B25/28" definition-exists="false" ipc-concordant="C06B25/28" c-set-base-allowed="false" c-set-subsequent-allowed="true" date-revised="2013-01-01" status="published"><classification-symbol>C06B25/28</classification-symbol><class-title date-revised="2013-01-01"><title-part><text>the compound being nitrocellulose present as less than 10% by weight of the total composition</text></title-part></class-title>
<classification-item breakdown-code="false" not-allocatable="false" level="9" additional-only="false" sort-key="C06B25/30" definition-exists="false" ipc-concordant="C06B25/30" c-set-base-allowed="false" c-set-subsequent-allowed="true" date-revised="2013-01-01" status="published"><classification-symbol>C06B25/30</classification-symbol><class-title date-revised="2013-01-01"><title-part><text>with nitroglycerine</text></title-part></class-title></classification-item></classification-item>
<classification-item breakdown-code="false" not-allocatable="false" level="8" additional-only="false" sort-key="C06B25/32" definition-exists="true" ipc-concordant="C06B25/32" c-set-base-allowed="false" c-set-subsequent-allowed="true" date-revised="2013-01-01" status="published"><classification-symbol>C06B25/32</classification-symbol><class-title date-revised="2013-01-01"><title-part><text>the compound being nitrated pentaerythritol</text></title-part></class-title></classification-item>
<classification-item breakdown-code="false" not-allocatable="false" level="8" additional-only="false" sort-key="C06B25/34" definition-exists="true" ipc-concordant="C06B25/34" c-set-base-allowed="false" c-set-subsequent-allowed="true" date-revised="2013-01-01" status="published"><classification-symbol>C06B25/34</classification-symbol><class-title date-revised="2013-01-01"><title-part><text>the compound being a nitrated acyclic, alicyclic or heterocyclic amine</text></title-part></class-title></classification-item>
<classification-item breakdown-code="false" not-allocatable="false" level="8" additional-only="false" sort-key="C06B25/36" definition-exists="true" ipc-concordant="C06B25/36" c-set-base-allowed="false" c-set-subsequent-allowed="true" date-revised="2013-01-01" status="published"><classification-symbol>C06B25/36</classification-symbol><class-title date-revised="2013-01-01"><title-part><text>the compound being a nitroparaffin</text></title-part></class-title>
<classification-item breakdown-code="false" not-allocatable="false" level="9" additional-only="false" sort-key="C06B25/38" definition-exists="false" ipc-concordant="C06B25/38" c-set-base-allowed="false" c-set-subsequent-allowed="true" date-revised="2013-01-01" status="published"><classification-symbol>C06B25/38</classification-symbol><class-title date-revised="2013-01-01"><title-part><text>with other nitrated organic compound</text></title-part></class-title></classification-item>
<classification-item breakdown-code="false" not-allocatable="false" level="9" additional-only="false" sort-key="C06B25/40" definition-exists="false" ipc-concordant="C06B25/40" c-set-base-allowed="false" c-set-subsequent-allowed="true" date-revised="2013-01-01" status="published"><classification-symbol>C06B25/40</classification-symbol><class-title date-revised="2013-01-01"><title-part><text>with two or more nitroparaffins present</text></title-part></class-title></classification-item></classification-item></classification-item>
<classification-item breakdown-code="false" not-allocatable="false" level="7" additional-only="false" sort-key="C06B27/00" definition-exists="true" ipc-concordant="C06B27/00" c-set-base-allowed="false" c-set-subsequent-allowed="true" date-revised="2013-01-01" status="published"><classification-symbol>C06B27/00</classification-symbol><class-title date-revised="2013-01-01"><title-part><text>Compositions containing a metal, boron, silicon, selenium or tellurium or mixtures, intercompounds or hydrides thereof, and hydrocarbons or halogenated hydrocarbons</text></title-part></class-title></classification-item>
<classification-item breakdown-code="false" not-allocatable="false" level="7" additional-only="false" sort-key="C06B29/00" definition-exists="true" ipc-concordant="C06B29/00" c-set-base-allowed="false" c-set-subsequent-allowed="true" date-revised="2013-01-01" status="published"><classification-symbol>C06B29/00</classification-symbol><class-title date-revised="2013-01-01"><title-part><text>Compositions containing an inorganic oxygen-halogen salt, e.g. chlorate, perchlorate</text></title-part></class-title>
<classification-item breakdown-code="false" not-allocatable="false" level="8" additional-only="false" sort-key="C06B29/02" definition-exists="false" ipc-concordant="C06B29/02" c-set-base-allowed="false" c-set-subsequent-allowed="true" date-revised="2013-01-01" status="published"><classification-symbol>C06B29/02</classification-symbol><class-title date-revised="2013-01-01"><title-part><text>of an alkali metal</text></title-part></class-title>
<classification-item breakdown-code="false" not-allocatable="false" level="9" additional-only="false" sort-key="C06B29/04" definition-exists="false" ipc-concordant="C06B29/04" c-set-base-allowed="false" c-set-subsequent-allowed="true" date-revised="2013-01-01" status="published"><classification-symbol>C06B29/04</classification-symbol><class-title date-revised="2013-01-01"><title-part><text>with an inorganic non-explosive or an inorganic non-thermic component</text></title-part></class-title>
<classification-item breakdown-code="false" not-allocatable="false" level="10" additional-only="false" sort-key="C06B29/06" definition-exists="false" ipc-concordant="C06B29/06" c-set-base-allowed="false" c-set-subsequent-allowed="true" date-revised="2013-01-01" status="published"><classification-symbol>C06B29/06</classification-symbol><class-title date-revised="2013-01-01"><title-part><text>the component being a cyanide</text></title-part><title-part><text>the component being an oxide of iron, chromium or manganese</text></title-part></class-title></classification-item></classification-item>
<classification-item breakdown-code="false" not-allocatable="false" level="9" additional-only="false" sort-key="C06B29/08" definition-exists="true" ipc-concordant="C06B29/08" c-set-base-allowed="false" c-set-subsequent-allowed="true" date-revised="2013-01-01" status="published"><classification-symbol>C06B29/08</classification-symbol><class-title date-revised="2013-01-01"><title-part><text>with an organic non-explosive or an organic non-thermic component</text></title-part></class-title>
<classification-item breakdown-code="false" not-allocatable="false" level="10" additional-only="false" sort-key="C06B29/10" definition-exists="false" ipc-concordant="C06B29/10" c-set-base-allowed="false" c-set-subsequent-allowed="true" date-revised="2013-01-01" status="published"><classification-symbol>C06B29/10</classification-symbol><class-title date-revised="2013-01-01"><title-part><text>the component being a dye or a colouring agent</text></title-part></class-title></classification-item></classification-item>
<classification-item breakdown-code="false" not-allocatable="false" level="9" additional-only="false" sort-key="C06B29/12" definition-exists="false" ipc-concordant="C06B29/12" c-set-base-allowed="false" c-set-subsequent-allowed="true" date-revised="2013-01-01" status="published"><classification-symbol>C06B29/12</classification-symbol><class-title date-revised="2013-01-01"><title-part><text>with carbon or sulfur</text></title-part></class-title></classification-item>
<classification-item breakdown-code="false" not-allocatable="false" level="9" additional-only="false" sort-key="C06B29/14" definition-exists="false" ipc-concordant="C06B29/14" c-set-base-allowed="false" c-set-subsequent-allowed="true" date-revised="2013-01-01" status="published"><classification-symbol>C06B29/14</classification-symbol><class-title date-revised="2013-01-01"><title-part><text>with iodine or an iodide</text></title-part></class-title></classification-item>
<classification-item breakdown-code="false" not-allocatable="false" level="9" additional-only="false" sort-key="C06B29/16" definition-exists="false" ipc-concordant="C06B29/16" c-set-base-allowed="false" c-set-subsequent-allowed="true" date-revised="2013-01-01" status="published"><classification-symbol>C06B29/16</classification-symbol><class-title date-revised="2013-01-01"><title-part><text>with a nitrated organic compound</text></title-part></class-title>
<classification-item breakdown-code="false" not-allocatable="false" level="10" additional-only="false" sort-key="C06B29/18" definition-exists="false" ipc-concordant="C06B29/18" c-set-base-allowed="false" c-set-subsequent-allowed="true" date-revised="2013-01-01" status="published"><classification-symbol>C06B29/18</classification-symbol><class-title date-revised="2013-01-01"><title-part><text>the compound being nitrated toluene or a nitrated phenol</text></title-part></class-title></classification-item>
<classification-item breakdown-code="false" not-allocatable="false" level="10" additional-only="false" sort-key="C06B29/20" definition-exists="false" ipc-concordant="C06B29/20" c-set-base-allowed="false" c-set-subsequent-allowed="true" date-revised="2013-01-01" status="published"><classification-symbol>C06B29/20</classification-symbol><class-title date-revised="2013-01-01"><title-part><text>the compound being nitrocellulose</text></title-part></class-title></classification-item></classification-item></classification-item>
<classification-item breakdown-code="false" not-allocatable="false" level="8" additional-only="false" sort-key="C06B29/22" definition-exists="true" ipc-concordant="C06B29/22" c-set-base-allowed="false" c-set-subsequent-allowed="true" date-revised="2013-01-01" status="published"><classification-symbol>C06B29/22</classification-symbol><class-title date-revised="2013-01-01"><title-part><text>the salt being ammonium perchlorate</text></title-part></class-title></classification-item></classification-item>
<classification-item breakdown-code="false" not-allocatable="false" level="7" additional-only="false" sort-key="C06B31/00" definition-exists="true" ipc-concordant="C06B31/00" c-set-base-allowed="false" c-set-subsequent-allowed="true" date-revised="2013-01-01" status="published"><classification-symbol>C06B31/00</classification-symbol><class-title date-revised="2013-01-01"><title-part><text>Compositions containing an inorganic nitrogen-oxygen salt</text></title-part></class-title>
<classification-item breakdown-code="false" not-allocatable="false" level="8" additional-only="false" sort-key="C06B31/02" definition-exists="false" ipc-concordant="C06B31/02" c-set-base-allowed="false" c-set-subsequent-allowed="true" date-revised="2013-01-01" status="published"><classification-symbol>C06B31/02</classification-symbol><class-title date-revised="2013-01-01"><title-part><text>the salt being an alkali metal or an alkaline earth metal nitrate</text></title-part></class-title>
<classification-item breakdown-code="false" not-allocatable="false" level="9" additional-only="false" sort-key="C06B31/04" definition-exists="true" ipc-concordant="C06B31/04" c-set-base-allowed="false" c-set-subsequent-allowed="true" date-revised="2013-01-01" status="published"><classification-symbol>C06B31/04</classification-symbol><class-title date-revised="2013-01-01"><title-part><text>with carbon or sulfur</text></title-part></class-title>
<classification-item breakdown-code="false" not-allocatable="false" level="10" additional-only="false" sort-key="C06B31/06" definition-exists="true" ipc-concordant="C06B31/06" c-set-base-allowed="false" c-set-subsequent-allowed="true" date-revised="2013-01-01" status="published"><classification-symbol>C06B31/06</classification-symbol><class-title date-revised="2013-01-01"><title-part><text>with an organic non-explosive or an organic non-thermic component</text></title-part></class-title></classification-item></classification-item>
<classification-item breakdown-code="false" not-allocatable="false" level="9" additional-only="false" sort-key="C06B31/08" definition-exists="true" ipc-concordant="C06B31/08" c-set-base-allowed="false" c-set-subsequent-allowed="true" date-revised="2013-01-01" status="published"><classification-symbol>C06B31/08</classification-symbol><class-title date-revised="2013-01-01"><title-part><text>with a metal oxygen-halogen salt, e.g. inorganic chlorate, inorganic perchlorate</text></title-part></class-title>
<classification-item breakdown-code="false" not-allocatable="false" level="10" additional-only="false" sort-key="C06B31/10" definition-exists="true" ipc-concordant="C06B31/10" c-set-base-allowed="false" c-set-subsequent-allowed="true" date-revised="2013-01-01" status="published"><classification-symbol>C06B31/10</classification-symbol><class-title date-revised="2013-01-01"><title-part><text>with carbon or sulfur</text></title-part></class-title></classification-item></classification-item>
<classification-item breakdown-code="false" not-allocatable="false" level="9" additional-only="false" sort-key="C06B31/12" definition-exists="false" ipc-concordant="C06B31/12" c-set-base-allowed="false" c-set-subsequent-allowed="true" date-revised="2013-01-01" status="published"><classification-symbol>C06B31/12</classification-symbol><class-title date-revised="2013-01-01"><title-part><text>with a nitrated organic compound</text></title-part></class-title>
<classification-item breakdown-code="false" not-allocatable="false" level="10" additional-only="false" sort-key="C06B31/14" definition-exists="false" ipc-concordant="C06B31/14" c-set-base-allowed="false" c-set-subsequent-allowed="true" date-revised="2013-01-01" status="published"><classification-symbol>C06B31/14</classification-symbol><class-title date-revised="2013-01-01"><title-part><text>the compound being an aromatic</text></title-part></class-title>
<classification-item breakdown-code="false" not-allocatable="false" level="11" additional-only="false" sort-key="C06B31/16" definition-exists="false" ipc-concordant="C06B31/16" c-set-base-allowed="false" c-set-subsequent-allowed="true" date-revised="2013-01-01" status="published"><classification-symbol>C06B31/16</classification-symbol><class-title date-revised="2013-01-01"><title-part><text>the compound being a nitrated toluene</text></title-part></class-title></classification-item>
<classification-item breakdown-code="false" not-allocatable="false" level="11" additional-only="false" sort-key="C06B31/18" definition-exists="false" ipc-concordant="C06B31/18" c-set-base-allowed="false" c-set-subsequent-allowed="true" date-revised="2013-01-01" status="published"><classification-symbol>C06B31/18</classification-symbol><class-title date-revised="2013-01-01"><title-part><text>the compound being a nitrated phenol, e.g. picric acid</text></title-part></class-title></classification-item></classification-item>
<classification-item breakdown-code="false" not-allocatable="false" level="10" additional-only="false" sort-key="C06B31/20" definition-exists="false" ipc-concordant="C06B31/20" c-set-base-allowed="false" c-set-subsequent-allowed="true" date-revised="2013-01-01" status="published"><classification-symbol>C06B31/20</classification-symbol><class-title date-revised="2013-01-01"><title-part><text>the compound being nitroglycerine</text></title-part></class-title></classification-item>
<classification-item breakdown-code="false" not-allocatable="false" level="10" additional-only="false" sort-key="C06B31/22" definition-exists="false" ipc-concordant="C06B31/22" c-set-base-allowed="false" c-set-subsequent-allowed="true" date-revised="2013-01-01" status="published"><classification-symbol>C06B31/22</classification-symbol><class-title date-revised="2013-01-01"><title-part><text>the compound being nitrocellulose</text></title-part></class-title>
<classification-item breakdown-code="false" not-allocatable="false" level="11" additional-only="false" sort-key="C06B31/24" definition-exists="false" ipc-concordant="C06B31/24" c-set-base-allowed="false" c-set-subsequent-allowed="true" date-revised="2013-01-01" status="published"><classification-symbol>C06B31/24</classification-symbol><class-title date-revised="2013-01-01"><title-part><text>with other explosive or thermic component</text></title-part></class-title>
<classification-item breakdown-code="false" not-allocatable="false" level="12" additional-only="false" sort-key="C06B31/26" definition-exists="false" ipc-concordant="C06B31/26" c-set-base-allowed="false" c-set-subsequent-allowed="true" date-revised="2013-01-01" status="published"><classification-symbol>C06B31/26</classification-symbol><class-title date-revised="2013-01-01"><title-part><text>the other component being nitroglycerine</text></title-part></class-title></classification-item></classification-item></classification-item></classification-item></classification-item>
<classification-item breakdown-code="false" not-allocatable="false" level="8" additional-only="false" sort-key="C06B31/28" definition-exists="true" ipc-concordant="C06B31/28" c-set-base-allowed="false" c-set-subsequent-allowed="true" date-revised="2013-01-01" status="published"><classification-symbol>C06B31/28</classification-symbol><class-title date-revised="2013-01-01"><title-part><text>the salt being ammonium nitrate</text></title-part></class-title>
<classification-item breakdown-code="false" not-allocatable="false" level="9" additional-only="false" sort-key="C06B31/285" definition-exists="true" ipc-concordant="C06B31/28" c-set-base-allowed="false" c-set-subsequent-allowed="true" date-revised="2013-01-01" status="published"><classification-symbol>C06B31/285</classification-symbol><class-title date-revised="2013-01-01"><title-part><CPC-specific-text><text>with fuel oil, e.g. ANFO-compositions</text></CPC-specific-text></title-part></class-title></classification-item>
<classification-item breakdown-code="false" not-allocatable="false" level="9" additional-only="false" sort-key="C06B31/30" definition-exists="true" ipc-concordant="C06B31/30" c-set-base-allowed="false" c-set-subsequent-allowed="true" date-revised="2013-01-01" status="published"><classification-symbol>C06B31/30</classification-symbol><class-title date-revised="2013-01-01"><title-part><text>with vegetable matter</text></title-part><title-part><text>with resin</text></title-part><title-part><text>with rubber</text></title-part></class-title></classification-item>
<classification-item breakdown-code="false" not-allocatable="false" level="9" additional-only="false" sort-key="C06B31/32" definition-exists="false" ipc-concordant="C06B31/32" c-set-base-allowed="false" c-set-subsequent-allowed="true" date-revised="2013-01-01" status="published"><classification-symbol>C06B31/32</classification-symbol><class-title date-revised="2013-01-01"><title-part><text>with a nitrated organic compound</text></title-part></class-title>
<classification-item breakdown-code="false" not-allocatable="false" level="10" additional-only="false" sort-key="C06B31/34" definition-exists="false" ipc-concordant="C06B31/34" c-set-base-allowed="false" c-set-subsequent-allowed="true" date-revised="2013-01-01" status="published"><classification-symbol>C06B31/34</classification-symbol><class-title date-revised="2013-01-01"><title-part><text>the nitrated compound being starch or sugar</text></title-part></class-title>
<classification-item breakdown-code="false" not-allocatable="false" level="11" additional-only="false" sort-key="C06B31/36" definition-exists="false" ipc-concordant="C06B31/36" c-set-base-allowed="false" c-set-subsequent-allowed="true" date-revised="2013-01-01" status="published"><classification-symbol>C06B31/36</classification-symbol><class-title date-revised="2013-01-01"><title-part><text>with other explosive or thermic component</text></title-part></class-title></classification-item></classification-item>
<classification-item breakdown-code="false" not-allocatable="false" level="10" additional-only="false" sort-key="C06B31/38" definition-exists="false" ipc-concordant="C06B31/38" c-set-base-allowed="false" c-set-subsequent-allowed="true" date-revised="2013-01-01" status="published"><classification-symbol>C06B31/38</classification-symbol><class-title date-revised="2013-01-01"><title-part><text>the nitrated compound being an aromatic</text></title-part></class-title>
<classification-item breakdown-code="false" not-allocatable="false" level="11" additional-only="false" sort-key="C06B31/40" definition-exists="false" ipc-concordant="C06B31/40" c-set-base-allowed="false" c-set-subsequent-allowed="true" date-revised="2013-01-01" status="published"><classification-symbol>C06B31/40</classification-symbol><class-title date-revised="2013-01-01"><title-part><text>with an organic non-explosive or an organic non-thermic component</text></title-part></class-title></classification-item>
<classification-item breakdown-code="false" not-allocatable="false" level="11" additional-only="false" sort-key="C06B31/42" definition-exists="false" ipc-concordant="C06B31/42" c-set-base-allowed="false" c-set-subsequent-allowed="true" date-revised="2013-01-01" status="published"><classification-symbol>C06B31/42</classification-symbol><class-title date-revised="2013-01-01"><title-part><text>with other explosive or thermic component</text></title-part></class-title></classification-item></classification-item>
<classification-item breakdown-code="false" not-allocatable="false" level="10" additional-only="false" sort-key="C06B31/44" definition-exists="false" ipc-concordant="C06B31/44" c-set-base-allowed="false" c-set-subsequent-allowed="true" date-revised="2013-01-01" status="published"><classification-symbol>C06B31/44</classification-symbol><class-title date-revised="2013-01-01"><title-part><text>the compound being nitroglycerine</text></title-part></class-title>
<classification-item breakdown-code="false" not-allocatable="false" level="11" additional-only="false" sort-key="C06B31/46" definition-exists="false" ipc-concordant="C06B31/46" c-set-base-allowed="false" c-set-subsequent-allowed="true" date-revised="2013-01-01" status="published"><classification-symbol>C06B31/46</classification-symbol><class-title date-revised="2013-01-01"><title-part><text>with a vegetable matter component, e.g. wood pulp, sawdust</text></title-part></class-title></classification-item>
<classification-item breakdown-code="false" not-allocatable="false" level="11" additional-only="false" sort-key="C06B31/48" definition-exists="false" ipc-concordant="C06B31/48" c-set-base-allowed="false" c-set-subsequent-allowed="true" date-revised="2013-01-01" status="published"><classification-symbol>C06B31/48</classification-symbol><class-title date-revised="2013-01-01"><title-part><text>with other explosive or thermic component</text></title-part></class-title>
<classification-item breakdown-code="false" not-allocatable="false" level="12" additional-only="false" sort-key="C06B31/50" definition-exists="false" ipc-concordant="C06B31/50" c-set-base-allowed="false" c-set-subsequent-allowed="true" date-revised="2013-01-01" status="published"><classification-symbol>C06B31/50</classification-symbol><class-title date-revised="2013-01-01"><title-part><text>the other component being a nitrated organic compound</text></title-part></class-title></classification-item></classification-item></classification-item>
<classification-item breakdown-code="false" not-allocatable="false" level="10" additional-only="false" sort-key="C06B31/52" definition-exists="false" ipc-concordant="C06B31/52" c-set-base-allowed="false" c-set-subsequent-allowed="true" date-revised="2013-01-01" status="published"><classification-symbol>C06B31/52</classification-symbol><class-title date-revised="2013-01-01"><title-part><text>the compound being nitrocellulose present as 10% or more by weight of the total composition</text></title-part></class-title>
<classification-item breakdown-code="false" not-allocatable="false" level="11" additional-only="false" sort-key="C06B31/54" definition-exists="false" ipc-concordant="C06B31/54" c-set-base-allowed="false" c-set-subsequent-allowed="true" date-revised="2013-01-01" status="published"><classification-symbol>C06B31/54</classification-symbol><class-title date-revised="2013-01-01"><title-part><text>with other nitrated organic compound</text></title-part></class-title></classification-item></classification-item>
<classification-item breakdown-code="false" not-allocatable="false" level="10" additional-only="false" sort-key="C06B31/56" definition-exists="false" ipc-concordant="C06B31/56" c-set-base-allowed="false" c-set-subsequent-allowed="true" date-revised="2017-08-01" status="published"><classification-symbol>C06B31/56</classification-symbol><class-title date-revised="2017-08-01"><title-part><text>the compound being nitrocellulose present as less than 10% by weight of the total composition</text></title-part></class-title></classification-item></classification-item></classification-item></classification-item>
<classification-item breakdown-code="false" not-allocatable="false" level="7" additional-only="false" sort-key="C06B33/00" definition-exists="true" ipc-concordant="C06B33/00" c-set-base-allowed="false" c-set-subsequent-allowed="true" date-revised="2013-01-01" status="published"><classification-symbol>C06B33/00</classification-symbol><class-title date-revised="2013-01-01"><title-part><text>Compositions containing particulate metal, alloy, boron, silicon, selenium or tellurium with at least one oxygen supplying material which is either a metal oxide or a salt, organic or inorganic, capable of yielding a metal oxide</text></title-part></class-title>
<classification-item breakdown-code="false" not-allocatable="false" level="8" additional-only="false" sort-key="C06B33/02" definition-exists="true" ipc-concordant="C06B33/02" c-set-base-allowed="false" c-set-subsequent-allowed="true" date-revised="2013-01-01" status="published"><classification-symbol>C06B33/02</classification-symbol><class-title date-revised="2013-01-01"><title-part><text>with an organic non-explosive or an organic non-thermic component</text></title-part></class-title></classification-item>
<classification-item breakdown-code="false" not-allocatable="false" level="8" additional-only="false" sort-key="C06B33/04" definition-exists="true" ipc-concordant="C06B33/04" c-set-base-allowed="false" c-set-subsequent-allowed="true" date-revised="2013-01-01" status="published"><classification-symbol>C06B33/04</classification-symbol><class-title date-revised="2013-01-01"><title-part><text>the material being an inorganic nitrogen-oxygen salt</text></title-part></class-title></classification-item>
<classification-item breakdown-code="false" not-allocatable="false" level="8" additional-only="false" sort-key="C06B33/06" definition-exists="true" ipc-concordant="C06B33/06" c-set-base-allowed="false" c-set-subsequent-allowed="true" date-revised="2013-01-01" status="published"><classification-symbol>C06B33/06</classification-symbol><class-title date-revised="2013-01-01"><title-part><text>the material being an inorganic oxygen-halogen salt</text></title-part></class-title></classification-item>
<classification-item breakdown-code="false" not-allocatable="false" level="8" additional-only="false" sort-key="C06B33/08" definition-exists="false" ipc-concordant="C06B33/08" c-set-base-allowed="false" c-set-subsequent-allowed="true" date-revised="2013-01-01" status="published"><classification-symbol>C06B33/08</classification-symbol><class-title date-revised="2013-01-01"><title-part><text>with a nitrated organic compound</text></title-part></class-title>
<classification-item breakdown-code="false" not-allocatable="false" level="9" additional-only="false" sort-key="C06B33/10" definition-exists="false" ipc-concordant="C06B33/10" c-set-base-allowed="false" c-set-subsequent-allowed="true" date-revised="2013-01-01" status="published"><classification-symbol>C06B33/10</classification-symbol><class-title date-revised="2013-01-01"><title-part><text>the compound being an aromatic</text></title-part></class-title></classification-item></classification-item>
<classification-item breakdown-code="false" not-allocatable="false" level="8" additional-only="false" sort-key="C06B33/12" definition-exists="true" ipc-concordant="C06B33/12" c-set-base-allowed="false" c-set-subsequent-allowed="true" date-revised="2013-01-01" status="published"><classification-symbol>C06B33/12</classification-symbol><class-title date-revised="2013-01-01"><title-part><text>the material being two or more oxygen-yielding compounds</text></title-part></class-title>
<classification-item breakdown-code="false" not-allocatable="false" level="9" additional-only="false" sort-key="C06B33/14" definition-exists="false" ipc-concordant="C06B33/14" c-set-base-allowed="false" c-set-subsequent-allowed="true" date-revised="2013-01-01" status="published"><classification-symbol>C06B33/14</classification-symbol><class-title date-revised="2013-01-01"><title-part><text>at least one being an inorganic nitrogen-oxygen salt</text></title-part></class-title></classification-item></classification-item></classification-item>
<classification-item breakdown-code="false" not-allocatable="false" level="7" additional-only="false" sort-key="C06B35/00" definition-exists="true" ipc-concordant="C06B35/00" c-set-base-allowed="false" c-set-subsequent-allowed="true" date-revised="2013-01-01" status="published"><classification-symbol>C06B35/00</classification-symbol><class-title date-revised="2013-01-01"><title-part><text>Compositions containing a metal azide</text></title-part></class-title></classification-item>
<classification-item breakdown-code="false" not-allocatable="false" level="7" additional-only="false" sort-key="C06B37/00" definition-exists="false" ipc-concordant="C06B37/00" c-set-base-allowed="false" c-set-subsequent-allowed="true" date-revised="2013-01-01" status="published"><classification-symbol>C06B37/00</classification-symbol><class-title date-revised="2013-01-01"><title-part><text>Compositions containing a metal fulminate</text></title-part></class-title>
<classification-item breakdown-code="false" not-allocatable="false" level="8" additional-only="false" sort-key="C06B37/02" definition-exists="false" ipc-concordant="C06B37/02" c-set-base-allowed="false" c-set-subsequent-allowed="true" date-revised="2013-01-01" status="published"><classification-symbol>C06B37/02</classification-symbol><class-title date-revised="2013-01-01"><title-part><text>with a nitrated organic compound or an inorganic oxygen-halogen salt</text></title-part></class-title></classification-item></classification-item>
<classification-item breakdown-code="false" not-allocatable="false" level="7" additional-only="false" sort-key="C06B39/00" definition-exists="false" ipc-concordant="C06B39/00" c-set-base-allowed="false" c-set-subsequent-allowed="true" date-revised="2013-01-01" status="published"><classification-symbol>C06B39/00</classification-symbol><class-title date-revised="2013-01-01"><title-part><text>Compositions containing free phosphorus or a binary compound of phosphorus, except with oxygen</text></title-part></class-title>
<classification-item breakdown-code="false" not-allocatable="false" level="8" additional-only="false" sort-key="C06B39/02" definition-exists="false" ipc-concordant="C06B39/02" c-set-base-allowed="false" c-set-subsequent-allowed="true" date-revised="2013-01-01" status="published"><classification-symbol>C06B39/02</classification-symbol><class-title date-revised="2013-01-01"><title-part><text>with an inorganic oxygen-halogen salt</text></title-part></class-title>
<classification-item breakdown-code="false" not-allocatable="false" level="9" additional-only="false" sort-key="C06B39/04" definition-exists="false" ipc-concordant="C06B39/04" c-set-base-allowed="false" c-set-subsequent-allowed="true" date-revised="2013-01-01" status="published"><classification-symbol>C06B39/04</classification-symbol><class-title date-revised="2013-01-01"><title-part><text>with a binary compound of phosphorus, except with oxygen</text></title-part></class-title></classification-item></classification-item>
<classification-item breakdown-code="false" not-allocatable="false" level="8" additional-only="false" sort-key="C06B39/06" definition-exists="true" ipc-concordant="C06B39/06" c-set-base-allowed="false" c-set-subsequent-allowed="true" date-revised="2013-01-01" status="published"><classification-symbol>C06B39/06</classification-symbol><class-title date-revised="2013-01-01"><title-part><text>with free metal, alloy, boron, silicon, selenium or tellurium</text></title-part></class-title></classification-item></classification-item>
<classification-item breakdown-code="false" not-allocatable="false" level="7" additional-only="false" sort-key="C06B41/00" definition-exists="false" ipc-concordant="C06B41/00" c-set-base-allowed="false" c-set-subsequent-allowed="true" date-revised="2013-01-01" status="published"><classification-symbol>C06B41/00</classification-symbol><class-title date-revised="2013-01-01"><title-part><text>Compositions containing a nitrated metallo-organic compound</text></title-part></class-title>
<classification-item breakdown-code="false" not-allocatable="false" level="8" additional-only="false" sort-key="C06B41/02" definition-exists="false" ipc-concordant="C06B41/02" c-set-base-allowed="false" c-set-subsequent-allowed="true" date-revised="2013-01-01" status="published"><classification-symbol>C06B41/02</classification-symbol><class-title date-revised="2013-01-01"><title-part><text>the compound containing lead</text></title-part></class-title>
<classification-item breakdown-code="false" not-allocatable="false" level="9" additional-only="false" sort-key="C06B41/04" definition-exists="false" ipc-concordant="C06B41/04" c-set-base-allowed="false" c-set-subsequent-allowed="true" date-revised="2013-01-01" status="published"><classification-symbol>C06B41/04</classification-symbol><class-title date-revised="2013-01-01"><title-part><text>with an organic explosive or an organic thermic component</text></title-part></class-title>
<classification-item breakdown-code="false" not-allocatable="false" level="10" additional-only="false" sort-key="C06B41/06" definition-exists="false" ipc-concordant="C06B41/06" c-set-base-allowed="false" c-set-subsequent-allowed="true" date-revised="2013-01-01" status="published"><classification-symbol>C06B41/06</classification-symbol><class-title date-revised="2013-01-01"><title-part><text>with an inorganic explosive or an inorganic thermic component</text></title-part></class-title></classification-item></classification-item>
<classification-item breakdown-code="false" not-allocatable="false" level="9" additional-only="false" sort-key="C06B41/08" definition-exists="true" ipc-concordant="C06B41/08" c-set-base-allowed="false" c-set-subsequent-allowed="true" date-revised="2013-01-01" status="published"><classification-symbol>C06B41/08</classification-symbol><class-title date-revised="2013-01-01"><title-part><text>with a metal azide or a metal fulminate</text></title-part></class-title></classification-item>
<classification-item breakdown-code="false" not-allocatable="false" level="9" additional-only="false" sort-key="C06B41/10" definition-exists="false" ipc-concordant="C06B41/10" c-set-base-allowed="false" c-set-subsequent-allowed="true" date-revised="2013-01-01" status="published"><classification-symbol>C06B41/10</classification-symbol><class-title date-revised="2013-01-01"><title-part><text>with other nitrated metallo-organic compound</text></title-part></class-title></classification-item></classification-item></classification-item>
<classification-item breakdown-code="false" not-allocatable="false" level="7" additional-only="false" sort-key="C06B43/00" definition-exists="true" ipc-concordant="C06B43/00" c-set-base-allowed="false" c-set-subsequent-allowed="true" date-revised="2017-08-01" status="published"><classification-symbol>C06B43/00</classification-symbol><class-title date-revised="2017-08-01"><title-part><text>Compositions characterised by explosive or thermic constituents not provided for in groups <class-ref scheme="cpc">C06B25/00</class-ref>&#160;-&#160;<class-ref scheme="cpc">C06B41/00</class-ref></text></title-part></class-title></classification-item>
<classification-item breakdown-code="false" not-allocatable="false" level="7" additional-only="false" sort-key="C06B45/00" definition-exists="true" ipc-concordant="C06B45/00" c-set-base-allowed="false" c-set-subsequent-allowed="true" date-revised="2013-01-01" status="published"><classification-symbol>C06B45/00</classification-symbol><class-title date-revised="2013-01-01"><title-part><text>Compositions or products which are defined by structure or arrangement of component of product </text><reference><text>explosive charges of particular form or shape <class-ref scheme="cpc">F42B1/00</class-ref>, <class-ref scheme="cpc">F42B3/00</class-ref></text></reference></title-part></class-title>
<classification-item breakdown-code="false" not-allocatable="false" level="8" additional-only="false" sort-key="C06B45/02" definition-exists="false" ipc-concordant="C06B45/02" c-set-base-allowed="false" c-set-subsequent-allowed="true" date-revised="2013-01-01" status="published"><classification-symbol>C06B45/02</classification-symbol><class-title date-revised="2013-01-01"><title-part><text>comprising particles of diverse size or shape</text></title-part></class-title></classification-item>
<classification-item breakdown-code="false" not-allocatable="false" level="8" additional-only="false" sort-key="C06B45/04" definition-exists="true" ipc-concordant="C06B45/04" c-set-base-allowed="false" c-set-subsequent-allowed="true" date-revised="2013-01-01" status="published"><classification-symbol>C06B45/04</classification-symbol><class-title date-revised="2013-01-01"><title-part><text>comprising solid particles dispersed in solid solution or matrix </text><CPC-specific-text><text>not used for explosives where the matrix consists essentially of nitrated carbohydrates or a low molecular organic explosive</text></CPC-specific-text></title-part></class-title>
<classification-item breakdown-code="false" not-allocatable="false" level="9" additional-only="false" sort-key="C06B45/06" definition-exists="false" ipc-concordant="C06B45/06" c-set-base-allowed="false" c-set-subsequent-allowed="true" date-revised="2013-01-01" status="published"><classification-symbol>C06B45/06</classification-symbol><class-title date-revised="2013-01-01"><title-part><text>the solid solution or matrix containing an organic component</text></title-part></class-title>
<classification-item breakdown-code="false" not-allocatable="false" level="10" additional-only="false" sort-key="C06B45/08" definition-exists="false" ipc-concordant="C06B45/08" c-set-base-allowed="false" c-set-subsequent-allowed="true" date-revised="2017-02-01" status="published"><classification-symbol>C06B45/08</classification-symbol><class-title date-revised="2017-02-01"><title-part><text>the dispersed solid containing an inorganic explosive or an inorganic thermic component</text></title-part></class-title></classification-item>
<classification-item breakdown-code="false" not-allocatable="false" level="10" additional-only="false" sort-key="C06B45/10" definition-exists="true" ipc-concordant="C06B45/10" c-set-base-allowed="false" c-set-subsequent-allowed="true" date-revised="2013-01-01" status="published"><classification-symbol>C06B45/10</classification-symbol><class-title date-revised="2013-01-01"><title-part><text>the organic component containing a resin</text></title-part></class-title>
<classification-item breakdown-code="false" not-allocatable="false" level="11" additional-only="false" sort-key="C06B45/105" definition-exists="false" ipc-concordant="C06B45/10" c-set-base-allowed="false" c-set-subsequent-allowed="true" date-revised="2013-01-01" status="published"><classification-symbol>C06B45/105</classification-symbol><class-title date-revised="2013-01-01"><title-part><CPC-specific-text><text>The resin being a polymer bearing energetic groups or containing a soluble organic explosive</text></CPC-specific-text></title-part></class-title></classification-item></classification-item></classification-item></classification-item>
<classification-item breakdown-code="false" not-allocatable="false" level="8" additional-only="false" sort-key="C06B45/12" definition-exists="true" ipc-concordant="C06B45/12" c-set-base-allowed="false" c-set-subsequent-allowed="true" date-revised="2013-01-01" status="published"><classification-symbol>C06B45/12</classification-symbol><class-title date-revised="2013-01-01"><title-part><text>having contiguous layers or zones</text></title-part></class-title>
<classification-item breakdown-code="false" not-allocatable="false" level="9" additional-only="false" sort-key="C06B45/14" definition-exists="false" ipc-concordant="C06B45/14" c-set-base-allowed="false" c-set-subsequent-allowed="true" date-revised="2013-01-01" status="published"><classification-symbol>C06B45/14</classification-symbol><class-title date-revised="2013-01-01"><title-part><text>a layer or zone containing an inorganic explosive or an inorganic explosive or an inorganic thermic component</text></title-part></class-title>
<classification-item breakdown-code="false" not-allocatable="false" level="10" additional-only="false" sort-key="C06B45/16" definition-exists="false" ipc-concordant="C06B45/16" c-set-base-allowed="false" c-set-subsequent-allowed="true" date-revised="2013-01-01" status="published"><classification-symbol>C06B45/16</classification-symbol><class-title date-revised="2013-01-01"><title-part><text>the layer or zone containing at least one inorganic component from the group of azide, fulminate, phosphorus and phosphide</text></title-part></class-title></classification-item></classification-item></classification-item>
<classification-item breakdown-code="false" not-allocatable="false" level="8" additional-only="false" sort-key="C06B45/18" definition-exists="true" ipc-concordant="C06B45/18" c-set-base-allowed="false" c-set-subsequent-allowed="true" date-revised="2013-01-01" status="published"><classification-symbol>C06B45/18</classification-symbol><class-title date-revised="2013-01-01"><title-part><text>comprising a coated component </text><reference><text>particles dispersed in a matrix <class-ref scheme="cpc">C06B45/04</class-ref>; coated explosive charges <class-ref scheme="cpc">F42B</class-ref></text></reference></title-part></class-title>
<classification-item breakdown-code="false" not-allocatable="false" level="9" additional-only="false" sort-key="C06B45/20" definition-exists="false" ipc-concordant="C06B45/20" c-set-base-allowed="false" c-set-subsequent-allowed="true" date-revised="2013-01-01" status="published"><classification-symbol>C06B45/20</classification-symbol><class-title date-revised="2013-01-01"><title-part><text>the component base containing an organic explosive or an organic thermic component</text></title-part></class-title>
<classification-item breakdown-code="false" not-allocatable="false" level="10" additional-only="false" sort-key="C06B45/22" definition-exists="false" ipc-concordant="C06B45/22" c-set-base-allowed="false" c-set-subsequent-allowed="true" date-revised="2013-01-01" status="published"><classification-symbol>C06B45/22</classification-symbol><class-title date-revised="2013-01-01"><title-part><text>the coating containing an organic compound</text></title-part></class-title>
<classification-item breakdown-code="false" not-allocatable="false" level="11" additional-only="false" sort-key="C06B45/24" definition-exists="false" ipc-concordant="C06B45/24" c-set-base-allowed="false" c-set-subsequent-allowed="true" date-revised="2013-01-01" status="published"><classification-symbol>C06B45/24</classification-symbol><class-title date-revised="2013-01-01"><title-part><text>the compound being an organic explosive or an organic thermic component</text></title-part></class-title>
<classification-item breakdown-code="false" not-allocatable="false" level="12" additional-only="false" sort-key="C06B45/26" definition-exists="false" ipc-concordant="C06B45/26" c-set-base-allowed="false" c-set-subsequent-allowed="true" date-revised="2013-01-01" status="published"><classification-symbol>C06B45/26</classification-symbol><class-title date-revised="2013-01-01"><title-part><text>the compound being a nitrated toluene</text></title-part></class-title></classification-item></classification-item></classification-item>
<classification-item breakdown-code="false" not-allocatable="false" level="10" additional-only="false" sort-key="C06B45/28" definition-exists="false" ipc-concordant="C06B45/28" c-set-base-allowed="false" c-set-subsequent-allowed="true" date-revised="2013-01-01" status="published"><classification-symbol>C06B45/28</classification-symbol><class-title date-revised="2013-01-01"><title-part><text>the component base containing nitrocellulose and nitroglycerine</text></title-part></class-title></classification-item></classification-item>
<classification-item breakdown-code="false" not-allocatable="false" level="9" additional-only="false" sort-key="C06B45/30" definition-exists="true" ipc-concordant="C06B45/30" c-set-base-allowed="false" c-set-subsequent-allowed="true" date-revised="2013-01-01" status="published"><classification-symbol>C06B45/30</classification-symbol><class-title date-revised="2013-01-01"><title-part><text>the component base containing an inorganic explosive or an inorganic thermic component</text></title-part></class-title>
<classification-item breakdown-code="false" not-allocatable="false" level="10" additional-only="false" sort-key="C06B45/32" definition-exists="false" ipc-concordant="C06B45/32" c-set-base-allowed="false" c-set-subsequent-allowed="true" date-revised="2013-01-01" status="published"><classification-symbol>C06B45/32</classification-symbol><class-title date-revised="2013-01-01"><title-part><text>the coating containing an organic compound</text></title-part></class-title>
<classification-item breakdown-code="false" not-allocatable="false" level="11" additional-only="false" sort-key="C06B45/34" definition-exists="false" ipc-concordant="C06B45/34" c-set-base-allowed="false" c-set-subsequent-allowed="true" date-revised="2013-01-01" status="published"><classification-symbol>C06B45/34</classification-symbol><class-title date-revised="2013-01-01"><title-part><text>the compound being an organic explosive or an organic thermic component</text></title-part></class-title></classification-item></classification-item></classification-item>
<classification-item breakdown-code="false" not-allocatable="false" level="9" additional-only="false" sort-key="C06B45/36" definition-exists="false" ipc-concordant="C06B45/36" c-set-base-allowed="false" c-set-subsequent-allowed="true" date-revised="2013-01-01" status="published"><classification-symbol>C06B45/36</classification-symbol><class-title date-revised="2013-01-01"><title-part><text>the component base containing both an organic explosive or thermic component and an inorganic explosive or thermic component</text></title-part></class-title></classification-item></classification-item></classification-item>
<classification-item breakdown-code="false" not-allocatable="false" level="7" additional-only="false" sort-key="C06B47/00" definition-exists="true" ipc-concordant="C06B47/00" c-set-base-allowed="false" c-set-subsequent-allowed="true" date-revised="2016-02-01" status="published"><classification-symbol>C06B47/00</classification-symbol><class-title date-revised="2016-02-01"><title-part><text>Compositions in which the components are separately stored until the moment of burning or explosion, e.g. &quot;Sprengel&quot;-type explosives</text></title-part><title-part><text>Suspensions of solid component in a normally non-explosive liquid phase, including a thickened aqueous phase</text></title-part></class-title><notes-and-warnings><note type="note"><note-paragraph><CPC-specific-note>This group also covers emulsion type explosives in which a solid component is not compulsory</CPC-specific-note></note-paragraph></note></notes-and-warnings>
<classification-item breakdown-code="false" not-allocatable="false" level="8" additional-only="false" sort-key="C06B47/02" definition-exists="false" ipc-concordant="C06B47/02" c-set-base-allowed="false" c-set-subsequent-allowed="true" date-revised="2017-08-01" status="published"><classification-symbol>C06B47/02</classification-symbol><class-title date-revised="2017-08-01"><title-part><text>the components comprising a binary propellant</text></title-part></class-title>
<classification-item breakdown-code="false" not-allocatable="false" level="9" additional-only="false" sort-key="C06B47/04" definition-exists="false" ipc-concordant="C06B47/04" c-set-base-allowed="false" c-set-subsequent-allowed="true" date-revised="2013-01-01" status="published"><classification-symbol>C06B47/04</classification-symbol><class-title date-revised="2013-01-01"><title-part><text>a component containing a nitrogen oxide or acid thereof</text></title-part></class-title></classification-item>
<classification-item breakdown-code="false" not-allocatable="false" level="9" additional-only="false" sort-key="C06B47/06" definition-exists="true" ipc-concordant="C06B47/06" c-set-base-allowed="false" c-set-subsequent-allowed="true" date-revised="2013-01-01" status="published"><classification-symbol>C06B47/06</classification-symbol><class-title date-revised="2013-01-01"><title-part><text>a component being a liquefied normally gaseous material supplying oxygen </text><reference><text><class-ref scheme="cpc">C06B47/04</class-ref> takes precedence</text></reference></title-part></class-title></classification-item>
<classification-item breakdown-code="false" not-allocatable="false" level="9" additional-only="false" sort-key="C06B47/08" definition-exists="false" ipc-concordant="C06B47/08" c-set-base-allowed="false" c-set-subsequent-allowed="true" date-revised="2013-01-01" status="published"><classification-symbol>C06B47/08</classification-symbol><class-title date-revised="2013-01-01"><title-part><text>a component containing hydrazine or a hydrazine derivative</text></title-part></class-title></classification-item>
<classification-item breakdown-code="false" not-allocatable="false" level="9" additional-only="false" sort-key="C06B47/10" definition-exists="true" ipc-concordant="C06B47/10" c-set-base-allowed="false" c-set-subsequent-allowed="true" date-revised="2013-01-01" status="published"><classification-symbol>C06B47/10</classification-symbol><class-title date-revised="2013-01-01"><title-part><text>a component containing free boron, an organic borane or a binary compound of boron, except with oxygen</text></title-part></class-title></classification-item>
<classification-item breakdown-code="false" not-allocatable="false" level="9" additional-only="false" sort-key="C06B47/12" definition-exists="false" ipc-concordant="C06B47/12" c-set-base-allowed="false" c-set-subsequent-allowed="true" date-revised="2013-01-01" status="published"><classification-symbol>C06B47/12</classification-symbol><class-title date-revised="2013-01-01"><title-part><text>a component being a liquefied normally gaseous fuel</text></title-part></class-title></classification-item></classification-item>
<classification-item breakdown-code="false" not-allocatable="false" level="8" additional-only="false" sort-key="C06B47/14" definition-exists="false" ipc-concordant="C06B47/14" c-set-base-allowed="false" c-set-subsequent-allowed="true" date-revised="2013-01-01" status="published"><classification-symbol>C06B47/14</classification-symbol><class-title date-revised="2013-01-01"><title-part><text>comprising a solid component and an aqueous phase</text></title-part></class-title>
<classification-item breakdown-code="false" not-allocatable="false" level="9" additional-only="false" sort-key="C06B47/145" definition-exists="true" ipc-concordant="C06B47/14" c-set-base-allowed="false" c-set-subsequent-allowed="true" date-revised="2013-01-01" status="published"><classification-symbol>C06B47/145</classification-symbol><class-title date-revised="2013-01-01"><title-part><CPC-specific-text><text>Water in oil emulsion type explosives in which a carbonaceous fuel forms the continuous phase</text></CPC-specific-text></title-part></class-title></classification-item></classification-item></classification-item>
<classification-item breakdown-code="false" not-allocatable="false" level="7" additional-only="false" sort-key="C06B49/00" definition-exists="true" ipc-concordant="C06B49/00" c-set-base-allowed="false" c-set-subsequent-allowed="true" date-revised="2013-01-01" status="published"><classification-symbol>C06B49/00</classification-symbol><class-title date-revised="2013-01-01"><title-part><text>Use of single substances as explosives</text></title-part></class-title></classification-item></classification-item></classification-item></class-scheme>