<?xml version="1.0" encoding="UTF-8"?>
<class-scheme publication-date="2021-05-01" scheme-type="cpc" publication-type="official">
<classification-item breakdown-code="false" not-allocatable="true" level="5" additional-only="false" sort-key="C10F" definition-exists="true" date-revised="2018-08-01" status="published"><classification-symbol>C10F</classification-symbol><class-title date-revised="2013-01-01"><title-part><text>DRYING OR WORKING-UP OF PEAT</text></title-part></class-title><notes-and-warnings><note type="warning"><note-paragraph>In this subclass non-limiting references (in the sense of paragraph 39 of the Guide to the IPC) may still be displayed in the scheme.</note-paragraph></note></notes-and-warnings>
<classification-item breakdown-code="false" not-allocatable="true" level="6" additional-only="false" sort-key="C10F5/00" date-revised="2013-01-01" status="published"><classification-symbol>C10F5/00</classification-symbol>
<classification-item breakdown-code="false" not-allocatable="false" level="7" additional-only="false" sort-key="C10F5/00" definition-exists="false" ipc-concordant="C10F5/00" c-set-base-allowed="false" c-set-subsequent-allowed="true" date-revised="2013-01-01" status="published"><classification-symbol>C10F5/00</classification-symbol><class-title date-revised="2013-01-01"><title-part><text>Drying or de-watering peat </text><reference><text>drying in general <class-ref scheme="cpc">F26B</class-ref></text></reference></title-part></class-title>
<classification-item breakdown-code="false" not-allocatable="false" level="8" additional-only="false" sort-key="C10F5/02" definition-exists="false" ipc-concordant="C10F5/02" c-set-base-allowed="false" c-set-subsequent-allowed="true" date-revised="2013-01-01" status="published"><classification-symbol>C10F5/02</classification-symbol><class-title date-revised="2013-01-01"><title-part><text>in the field</text></title-part><title-part><text>Auxiliary means therefor</text></title-part></class-title></classification-item>
<classification-item breakdown-code="false" not-allocatable="false" level="8" additional-only="false" sort-key="C10F5/04" definition-exists="false" ipc-concordant="C10F5/04" c-set-base-allowed="false" c-set-subsequent-allowed="true" date-revised="2013-01-01" status="published"><classification-symbol>C10F5/04</classification-symbol><class-title date-revised="2013-01-01"><title-part><text>by using presses, handpresses, rolls, or centrifuges </text><reference><text>moulding <class-ref scheme="cpc">C10F7/04</class-ref></text></reference></title-part></class-title></classification-item>
<classification-item breakdown-code="false" not-allocatable="false" level="8" additional-only="false" sort-key="C10F5/06" definition-exists="false" ipc-concordant="C10F5/06" c-set-base-allowed="false" c-set-subsequent-allowed="true" date-revised="2013-01-01" status="published"><classification-symbol>C10F5/06</classification-symbol><class-title date-revised="2013-01-01"><title-part><text>combined with a carbonisation step for producing turfcoal</text></title-part></class-title></classification-item></classification-item>
<classification-item breakdown-code="false" not-allocatable="false" level="7" additional-only="false" sort-key="C10F7/00" definition-exists="false" ipc-concordant="C10F7/00" c-set-base-allowed="false" c-set-subsequent-allowed="true" date-revised="2013-01-01" status="published"><classification-symbol>C10F7/00</classification-symbol><class-title date-revised="2013-01-01"><title-part><text>Working-up peat </text><reference><text>extracting wax from peat <class-ref scheme="cpc">C10G</class-ref></text></reference></title-part></class-title>
<classification-item breakdown-code="false" not-allocatable="false" level="8" additional-only="false" sort-key="C10F7/02" definition-exists="false" ipc-concordant="C10F7/02" c-set-base-allowed="false" c-set-subsequent-allowed="true" date-revised="2013-01-01" status="published"><classification-symbol>C10F7/02</classification-symbol><class-title date-revised="2013-01-01"><title-part><text>Disintegrating peat </text><reference><text>obtaining fibres from peat <class-ref scheme="cpc">D01B1/50</class-ref></text></reference></title-part></class-title></classification-item>
<classification-item breakdown-code="false" not-allocatable="false" level="8" additional-only="false" sort-key="C10F7/04" definition-exists="false" ipc-concordant="C10F7/04" c-set-base-allowed="false" c-set-subsequent-allowed="true" date-revised="2013-01-01" status="published"><classification-symbol>C10F7/04</classification-symbol><class-title date-revised="2013-01-01"><title-part><text>by moulding</text></title-part></class-title>
<classification-item breakdown-code="false" not-allocatable="false" level="9" additional-only="false" sort-key="C10F7/06" definition-exists="false" ipc-concordant="C10F7/06" c-set-base-allowed="false" c-set-subsequent-allowed="true" date-revised="2017-08-01" status="published"><classification-symbol>C10F7/06</classification-symbol><class-title date-revised="2017-08-01"><title-part><text>Briquetting</text></title-part></class-title></classification-item></classification-item>
<classification-item breakdown-code="false" not-allocatable="false" level="8" additional-only="false" sort-key="C10F7/08" definition-exists="false" ipc-concordant="C10F7/08" c-set-base-allowed="false" c-set-subsequent-allowed="true" date-revised="2013-01-01" status="published"><classification-symbol>C10F7/08</classification-symbol><class-title date-revised="2013-01-01"><title-part><text>by extrusion combined with cutting</text></title-part></class-title></classification-item></classification-item></classification-item></classification-item></class-scheme>