<?xml version="1.0" encoding="UTF-8"?>
<class-scheme publication-date="2021-05-01" scheme-type="cpc" publication-type="official">
<classification-item breakdown-code="false" not-allocatable="true" level="5" additional-only="false" sort-key="C12L" definition-exists="true" date-revised="2013-01-01" status="published"><classification-symbol>C12L</classification-symbol><class-title date-revised="2013-01-01"><title-part><text>PITCHING OR DEPITCHING MACHINES</text></title-part><title-part><text>CELLAR TOOLS </text><reference><text>cleaning of casks <class-ref scheme="cpc">B08B9/00</class-ref></text></reference></title-part></class-title>
<classification-item breakdown-code="false" not-allocatable="true" level="6" additional-only="false" sort-key="C12L3/00" date-revised="2013-01-01" status="published"><classification-symbol>C12L3/00</classification-symbol>
<classification-item breakdown-code="false" not-allocatable="false" level="7" additional-only="false" sort-key="C12L3/00" definition-exists="true" ipc-concordant="C12L3/00" c-set-base-allowed="false" c-set-subsequent-allowed="true" date-revised="2013-01-01" status="published"><classification-symbol>C12L3/00</classification-symbol><class-title date-revised="2013-01-01"><title-part><text>Pitching or depitching machines</text></title-part></class-title></classification-item>
<classification-item breakdown-code="false" not-allocatable="false" level="7" additional-only="false" sort-key="C12L9/00" definition-exists="true" ipc-concordant="C12L9/00" c-set-base-allowed="false" c-set-subsequent-allowed="true" date-revised="2013-01-01" status="published"><classification-symbol>C12L9/00</classification-symbol><class-title date-revised="2013-01-01"><title-part><text>Venting devices for casks, barrels, or the like</text></title-part></class-title></classification-item>
<classification-item breakdown-code="false" not-allocatable="false" level="7" additional-only="false" sort-key="C12L11/00" definition-exists="true" ipc-concordant="C12L11/00" c-set-base-allowed="false" c-set-subsequent-allowed="true" date-revised="2013-01-01" status="published"><classification-symbol>C12L11/00</classification-symbol><class-title date-revised="2013-01-01"><title-part><text>Cellar tools</text></title-part></class-title></classification-item></classification-item></classification-item></class-scheme>