<?xml version="1.0" encoding="UTF-8"?>
<class-scheme publication-date="2021-05-01" scheme-type="cpc" publication-type="official">
<classification-item breakdown-code="false" not-allocatable="true" level="5" additional-only="false" sort-key="A23N" definition-exists="true" date-revised="2018-08-01" status="published"><classification-symbol>A23N</classification-symbol><class-title date-revised="2013-01-01"><title-part><text>MACHINES OR APPARATUS FOR TREATING HARVESTED FRUIT, VEGETABLES OR FLOWER BULBS IN BULK, NOT OTHERWISE PROVIDED FOR</text></title-part><title-part><text>PEELING VEGETABLES OR FRUIT IN BULK</text></title-part><title-part><text>APPARATUS FOR PREPARING ANIMAL FEEDING- STUFFS </text><reference><text>machines for cutting straw or fodder <class-ref scheme="cpc">A01F29/00</class-ref>; disintegrating, e.g. shredding, <class-ref scheme="cpc">B02C</class-ref>; severing, e.g. cutting, splitting, slicing <class-ref scheme="cpc">B26B</class-ref>, <class-ref scheme="cpc">B26D</class-ref></text></reference></title-part></class-title><notes-and-warnings><note type="warning"><note-paragraph>In this subclass non-limiting references (in the sense of paragraph 39 of the Guide to the IPC) may still be displayed in the scheme.</note-paragraph></note></notes-and-warnings>
<classification-item breakdown-code="false" not-allocatable="true" level="6" additional-only="false" sort-key="A23N1/00" date-revised="2013-01-01" status="published"><classification-symbol>A23N1/00</classification-symbol>
<classification-item breakdown-code="false" not-allocatable="false" level="7" additional-only="false" sort-key="A23N1/00" definition-exists="true" ipc-concordant="A23N1/00" c-set-base-allowed="false" c-set-subsequent-allowed="true" date-revised="2013-01-01" status="published"><classification-symbol>A23N1/00</classification-symbol><class-title date-revised="2013-01-01"><title-part><text>Machines or apparatus for extracting juice </text><reference><text>preparation of non-alcoholic beverages, e.g. by adding ingredients to fruit or vegetable juices, <class-ref scheme="cpc">A23L2/00</class-ref>; apparatus for making beverages <class-ref scheme="cpc">A47J31/00</class-ref> </text><CPC-specific-text><text>centrifuges <class-ref scheme="cpc">B04B</class-ref></text></CPC-specific-text><text>; extracting presses <class-ref scheme="cpc">B30B</class-ref></text></reference></title-part></class-title>
<classification-item breakdown-code="false" not-allocatable="false" level="8" additional-only="false" sort-key="A23N1/003" definition-exists="true" ipc-concordant="A23N1/00" c-set-base-allowed="false" c-set-subsequent-allowed="true" date-revised="2013-01-01" status="published"><classification-symbol>A23N1/003</classification-symbol><class-title date-revised="2013-01-01"><title-part><CPC-specific-text><text>especially for citrus fruits</text></CPC-specific-text></title-part></class-title></classification-item>
<classification-item breakdown-code="false" not-allocatable="false" level="8" additional-only="false" sort-key="A23N1/006" definition-exists="false" ipc-concordant="A23N1/00" c-set-base-allowed="false" c-set-subsequent-allowed="true" date-revised="2013-01-01" status="published"><classification-symbol>A23N1/006</classification-symbol><class-title date-revised="2013-01-01"><title-part><CPC-specific-text><text>by electroplasmolysis </text><reference><text>preserving of fruit or vegetables by electroplasmolytic treatment <class-ref scheme="cpc">A23B7/015</class-ref></text></reference></CPC-specific-text></title-part></class-title></classification-item>
<classification-item breakdown-code="false" not-allocatable="false" level="8" additional-only="false" sort-key="A23N1/02" definition-exists="false" ipc-concordant="A23N1/02" c-set-base-allowed="false" c-set-subsequent-allowed="true" date-revised="2013-01-01" status="published"><classification-symbol>A23N1/02</classification-symbol><class-title date-revised="2013-01-01"><title-part><text>combined with disintegrating or cutting</text></title-part></class-title></classification-item></classification-item>
<classification-item breakdown-code="false" not-allocatable="false" level="7" additional-only="false" sort-key="A23N3/00" definition-exists="true" ipc-concordant="A23N3/00" c-set-base-allowed="false" c-set-subsequent-allowed="true" date-revised="2017-08-01" status="published"><classification-symbol>A23N3/00</classification-symbol><class-title date-revised="2017-08-01"><title-part><text>Machines for coring or stoning fruit, characterised by their feeding device </text><reference><text><class-ref scheme="cpc">A23N4/00</class-ref> takes precedence </text><CPC-specific-text><text>; kitchen devices for stoning fruit <class-ref scheme="cpc">A47J25/00</class-ref></text></CPC-specific-text></reference></title-part></class-title>
<classification-item breakdown-code="false" not-allocatable="false" level="8" additional-only="false" sort-key="A23N3/02" definition-exists="true" ipc-concordant="A23N3/02" c-set-base-allowed="false" c-set-subsequent-allowed="true" date-revised="2013-01-01" status="published"><classification-symbol>A23N3/02</classification-symbol><class-title date-revised="2013-01-01"><title-part><text>with feeder-drums</text></title-part></class-title></classification-item>
<classification-item breakdown-code="false" not-allocatable="false" level="8" additional-only="false" sort-key="A23N3/04" definition-exists="true" ipc-concordant="A23N3/04" c-set-base-allowed="false" c-set-subsequent-allowed="true" date-revised="2013-01-01" status="published"><classification-symbol>A23N3/04</classification-symbol><class-title date-revised="2013-01-01"><title-part><text>with endless feeder-belts</text></title-part></class-title></classification-item>
<classification-item breakdown-code="false" not-allocatable="false" level="8" additional-only="false" sort-key="A23N3/06" definition-exists="true" ipc-concordant="A23N3/06" c-set-base-allowed="false" c-set-subsequent-allowed="true" date-revised="2013-01-01" status="published"><classification-symbol>A23N3/06</classification-symbol><class-title date-revised="2013-01-01"><title-part><text>with feeder-tables</text></title-part></class-title></classification-item></classification-item>
<classification-item breakdown-code="false" not-allocatable="false" level="7" additional-only="false" sort-key="A23N4/00" definition-exists="true" ipc-concordant="A23N4/00" c-set-base-allowed="false" c-set-subsequent-allowed="true" date-revised="2013-01-01" status="published"><classification-symbol>A23N4/00</classification-symbol><class-title date-revised="2013-01-01"><title-part><text>Machines for stoning fruit or removing seed-containing sections from fruit, characterised by their stoning or removing device </text><reference><text>for peeling fruit and removing seed-containing sections <class-ref scheme="cpc">A23N7/08</class-ref>; domestic devices for stoning fruit <class-ref scheme="cpc">A47J23/00</class-ref>, for coring fruit <class-ref scheme="cpc">A47J25/00</class-ref></text></reference></title-part></class-title>
<classification-item breakdown-code="false" not-allocatable="false" level="8" additional-only="false" sort-key="A23N4/02" definition-exists="true" ipc-concordant="A23N4/02" c-set-base-allowed="false" c-set-subsequent-allowed="true" date-revised="2013-01-01" status="published"><classification-symbol>A23N4/02</classification-symbol><class-title date-revised="2013-01-01"><title-part><text>for stoning fruit</text></title-part></class-title>
<classification-item breakdown-code="false" not-allocatable="false" level="9" additional-only="false" sort-key="A23N4/04" definition-exists="false" ipc-concordant="A23N4/04" c-set-base-allowed="false" c-set-subsequent-allowed="true" date-revised="2013-01-01" status="published"><classification-symbol>A23N4/04</classification-symbol><class-title date-revised="2013-01-01"><title-part><text>for peaches, plums, apricots or the like</text></title-part></class-title></classification-item>
<classification-item breakdown-code="false" not-allocatable="false" level="9" additional-only="false" sort-key="A23N4/06" definition-exists="false" ipc-concordant="A23N4/06" c-set-base-allowed="false" c-set-subsequent-allowed="true" date-revised="2013-01-01" status="published"><classification-symbol>A23N4/06</classification-symbol><class-title date-revised="2013-01-01"><title-part><text>for cherries or the like </text><reference><text><class-ref scheme="cpc">A23N4/04</class-ref> takes precedence</text></reference></title-part></class-title></classification-item>
<classification-item breakdown-code="false" not-allocatable="false" level="9" additional-only="false" sort-key="A23N4/08" definition-exists="false" ipc-concordant="A23N4/08" c-set-base-allowed="false" c-set-subsequent-allowed="true" date-revised="2013-01-01" status="published"><classification-symbol>A23N4/08</classification-symbol><class-title date-revised="2013-01-01"><title-part><text>for dates, olives or the like oblong fruits</text></title-part></class-title>
<classification-item breakdown-code="false" not-allocatable="false" level="10" additional-only="false" sort-key="A23N4/085" definition-exists="false" ipc-concordant="A23N4/08" c-set-base-allowed="false" c-set-subsequent-allowed="true" date-revised="2013-01-01" status="published"><classification-symbol>A23N4/085</classification-symbol><class-title date-revised="2013-01-01"><title-part><CPC-specific-text><text>for olives</text></CPC-specific-text></title-part></class-title></classification-item></classification-item>
<classification-item breakdown-code="false" not-allocatable="false" level="9" additional-only="false" sort-key="A23N4/10" definition-exists="false" ipc-concordant="A23N4/10" c-set-base-allowed="false" c-set-subsequent-allowed="true" date-revised="2013-01-01" status="published"><classification-symbol>A23N4/10</classification-symbol><class-title date-revised="2013-01-01"><title-part><text>for fruit with very small pips, e.g. raisins</text></title-part></class-title></classification-item></classification-item>
<classification-item breakdown-code="false" not-allocatable="false" level="8" additional-only="false" sort-key="A23N4/12" definition-exists="true" ipc-concordant="A23N4/12" c-set-base-allowed="false" c-set-subsequent-allowed="true" date-revised="2013-01-01" status="published"><classification-symbol>A23N4/12</classification-symbol><class-title date-revised="2013-01-01"><title-part><text>for coring fruit </text><CPC-specific-text><reference><text>for household appliances <class-ref scheme="cpc">B26B</class-ref></text></reference></CPC-specific-text></title-part></class-title>
<classification-item breakdown-code="false" not-allocatable="false" level="9" additional-only="false" sort-key="A23N4/14" definition-exists="false" ipc-concordant="A23N4/14" c-set-base-allowed="false" c-set-subsequent-allowed="true" date-revised="2013-01-01" status="published"><classification-symbol>A23N4/14</classification-symbol><class-title date-revised="2013-01-01"><title-part><text>for apples, pears or the like</text></title-part></class-title></classification-item>
<classification-item breakdown-code="false" not-allocatable="false" level="9" additional-only="false" sort-key="A23N4/16" definition-exists="false" ipc-concordant="A23N4/16" c-set-base-allowed="false" c-set-subsequent-allowed="true" date-revised="2013-01-01" status="published"><classification-symbol>A23N4/16</classification-symbol><class-title date-revised="2013-01-01"><title-part><text>for tomatoes or the like</text></title-part></class-title></classification-item>
<classification-item breakdown-code="false" not-allocatable="false" level="9" additional-only="false" sort-key="A23N4/18" definition-exists="false" ipc-concordant="A23N4/18" c-set-base-allowed="false" c-set-subsequent-allowed="true" date-revised="2013-01-01" status="published"><classification-symbol>A23N4/18</classification-symbol><class-title date-revised="2013-01-01"><title-part><text>for citrus fruits</text></title-part></class-title></classification-item>
<classification-item breakdown-code="false" not-allocatable="false" level="9" additional-only="false" sort-key="A23N4/20" definition-exists="false" ipc-concordant="A23N4/20" c-set-base-allowed="false" c-set-subsequent-allowed="true" date-revised="2013-01-01" status="published"><classification-symbol>A23N4/20</classification-symbol><class-title date-revised="2013-01-01"><title-part><text>for pineapples</text></title-part></class-title></classification-item></classification-item>
<classification-item breakdown-code="false" not-allocatable="false" level="8" additional-only="false" sort-key="A23N4/22" definition-exists="false" ipc-concordant="A23N4/22" c-set-base-allowed="false" c-set-subsequent-allowed="true" date-revised="2013-01-01" status="published"><classification-symbol>A23N4/22</classification-symbol><class-title date-revised="2013-01-01"><title-part><text>for both splitting and stoning</text></title-part></class-title></classification-item>
<classification-item breakdown-code="false" not-allocatable="false" level="8" additional-only="false" sort-key="A23N4/24" definition-exists="false" ipc-concordant="A23N4/24" c-set-base-allowed="false" c-set-subsequent-allowed="true" date-revised="2013-01-01" status="published"><classification-symbol>A23N4/24</classification-symbol><class-title date-revised="2013-01-01"><title-part><text>for removing seed-containing sections from cut fruit </text><CPC-specific-text><reference><text>material in <class-ref scheme="cpc">A23N4/12</class-ref></text></reference></CPC-specific-text></title-part></class-title></classification-item></classification-item>
<classification-item breakdown-code="false" not-allocatable="false" level="7" additional-only="false" sort-key="A23N5/00" definition-exists="true" ipc-concordant="A23N5/00" c-set-base-allowed="false" c-set-subsequent-allowed="true" date-revised="2013-01-01" status="published"><classification-symbol>A23N5/00</classification-symbol><class-title date-revised="2013-01-01"><title-part><text>Machines for hulling, husking or cracking nuts </text><CPC-specific-text><reference><text>household nutcrackers <class-ref scheme="cpc">A47J43/26</class-ref></text></reference></CPC-specific-text></title-part></class-title>
<classification-item breakdown-code="false" not-allocatable="false" level="8" additional-only="false" sort-key="A23N5/002" definition-exists="false" ipc-concordant="A23N5/00" c-set-base-allowed="false" c-set-subsequent-allowed="true" date-revised="2013-01-01" status="published"><classification-symbol>A23N5/002</classification-symbol><class-title date-revised="2013-01-01"><title-part><CPC-specific-text><text>for skinning nut kernels</text></CPC-specific-text></title-part></class-title></classification-item>
<classification-item breakdown-code="false" not-allocatable="false" level="8" additional-only="false" sort-key="A23N5/004" definition-exists="true" ipc-concordant="A23N5/00" c-set-base-allowed="false" c-set-subsequent-allowed="true" date-revised="2013-01-01" status="published"><classification-symbol>A23N5/004</classification-symbol><class-title date-revised="2013-01-01"><title-part><CPC-specific-text><text>for palmnuts </text><reference><text><class-ref scheme="cpc">A23N5/002</class-ref> and <class-ref scheme="cpc">A23N5/08</class-ref> take precedence</text></reference></CPC-specific-text></title-part></class-title></classification-item>
<classification-item breakdown-code="false" not-allocatable="false" level="8" additional-only="false" sort-key="A23N5/006" definition-exists="true" ipc-concordant="A23N5/00" c-set-base-allowed="false" c-set-subsequent-allowed="true" date-revised="2013-01-01" status="published"><classification-symbol>A23N5/006</classification-symbol><class-title date-revised="2013-01-01"><title-part><CPC-specific-text><text>for chestnuts </text><reference><text><class-ref scheme="cpc">A23N5/002</class-ref> and <class-ref scheme="cpc">A23N5/08</class-ref> take precedence</text></reference></CPC-specific-text></title-part></class-title></classification-item>
<classification-item breakdown-code="false" not-allocatable="false" level="8" additional-only="false" sort-key="A23N5/008" definition-exists="true" ipc-concordant="A23N5/00" c-set-base-allowed="false" c-set-subsequent-allowed="true" date-revised="2013-01-01" status="published"><classification-symbol>A23N5/008</classification-symbol><class-title date-revised="2013-01-01"><title-part><CPC-specific-text><text>for almonds </text><reference><text><class-ref scheme="cpc">A23N5/002</class-ref> and <class-ref scheme="cpc">A23N5/08</class-ref> take precedence</text></reference></CPC-specific-text></title-part></class-title></classification-item>
<classification-item breakdown-code="false" not-allocatable="false" level="8" additional-only="false" sort-key="A23N5/01" definition-exists="false" ipc-concordant="A23N5/01" c-set-base-allowed="false" c-set-subsequent-allowed="true" date-revised="2013-01-01" status="published"><classification-symbol>A23N5/01</classification-symbol><class-title date-revised="2013-01-01"><title-part><text>for peanuts</text></title-part></class-title></classification-item>
<classification-item breakdown-code="false" not-allocatable="false" level="8" additional-only="false" sort-key="A23N5/03" definition-exists="false" ipc-concordant="A23N5/03" c-set-base-allowed="false" c-set-subsequent-allowed="true" date-revised="2013-01-01" status="published"><classification-symbol>A23N5/03</classification-symbol><class-title date-revised="2013-01-01"><title-part><text>for coconuts </text><reference><text><class-ref scheme="cpc">A23N5/08</class-ref> takes precedence</text></reference></title-part></class-title></classification-item>
<classification-item breakdown-code="false" not-allocatable="false" level="8" additional-only="false" sort-key="A23N5/08" definition-exists="true" ipc-concordant="A23N5/08" c-set-base-allowed="false" c-set-subsequent-allowed="true" date-revised="2013-01-01" status="published"><classification-symbol>A23N5/08</classification-symbol><class-title date-revised="2013-01-01"><title-part><text>for removing fleshy or fibrous hulls of nuts </text><reference><text>for peanuts <class-ref scheme="cpc">A23N5/01</class-ref></text></reference></title-part></class-title></classification-item></classification-item>
<classification-item breakdown-code="false" not-allocatable="false" level="7" additional-only="false" sort-key="A23N7/00" definition-exists="true" ipc-concordant="A23N7/00" c-set-base-allowed="false" c-set-subsequent-allowed="true" date-revised="2013-01-01" status="published"><classification-symbol>A23N7/00</classification-symbol><class-title date-revised="2013-01-01"><title-part><text>Peeling vegetables or fruit </text><reference><text>devices for skinning onions <class-ref scheme="cpc">A23N15/08</class-ref>; </text><CPC-specific-text><text>peeling by non-mechanical means <class-ref scheme="cpc">A23P</class-ref></text></CPC-specific-text><text>; peeling machines of the household type <class-ref scheme="cpc">A47J17/00</class-ref></text></reference></title-part></class-title>
<classification-item breakdown-code="false" not-allocatable="false" level="8" additional-only="false" sort-key="A23N7/002" definition-exists="true" ipc-concordant="A23N7/00" c-set-base-allowed="false" c-set-subsequent-allowed="true" date-revised="2013-01-01" status="published"><classification-symbol>A23N7/002</classification-symbol><class-title date-revised="2013-01-01"><title-part><CPC-specific-text><text>Peeling pinaeapples </text><reference><text><class-ref scheme="cpc">A23N7/005</class-ref> and <class-ref scheme="cpc">A23N7/01</class-ref> take precedence</text></reference></CPC-specific-text></title-part></class-title></classification-item>
<classification-item breakdown-code="false" not-allocatable="false" level="8" additional-only="false" sort-key="A23N7/005" definition-exists="false" ipc-concordant="A23N7/00" c-set-base-allowed="false" c-set-subsequent-allowed="true" date-revised="2013-01-01" status="published"><classification-symbol>A23N7/005</classification-symbol><class-title date-revised="2013-01-01"><title-part><CPC-specific-text><text>Peeling with steam</text></CPC-specific-text></title-part></class-title></classification-item>
<classification-item breakdown-code="true" not-allocatable="false" level="8" additional-only="true" sort-key="A23N7/007" definition-exists="false" ipc-concordant="A23N7/00" c-set-base-allowed="false" c-set-subsequent-allowed="true" date-revised="2013-01-01" status="published"><classification-symbol>A23N2007/007</classification-symbol><class-title date-revised="2013-01-01"><title-part><CPC-specific-text><text>Brush rollers for peeling fruit or vegetables</text></CPC-specific-text></title-part></class-title></classification-item>
<classification-item breakdown-code="false" not-allocatable="false" level="8" additional-only="false" sort-key="A23N7/01" definition-exists="false" ipc-concordant="A23N7/01" c-set-base-allowed="false" c-set-subsequent-allowed="true" date-revised="2016-11-01" status="published"><classification-symbol>A23N7/01</classification-symbol><class-title date-revised="2016-11-01"><title-part><text>using chemical substances, e.g. lye</text></title-part></class-title></classification-item>
<classification-item breakdown-code="false" not-allocatable="false" level="8" additional-only="false" sort-key="A23N7/02" definition-exists="true" ipc-concordant="A23N7/02" c-set-base-allowed="false" c-set-subsequent-allowed="true" date-revised="2013-01-01" status="published"><classification-symbol>A23N7/02</classification-symbol><class-title date-revised="2013-01-01"><title-part><text>Peeling potatoes, apples or similarly shaped vegetables or fruit </text><reference><CPC-specific-text><text><class-ref scheme="cpc">A23N7/005</class-ref> and</text></CPC-specific-text><text> <class-ref scheme="cpc">A23N7/01</class-ref> take precedence</text></reference></title-part></class-title>
<classification-item breakdown-code="false" not-allocatable="false" level="9" additional-only="false" sort-key="A23N7/023" definition-exists="false" ipc-concordant="A23N7/02" c-set-base-allowed="false" c-set-subsequent-allowed="true" date-revised="2013-01-01" status="published"><classification-symbol>A23N7/023</classification-symbol><class-title date-revised="2013-01-01"><title-part><CPC-specific-text><text>one by one</text></CPC-specific-text></title-part></class-title>
<classification-item breakdown-code="false" not-allocatable="false" level="10" additional-only="false" sort-key="A23N7/026" definition-exists="false" ipc-concordant="A23N7/02" c-set-base-allowed="false" c-set-subsequent-allowed="true" date-revised="2013-01-01" status="published"><classification-symbol>A23N7/026</classification-symbol><class-title date-revised="2013-01-01"><title-part><CPC-specific-text><text>Peeling machines therefor with rotary fruit holding spindles and fixed or movable peeler blades</text></CPC-specific-text></title-part></class-title></classification-item></classification-item></classification-item>
<classification-item breakdown-code="false" not-allocatable="false" level="8" additional-only="false" sort-key="A23N7/04" definition-exists="true" ipc-concordant="A23N7/04" c-set-base-allowed="false" c-set-subsequent-allowed="true" date-revised="2013-01-01" status="published"><classification-symbol>A23N7/04</classification-symbol><class-title date-revised="2013-01-01"><title-part><text>Peeling asparagus </text><reference><CPC-specific-text><text><class-ref scheme="cpc">A23N7/005</class-ref> and</text></CPC-specific-text><text> <class-ref scheme="cpc">A23N7/01</class-ref> take precedence</text></reference></title-part></class-title></classification-item>
<classification-item breakdown-code="false" not-allocatable="false" level="8" additional-only="false" sort-key="A23N7/08" definition-exists="false" ipc-concordant="A23N7/08" c-set-base-allowed="false" c-set-subsequent-allowed="true" date-revised="2013-01-01" status="published"><classification-symbol>A23N7/08</classification-symbol><class-title date-revised="2013-01-01"><title-part><text>for peeling fruit and removing seed-containing sections</text></title-part></class-title></classification-item>
<classification-item breakdown-code="false" not-allocatable="false" level="8" additional-only="false" sort-key="A23N7/10" definition-exists="true" ipc-concordant="A23N7/10" c-set-base-allowed="false" c-set-subsequent-allowed="true" date-revised="2013-01-01" status="published"><classification-symbol>A23N7/10</classification-symbol><class-title date-revised="2013-01-01"><title-part><text>Driving mechanisms</text></title-part></class-title></classification-item></classification-item>
<classification-item breakdown-code="false" not-allocatable="false" level="7" additional-only="false" sort-key="A23N11/00" definition-exists="true" ipc-concordant="A23N11/00" c-set-base-allowed="false" c-set-subsequent-allowed="true" date-revised="2013-01-01" status="published"><classification-symbol>A23N11/00</classification-symbol><class-title date-revised="2013-01-01"><title-part><text>Removing pith from stems</text></title-part></class-title></classification-item>
<classification-item breakdown-code="false" not-allocatable="false" level="7" additional-only="false" sort-key="A23N12/00" definition-exists="true" ipc-concordant="A23N12/00" c-set-base-allowed="false" c-set-subsequent-allowed="true" date-revised="2013-01-01" status="published"><classification-symbol>A23N12/00</classification-symbol><class-title date-revised="2013-01-01"><title-part><text>Machines for cleaning, blanching, drying or roasting fruits or vegetables, e.g. coffee, cocoa, nuts </text><reference><text>methods for treating, e.g. roasting, coffee or cocoa, <class-ref scheme="cpc">A23F</class-ref>, <class-ref scheme="cpc">A23G</class-ref>; cleaning, e.g. washing, or drying grain <class-ref scheme="cpc">B02B1/00</class-ref>; separating solids from solids for cleaning <class-ref scheme="cpc">B07B</class-ref>; cleaning in general <class-ref scheme="cpc">B08B</class-ref>; heating devices <u>per se</u>, <u>see</u> the relevant classes, e.g. <class-ref scheme="cpc">F24</class-ref>; drying machines in general <class-ref scheme="cpc">F26B</class-ref></text></reference></title-part></class-title>
<classification-item breakdown-code="false" not-allocatable="false" level="8" additional-only="false" sort-key="A23N12/005" definition-exists="false" ipc-concordant="A23N12/00" c-set-base-allowed="false" c-set-subsequent-allowed="true" date-revised="2013-01-01" status="published"><classification-symbol>A23N12/005</classification-symbol><class-title date-revised="2013-01-01"><title-part><CPC-specific-text><text>for dry-cleaning</text></CPC-specific-text></title-part></class-title></classification-item>
<classification-item breakdown-code="false" not-allocatable="false" level="8" additional-only="false" sort-key="A23N12/02" definition-exists="true" ipc-concordant="A23N12/02" c-set-base-allowed="false" c-set-subsequent-allowed="true" date-revised="2013-01-01" status="published"><classification-symbol>A23N12/02</classification-symbol><class-title date-revised="2013-01-01"><title-part><text>for washing or blanching </text><reference><text><class-ref scheme="cpc">A23N12/06</class-ref> takes precedence; blanching methods <class-ref scheme="cpc">A23B7/06</class-ref></text></reference></title-part></class-title>
<classification-item breakdown-code="false" not-allocatable="false" level="9" additional-only="false" sort-key="A23N12/023" definition-exists="false" ipc-concordant="A23N12/02" c-set-base-allowed="false" c-set-subsequent-allowed="true" date-revised="2013-01-01" status="published"><classification-symbol>A23N12/023</classification-symbol><class-title date-revised="2013-01-01"><title-part><CPC-specific-text><text>for washing potatoes, apples or similarly shaped vegetables or fruit </text><reference><text>washing grain <class-ref scheme="cpc">B02B1/04</class-ref></text></reference></CPC-specific-text></title-part></class-title>
<classification-item breakdown-code="false" not-allocatable="false" level="10" additional-only="false" sort-key="A23N12/026" definition-exists="false" ipc-concordant="A23N12/02" c-set-base-allowed="false" c-set-subsequent-allowed="true" date-revised="2013-01-01" status="published"><classification-symbol>A23N12/026</classification-symbol><class-title date-revised="2013-01-01"><title-part><CPC-specific-text><text>Stone-gatherers or cleaning devices for the washing machines</text></CPC-specific-text></title-part></class-title></classification-item></classification-item>
<classification-item breakdown-code="false" not-allocatable="false" level="9" additional-only="false" sort-key="A23N12/04" definition-exists="true" ipc-concordant="A23N12/04" c-set-base-allowed="false" c-set-subsequent-allowed="true" date-revised="2013-01-01" status="published"><classification-symbol>A23N12/04</classification-symbol><class-title date-revised="2013-01-01"><title-part><text>for blanching</text></title-part></class-title></classification-item></classification-item>
<classification-item breakdown-code="false" not-allocatable="false" level="8" additional-only="false" sort-key="A23N12/06" definition-exists="false" ipc-concordant="A23N12/06" c-set-base-allowed="false" c-set-subsequent-allowed="true" date-revised="2013-01-01" status="published"><classification-symbol>A23N12/06</classification-symbol><class-title date-revised="2013-01-01"><title-part><text>for washing or blanching, combined with subsequent drying</text></title-part></class-title></classification-item>
<classification-item breakdown-code="false" not-allocatable="false" level="8" additional-only="false" sort-key="A23N12/08" definition-exists="true" ipc-concordant="A23N12/08" c-set-base-allowed="false" c-set-subsequent-allowed="true" date-revised="2013-01-01" status="published"><classification-symbol>A23N12/08</classification-symbol><class-title date-revised="2013-01-01"><title-part><text>for drying or roasting </text><reference><text><class-ref scheme="cpc">A23N12/06</class-ref> takes precedence</text></reference></title-part></class-title>
<classification-item breakdown-code="false" not-allocatable="false" level="9" additional-only="false" sort-key="A23N12/083" definition-exists="false" ipc-concordant="A23N12/08" c-set-base-allowed="false" c-set-subsequent-allowed="true" date-revised="2013-01-01" status="published"><classification-symbol>A23N12/083</classification-symbol><class-title date-revised="2013-01-01"><title-part><CPC-specific-text><text>with stirring, vibrating or grinding devices</text></CPC-specific-text></title-part></class-title></classification-item>
<classification-item breakdown-code="false" not-allocatable="false" level="9" additional-only="false" sort-key="A23N12/086" definition-exists="false" ipc-concordant="A23N12/08" c-set-base-allowed="false" c-set-subsequent-allowed="true" date-revised="2013-01-01" status="published"><classification-symbol>A23N12/086</classification-symbol><class-title date-revised="2013-01-01"><title-part><CPC-specific-text><text>with centrifuging devices</text></CPC-specific-text></title-part></class-title></classification-item>
<classification-item breakdown-code="false" not-allocatable="false" level="9" additional-only="false" sort-key="A23N12/10" definition-exists="false" ipc-concordant="A23N12/10" c-set-base-allowed="false" c-set-subsequent-allowed="true" date-revised="2013-01-01" status="published"><classification-symbol>A23N12/10</classification-symbol><class-title date-revised="2013-01-01"><title-part><text>Rotary roasters</text></title-part></class-title></classification-item>
<classification-item breakdown-code="false" not-allocatable="false" level="9" additional-only="false" sort-key="A23N12/12" definition-exists="false" ipc-concordant="A23N12/12" c-set-base-allowed="false" c-set-subsequent-allowed="true" date-revised="2013-01-01" status="published"><classification-symbol>A23N12/12</classification-symbol><class-title date-revised="2013-01-01"><title-part><text>Auxiliary devices for roasting machines</text></title-part></class-title>
<classification-item breakdown-code="false" not-allocatable="false" level="10" additional-only="false" sort-key="A23N12/125" definition-exists="false" ipc-concordant="A23N12/12" c-set-base-allowed="false" c-set-subsequent-allowed="true" date-revised="2013-01-01" status="published"><classification-symbol>A23N12/125</classification-symbol><class-title date-revised="2013-01-01"><title-part><CPC-specific-text><text>Accessories or details</text></CPC-specific-text></title-part></class-title></classification-item></classification-item></classification-item></classification-item>
<classification-item breakdown-code="false" not-allocatable="false" level="7" additional-only="false" sort-key="A23N15/00" definition-exists="true" ipc-concordant="A23N15/00" c-set-base-allowed="false" c-set-subsequent-allowed="true" date-revised="2013-01-01" status="published"><classification-symbol>A23N15/00</classification-symbol><class-title date-revised="2013-01-01"><title-part><text>Machines or apparatus for other treatment of fruits or vegetables for human purposes</text></title-part><title-part><text>Machines or apparatus for topping or skinning flower bulbs </text><CPC-specific-text><reference><text>treatment of coffee, other than drying or roasting <class-ref scheme="cpc">A23F</class-ref>; treatment of cocoa <class-ref scheme="cpc">A23G1/02</class-ref></text></reference></CPC-specific-text></title-part></class-title>
<classification-item breakdown-code="false" not-allocatable="false" level="8" additional-only="false" sort-key="A23N15/001" definition-exists="false" ipc-concordant="A23N15/00" c-set-base-allowed="false" c-set-subsequent-allowed="true" date-revised="2013-01-01" status="published"><classification-symbol>A23N15/001</classification-symbol><class-title date-revised="2013-01-01"><title-part><CPC-specific-text><text>for trimming artichokes</text></CPC-specific-text></title-part></class-title></classification-item>
<classification-item breakdown-code="false" not-allocatable="false" level="8" additional-only="false" sort-key="A23N15/003" definition-exists="false" ipc-concordant="A23N15/00" c-set-base-allowed="false" c-set-subsequent-allowed="true" date-revised="2013-01-01" status="published"><classification-symbol>A23N15/003</classification-symbol><class-title date-revised="2013-01-01"><title-part><CPC-specific-text><text>for trimming cauliflowers, broccoli or cabbages</text></CPC-specific-text></title-part></class-title></classification-item>
<classification-item breakdown-code="false" not-allocatable="false" level="8" additional-only="false" sort-key="A23N15/005" definition-exists="false" ipc-concordant="A23N15/00" c-set-base-allowed="false" c-set-subsequent-allowed="true" date-revised="2013-01-01" status="published"><classification-symbol>A23N15/005</classification-symbol><class-title date-revised="2013-01-01"><title-part><CPC-specific-text><text>for pricking peas or beans</text></CPC-specific-text></title-part></class-title></classification-item>
<classification-item breakdown-code="true" not-allocatable="false" level="8" additional-only="true" sort-key="A23N15/006" definition-exists="false" ipc-concordant="A23N15/00" c-set-base-allowed="false" c-set-subsequent-allowed="true" date-revised="2013-01-01" status="published"><classification-symbol>A23N2015/006</classification-symbol><class-title date-revised="2013-01-01"><title-part><CPC-specific-text><text>Singularising cherries or other clustered fruit and vegetables</text></CPC-specific-text></title-part></class-title></classification-item>
<classification-item breakdown-code="true" not-allocatable="false" level="8" additional-only="true" sort-key="A23N15/008" definition-exists="false" ipc-concordant="A23N15/00" c-set-base-allowed="false" c-set-subsequent-allowed="true" date-revised="2013-01-01" status="published"><classification-symbol>A23N2015/008</classification-symbol><class-title date-revised="2013-01-01"><title-part><CPC-specific-text><text>Sorting of fruit and vegetables</text></CPC-specific-text></title-part></class-title></classification-item>
<classification-item breakdown-code="false" not-allocatable="false" level="8" additional-only="false" sort-key="A23N15/01" definition-exists="false" ipc-concordant="A23N15/01" c-set-base-allowed="false" c-set-subsequent-allowed="true" date-revised="2013-01-01" status="published"><classification-symbol>A23N15/01</classification-symbol><class-title date-revised="2013-01-01"><title-part><text>for stripping Brussels&apos; sprouts from stalks</text></title-part></class-title></classification-item>
<classification-item breakdown-code="false" not-allocatable="false" level="8" additional-only="false" sort-key="A23N15/02" definition-exists="true" ipc-concordant="A23N15/02" c-set-base-allowed="false" c-set-subsequent-allowed="true" date-revised="2013-01-01" status="published"><classification-symbol>A23N15/02</classification-symbol><class-title date-revised="2013-01-01"><title-part><text>for stemming, piercing, or stripping fruit </text><CPC-specific-text><reference><text>for household appliances <class-ref scheme="cpc">A47J21/00</class-ref></text></reference></CPC-specific-text></title-part><title-part><text>Removing sprouts of potatoes</text></title-part></class-title>
<classification-item breakdown-code="false" not-allocatable="false" level="9" additional-only="false" sort-key="A23N15/025" definition-exists="false" ipc-concordant="A23N15/02" c-set-base-allowed="false" c-set-subsequent-allowed="true" date-revised="2013-01-01" status="published"><classification-symbol>A23N15/025</classification-symbol><class-title date-revised="2013-01-01"><title-part><CPC-specific-text><text>for stemming grapes</text></CPC-specific-text></title-part></class-title></classification-item></classification-item>
<classification-item breakdown-code="false" not-allocatable="false" level="8" additional-only="false" sort-key="A23N15/04" definition-exists="true" ipc-concordant="A23N15/04" c-set-base-allowed="false" c-set-subsequent-allowed="true" date-revised="2013-01-01" status="published"><classification-symbol>A23N15/04</classification-symbol><class-title date-revised="2013-01-01"><title-part><text>Devices for topping fruit or vegetables </text><reference><text>topping onions <class-ref scheme="cpc">A23N15/08</class-ref></text></reference></title-part></class-title>
<classification-item breakdown-code="false" not-allocatable="false" level="9" additional-only="false" sort-key="A23N15/045" definition-exists="false" ipc-concordant="A23N15/04" c-set-base-allowed="false" c-set-subsequent-allowed="true" date-revised="2013-01-01" status="published"><classification-symbol>A23N15/045</classification-symbol><class-title date-revised="2013-01-01"><title-part><CPC-specific-text><text>Devices for topping mushrooms</text></CPC-specific-text></title-part></class-title></classification-item></classification-item>
<classification-item breakdown-code="false" not-allocatable="false" level="8" additional-only="false" sort-key="A23N15/06" definition-exists="true" ipc-concordant="A23N15/06" c-set-base-allowed="false" c-set-subsequent-allowed="true" date-revised="2016-08-01" status="published"><classification-symbol>A23N15/06</classification-symbol><class-title date-revised="2016-08-01"><title-part><text>Devices for other treatment of fruit, e.g. marking, maturing, polishing</text></title-part></class-title></classification-item>
<classification-item breakdown-code="false" not-allocatable="false" level="8" additional-only="false" sort-key="A23N15/08" definition-exists="true" ipc-concordant="A23N15/08" c-set-base-allowed="false" c-set-subsequent-allowed="true" date-revised="2013-01-01" status="published"><classification-symbol>A23N15/08</classification-symbol><class-title date-revised="2013-01-01"><title-part><text>Devices for topping or skinning onions or flower bulbs</text></title-part></class-title></classification-item>
<classification-item breakdown-code="false" not-allocatable="false" level="8" additional-only="false" sort-key="A23N15/10" definition-exists="true" ipc-concordant="A23N15/10" c-set-base-allowed="false" c-set-subsequent-allowed="true" date-revised="2013-01-01" status="published"><classification-symbol>A23N15/10</classification-symbol><class-title date-revised="2013-01-01"><title-part><text>for shelling peas or beans</text></title-part></class-title></classification-item>
<classification-item breakdown-code="false" not-allocatable="false" level="8" additional-only="false" sort-key="A23N15/12" definition-exists="false" ipc-concordant="A23N15/12" c-set-base-allowed="false" c-set-subsequent-allowed="true" date-revised="2013-01-01" status="published"><classification-symbol>A23N15/12</classification-symbol><class-title date-revised="2013-01-01"><title-part><text>for snipping or stringing beans</text></title-part></class-title></classification-item></classification-item>
<classification-item breakdown-code="false" not-allocatable="false" level="7" additional-only="false" sort-key="A23N17/00" definition-exists="true" ipc-concordant="A23N17/00" c-set-base-allowed="false" c-set-subsequent-allowed="true" date-revised="2013-01-01" status="published"><classification-symbol>A23N17/00</classification-symbol><class-title date-revised="2013-01-01"><title-part><text>Apparatus specially adapted for preparing animal feeding-stuffs </text><CPC-specific-text><reference><text>automatic devices for the distribution of liquid fodder for stock or game <class-ref scheme="cpc">A01K5/0216</class-ref>; sucking apparatus for young stock <class-ref scheme="cpc">A01K9/00</class-ref></text></reference></CPC-specific-text></title-part></class-title>
<classification-item breakdown-code="false" not-allocatable="false" level="8" additional-only="false" sort-key="A23N17/001" definition-exists="true" ipc-concordant="A23N17/00" c-set-base-allowed="false" c-set-subsequent-allowed="true" date-revised="2016-05-01" status="published"><classification-symbol>A23N17/001</classification-symbol><class-title date-revised="2016-05-01"><title-part><CPC-specific-text><text>by treating with chemicals, e.g. ammoniac, sodium hydroxide </text><reference><text>processes <class-ref scheme="cpc">A23K10/32</class-ref></text></reference></CPC-specific-text></title-part></class-title></classification-item>
<classification-item breakdown-code="false" not-allocatable="false" level="8" additional-only="false" sort-key="A23N17/002" definition-exists="true" ipc-concordant="A23N17/00" c-set-base-allowed="false" c-set-subsequent-allowed="true" date-revised="2013-01-01" status="published"><classification-symbol>A23N17/002</classification-symbol><class-title date-revised="2013-01-01"><title-part><CPC-specific-text><text>for treating of meat, fish waste or the like</text></CPC-specific-text></title-part></class-title></classification-item>
<classification-item breakdown-code="false" not-allocatable="false" level="8" additional-only="false" sort-key="A23N17/004" definition-exists="true" ipc-concordant="A23N17/00" c-set-base-allowed="false" c-set-subsequent-allowed="true" date-revised="2013-01-01" status="published"><classification-symbol>A23N17/004</classification-symbol><class-title date-revised="2013-01-01"><title-part><CPC-specific-text><text>for treating by application of heat, e.g. by means of potato cookers </text><reference><text>drying <class-ref scheme="cpc">F26B</class-ref></text></reference></CPC-specific-text></title-part></class-title></classification-item>
<classification-item breakdown-code="false" not-allocatable="false" level="8" additional-only="false" sort-key="A23N17/005" definition-exists="true" ipc-concordant="A23N17/00" c-set-base-allowed="false" c-set-subsequent-allowed="true" date-revised="2016-05-01" status="published"><classification-symbol>A23N17/005</classification-symbol><class-title date-revised="2016-05-01"><title-part><CPC-specific-text><text>for shaping by moulding, extrusion, pressing, e.g. pellet-mills </text><reference><text>processes <class-ref scheme="cpc">A23K40/00</class-ref>; presses in general <class-ref scheme="cpc">B30B</class-ref></text></reference></CPC-specific-text></title-part></class-title></classification-item>
<classification-item breakdown-code="false" not-allocatable="false" level="8" additional-only="false" sort-key="A23N17/007" definition-exists="true" ipc-concordant="A23N17/00" c-set-base-allowed="false" c-set-subsequent-allowed="true" date-revised="2013-01-01" status="published"><classification-symbol>A23N17/007</classification-symbol><class-title date-revised="2013-01-01"><title-part><CPC-specific-text><text>for mixing feeding-stuff components</text></CPC-specific-text></title-part></class-title></classification-item>
<classification-item breakdown-code="false" not-allocatable="false" level="8" additional-only="false" sort-key="A23N17/008" definition-exists="false" ipc-concordant="A23N17/00" c-set-base-allowed="false" c-set-subsequent-allowed="true" date-revised="2013-01-01" status="published"><classification-symbol>A23N17/008</classification-symbol><class-title date-revised="2013-01-01"><title-part><CPC-specific-text><text>for treating of silage, e.g. upgrading with water</text></CPC-specific-text></title-part></class-title></classification-item>
<classification-item breakdown-code="false" not-allocatable="false" level="8" additional-only="false" sort-key="A23N17/02" definition-exists="true" ipc-concordant="A23N17/02" c-set-base-allowed="false" c-set-subsequent-allowed="true" date-revised="2013-01-01" status="published"><classification-symbol>A23N17/02</classification-symbol><class-title date-revised="2013-01-01"><title-part><text>Fodder mashers </text><reference><text>household implements for mashing potatoes or other foodstuffs <class-ref scheme="cpc">A47J19/04</class-ref></text></reference></title-part></class-title></classification-item></classification-item></classification-item></classification-item></class-scheme>